clip_name,clip_stem,behavior_class,target_seat_id,scenario_id,window_index,window_start_frame,window_end_frame,window_start_sec,window_end_sec,mid_frame_idx,mid_time_sec,selected_person_idx,seat_mapped_person_idx_mid,selected_matches_mid_mapping,selected_visible_midframe,num_detected_midframe,window_label_7,window_label_binary,active_overlap,active_start_sec,active_end_sec,segment_source,manual_key,video_path,image_path,review_status,target_correct,notes
PN01_passing_note_take01.mp4,PN01_passing_note_take01,passing_note,A1,PN01,0,0,74,0,2.961540001,37,1.48077,0,0,TRUE,TRUE,8,normal,normal,0,4.002081082,8.004162164,manual_clip,PN01_passing_note_take01,/home/sagemaker-user/exam_proctoring_dataset/02_clips/passing_note/PN01_passing_note_take01.mp4,images/PN01_passing_note_take01/win_000_midframe_0037.jpg,correct,,
PN01_passing_note_take01.mp4,PN01_passing_note_take01,passing_note,A1,PN01,1,24,98,0.96049946,3.922039461,61,2.44126946,0,0,TRUE,TRUE,8,normal,normal,0,4.002081082,8.004162164,manual_clip,PN01_passing_note_take01,/home/sagemaker-user/exam_proctoring_dataset/02_clips/passing_note/PN01_passing_note_take01.mp4,images/PN01_passing_note_take01/win_001_midframe_0061.jpg,correct,,
PN01_passing_note_take01.mp4,PN01_passing_note_take01,passing_note,A1,PN01,2,48,122,1.920998919,4.88253892,85,3.40176892,0,0,TRUE,TRUE,8,normal,normal,0.297297297,4.002081082,8.004162164,manual_clip,PN01_passing_note_take01,/home/sagemaker-user/exam_proctoring_dataset/02_clips/passing_note/PN01_passing_note_take01.mp4,images/PN01_passing_note_take01/win_002_midframe_0085.jpg,correct,,
PN01_passing_note_take01.mp4,PN01_passing_note_take01,passing_note,A1,PN01,3,72,146,2.881498379,5.84303838,109,4.36226838,0,0,TRUE,TRUE,8,passing_note,suspicious,0.621621622,4.002081082,8.004162164,manual_clip,PN01_passing_note_take01,/home/sagemaker-user/exam_proctoring_dataset/02_clips/passing_note/PN01_passing_note_take01.mp4,images/PN01_passing_note_take01/win_003_midframe_0109.jpg,correct,,
PN01_passing_note_take01.mp4,PN01_passing_note_take01,passing_note,A1,PN01,4,96,170,3.841997839,6.80353784,133,5.322767839,0,0,TRUE,TRUE,8,passing_note,suspicious,0.945945946,4.002081082,8.004162164,manual_clip,PN01_passing_note_take01,/home/sagemaker-user/exam_proctoring_dataset/02_clips/passing_note/PN01_passing_note_take01.mp4,images/PN01_passing_note_take01/win_004_midframe_0133.jpg,correct,,
PN01_passing_note_take01.mp4,PN01_passing_note_take01,passing_note,A1,PN01,5,120,194,4.802497299,7.764037299,157,6.283267299,0,0,TRUE,TRUE,8,passing_note,suspicious,1,4.002081082,8.004162164,manual_clip,PN01_passing_note_take01,/home/sagemaker-user/exam_proctoring_dataset/02_clips/passing_note/PN01_passing_note_take01.mp4,images/PN01_passing_note_take01/win_005_midframe_0157.jpg,correct,,
PN01_passing_note_take01.mp4,PN01_passing_note_take01,passing_note,A1,PN01,6,144,218,5.762996758,8.724536759,181,7.243766759,0,0,TRUE,TRUE,8,passing_note,suspicious,0.756756757,4.002081082,8.004162164,manual_clip,PN01_passing_note_take01,/home/sagemaker-user/exam_proctoring_dataset/02_clips/passing_note/PN01_passing_note_take01.mp4,images/PN01_passing_note_take01/win_006_midframe_0181.jpg,correct,,
PN01_passing_note_take01.mp4,PN01_passing_note_take01,passing_note,A1,PN01,7,168,242,6.723496218,9.685036219,205,8.204266218,0,0,TRUE,TRUE,8,normal,normal,0.432432432,4.002081082,8.004162164,manual_clip,PN01_passing_note_take01,/home/sagemaker-user/exam_proctoring_dataset/02_clips/passing_note/PN01_passing_note_take01.mp4,images/PN01_passing_note_take01/win_007_midframe_0205.jpg,correct,,
PN01_passing_note_take02.mp4,PN01_passing_note_take02,passing_note,A2,PN01,0,0,74,0,2.961540001,37,1.48077,2,2,TRUE,TRUE,8,normal,normal,0,4.002081082,8.004162164,manual_clip,PN01_passing_note_take02,/home/sagemaker-user/exam_proctoring_dataset/02_clips/passing_note/PN01_passing_note_take02.mp4,images/PN01_passing_note_take02/win_000_midframe_0037.jpg,correct,,
PN01_passing_note_take02.mp4,PN01_passing_note_take02,passing_note,A2,PN01,1,24,98,0.96049946,3.922039461,61,2.44126946,2,2,TRUE,TRUE,8,normal,normal,0,4.002081082,8.004162164,manual_clip,PN01_passing_note_take02,/home/sagemaker-user/exam_proctoring_dataset/02_clips/passing_note/PN01_passing_note_take02.mp4,images/PN01_passing_note_take02/win_001_midframe_0061.jpg,correct,,
PN01_passing_note_take02.mp4,PN01_passing_note_take02,passing_note,A2,PN01,2,48,122,1.920998919,4.88253892,85,3.40176892,2,2,TRUE,TRUE,8,normal,normal,0.297297297,4.002081082,8.004162164,manual_clip,PN01_passing_note_take02,/home/sagemaker-user/exam_proctoring_dataset/02_clips/passing_note/PN01_passing_note_take02.mp4,images/PN01_passing_note_take02/win_002_midframe_0085.jpg,correct,,
PN01_passing_note_take02.mp4,PN01_passing_note_take02,passing_note,A2,PN01,3,72,146,2.881498379,5.84303838,109,4.36226838,2,2,TRUE,TRUE,8,passing_note,suspicious,0.621621622,4.002081082,8.004162164,manual_clip,PN01_passing_note_take02,/home/sagemaker-user/exam_proctoring_dataset/02_clips/passing_note/PN01_passing_note_take02.mp4,images/PN01_passing_note_take02/win_003_midframe_0109.jpg,correct,,
PN01_passing_note_take02.mp4,PN01_passing_note_take02,passing_note,A2,PN01,4,96,170,3.841997839,6.80353784,133,5.322767839,2,2,TRUE,TRUE,8,passing_note,suspicious,0.945945946,4.002081082,8.004162164,manual_clip,PN01_passing_note_take02,/home/sagemaker-user/exam_proctoring_dataset/02_clips/passing_note/PN01_passing_note_take02.mp4,images/PN01_passing_note_take02/win_004_midframe_0133.jpg,correct,,
PN01_passing_note_take02.mp4,PN01_passing_note_take02,passing_note,A2,PN01,5,120,194,4.802497299,7.764037299,157,6.283267299,2,2,TRUE,TRUE,8,passing_note,suspicious,1,4.002081082,8.004162164,manual_clip,PN01_passing_note_take02,/home/sagemaker-user/exam_proctoring_dataset/02_clips/passing_note/PN01_passing_note_take02.mp4,images/PN01_passing_note_take02/win_005_midframe_0157.jpg,correct,,
PN01_passing_note_take02.mp4,PN01_passing_note_take02,passing_note,A2,PN01,6,144,218,5.762996758,8.724536759,181,7.243766759,2,2,TRUE,TRUE,8,passing_note,suspicious,0.756756757,4.002081082,8.004162164,manual_clip,PN01_passing_note_take02,/home/sagemaker-user/exam_proctoring_dataset/02_clips/passing_note/PN01_passing_note_take02.mp4,images/PN01_passing_note_take02/win_006_midframe_0181.jpg,correct,,
PN01_passing_note_take02.mp4,PN01_passing_note_take02,passing_note,A2,PN01,7,168,242,6.723496218,9.685036219,205,8.204266218,2,2,TRUE,TRUE,8,normal,normal,0.432432432,4.002081082,8.004162164,manual_clip,PN01_passing_note_take02,/home/sagemaker-user/exam_proctoring_dataset/02_clips/passing_note/PN01_passing_note_take02.mp4,images/PN01_passing_note_take02/win_007_midframe_0205.jpg,correct,,
PN01_passing_note_take03.mp4,PN01_passing_note_take03,passing_note,A3,PN01,0,0,74,0,2.961540001,37,1.48077,4,4,TRUE,TRUE,8,normal,normal,0,4.002081082,8.004162164,manual_clip,PN01_passing_note_take03,/home/sagemaker-user/exam_proctoring_dataset/02_clips/passing_note/PN01_passing_note_take03.mp4,images/PN01_passing_note_take03/win_000_midframe_0037.jpg,correct,,
PN01_passing_note_take03.mp4,PN01_passing_note_take03,passing_note,A3,PN01,1,24,98,0.96049946,3.922039461,61,2.44126946,4,4,TRUE,TRUE,8,normal,normal,0,4.002081082,8.004162164,manual_clip,PN01_passing_note_take03,/home/sagemaker-user/exam_proctoring_dataset/02_clips/passing_note/PN01_passing_note_take03.mp4,images/PN01_passing_note_take03/win_001_midframe_0061.jpg,correct,,
PN01_passing_note_take03.mp4,PN01_passing_note_take03,passing_note,A3,PN01,2,48,122,1.920998919,4.88253892,85,3.40176892,4,4,TRUE,TRUE,8,normal,normal,0.297297297,4.002081082,8.004162164,manual_clip,PN01_passing_note_take03,/home/sagemaker-user/exam_proctoring_dataset/02_clips/passing_note/PN01_passing_note_take03.mp4,images/PN01_passing_note_take03/win_002_midframe_0085.jpg,correct,,
PN01_passing_note_take03.mp4,PN01_passing_note_take03,passing_note,A3,PN01,3,72,146,2.881498379,5.84303838,109,4.36226838,4,4,TRUE,TRUE,8,passing_note,suspicious,0.621621622,4.002081082,8.004162164,manual_clip,PN01_passing_note_take03,/home/sagemaker-user/exam_proctoring_dataset/02_clips/passing_note/PN01_passing_note_take03.mp4,images/PN01_passing_note_take03/win_003_midframe_0109.jpg,correct,,
PN01_passing_note_take03.mp4,PN01_passing_note_take03,passing_note,A3,PN01,4,96,170,3.841997839,6.80353784,133,5.322767839,4,4,TRUE,TRUE,8,passing_note,suspicious,0.945945946,4.002081082,8.004162164,manual_clip,PN01_passing_note_take03,/home/sagemaker-user/exam_proctoring_dataset/02_clips/passing_note/PN01_passing_note_take03.mp4,images/PN01_passing_note_take03/win_004_midframe_0133.jpg,correct,,
PN01_passing_note_take03.mp4,PN01_passing_note_take03,passing_note,A3,PN01,5,120,194,4.802497299,7.764037299,157,6.283267299,4,4,TRUE,TRUE,8,passing_note,suspicious,1,4.002081082,8.004162164,manual_clip,PN01_passing_note_take03,/home/sagemaker-user/exam_proctoring_dataset/02_clips/passing_note/PN01_passing_note_take03.mp4,images/PN01_passing_note_take03/win_005_midframe_0157.jpg,correct,,
PN01_passing_note_take03.mp4,PN01_passing_note_take03,passing_note,A3,PN01,6,144,218,5.762996758,8.724536759,181,7.243766759,4,4,TRUE,TRUE,7,passing_note,suspicious,0.756756757,4.002081082,8.004162164,manual_clip,PN01_passing_note_take03,/home/sagemaker-user/exam_proctoring_dataset/02_clips/passing_note/PN01_passing_note_take03.mp4,images/PN01_passing_note_take03/win_006_midframe_0181.jpg,correct,,
PN01_passing_note_take03.mp4,PN01_passing_note_take03,passing_note,A3,PN01,7,168,242,6.723496218,9.685036219,205,8.204266218,4,4,TRUE,TRUE,8,normal,normal,0.432432432,4.002081082,8.004162164,manual_clip,PN01_passing_note_take03,/home/sagemaker-user/exam_proctoring_dataset/02_clips/passing_note/PN01_passing_note_take03.mp4,images/PN01_passing_note_take03/win_007_midframe_0205.jpg,correct,,
PN01_passing_note_take06.mp4,PN01_passing_note_take06,passing_note,B2,PN01,0,0,74,0,2.961540001,37,1.48077,3,3,TRUE,TRUE,8,normal,normal,0,3.001560812,7.003641894,manual_clip,PN01_passing_note_take06,/home/sagemaker-user/exam_proctoring_dataset/02_clips/passing_note/PN01_passing_note_take06.mp4,images/PN01_passing_note_take06/win_000_midframe_0037.jpg,correct,,
PN01_passing_note_take06.mp4,PN01_passing_note_take06,passing_note,B2,PN01,1,24,98,0.96049946,3.922039461,61,2.44126946,3,3,TRUE,TRUE,8,normal,normal,0.310810811,3.001560812,7.003641894,manual_clip,PN01_passing_note_take06,/home/sagemaker-user/exam_proctoring_dataset/02_clips/passing_note/PN01_passing_note_take06.mp4,images/PN01_passing_note_take06/win_001_midframe_0061.jpg,correct,,
PN01_passing_note_take06.mp4,PN01_passing_note_take06,passing_note,B2,PN01,2,48,122,1.920998919,4.88253892,85,3.40176892,3,3,TRUE,TRUE,8,passing_note,suspicious,0.635135135,3.001560812,7.003641894,manual_clip,PN01_passing_note_take06,/home/sagemaker-user/exam_proctoring_dataset/02_clips/passing_note/PN01_passing_note_take06.mp4,images/PN01_passing_note_take06/win_002_midframe_0085.jpg,correct,,
PN01_passing_note_take06.mp4,PN01_passing_note_take06,passing_note,B2,PN01,3,72,146,2.881498379,5.84303838,109,4.36226838,3,3,TRUE,TRUE,8,passing_note,suspicious,0.959459459,3.001560812,7.003641894,manual_clip,PN01_passing_note_take06,/home/sagemaker-user/exam_proctoring_dataset/02_clips/passing_note/PN01_passing_note_take06.mp4,images/PN01_passing_note_take06/win_003_midframe_0109.jpg,correct,,
PN01_passing_note_take06.mp4,PN01_passing_note_take06,passing_note,B2,PN01,4,96,170,3.841997839,6.80353784,133,5.322767839,3,3,TRUE,TRUE,8,passing_note,suspicious,1,3.001560812,7.003641894,manual_clip,PN01_passing_note_take06,/home/sagemaker-user/exam_proctoring_dataset/02_clips/passing_note/PN01_passing_note_take06.mp4,images/PN01_passing_note_take06/win_004_midframe_0133.jpg,correct,,
PN01_passing_note_take06.mp4,PN01_passing_note_take06,passing_note,B2,PN01,5,120,194,4.802497299,7.764037299,157,6.283267299,3,3,TRUE,TRUE,8,passing_note,suspicious,0.743243243,3.001560812,7.003641894,manual_clip,PN01_passing_note_take06,/home/sagemaker-user/exam_proctoring_dataset/02_clips/passing_note/PN01_passing_note_take06.mp4,images/PN01_passing_note_take06/win_005_midframe_0157.jpg,correct,,
PN01_passing_note_take06.mp4,PN01_passing_note_take06,passing_note,B2,PN01,6,144,218,5.762996758,8.724536759,181,7.243766759,3,3,TRUE,TRUE,8,normal,normal,0.418918919,3.001560812,7.003641894,manual_clip,PN01_passing_note_take06,/home/sagemaker-user/exam_proctoring_dataset/02_clips/passing_note/PN01_passing_note_take06.mp4,images/PN01_passing_note_take06/win_006_midframe_0181.jpg,correct,,
PN01_passing_note_take06.mp4,PN01_passing_note_take06,passing_note,B2,PN01,7,168,242,6.723496218,9.685036219,205,8.204266218,3,3,TRUE,TRUE,8,normal,normal,0.094594595,3.001560812,7.003641894,manual_clip,PN01_passing_note_take06,/home/sagemaker-user/exam_proctoring_dataset/02_clips/passing_note/PN01_passing_note_take06.mp4,images/PN01_passing_note_take06/win_007_midframe_0205.jpg,correct,,
PN01_passing_note_take07.mp4,PN01_passing_note_take07,passing_note,B3,PN01,0,0,74,0,2.961540001,37,1.48077,5,5,TRUE,TRUE,8,normal,normal,0,6.003121623,9.004682435,manual_clip,PN01_passing_note_take07,/home/sagemaker-user/exam_proctoring_dataset/02_clips/passing_note/PN01_passing_note_take07.mp4,images/PN01_passing_note_take07/win_000_midframe_0037.jpg,correct,,
PN01_passing_note_take07.mp4,PN01_passing_note_take07,passing_note,B3,PN01,1,24,98,0.96049946,3.922039461,61,2.44126946,5,5,TRUE,TRUE,8,normal,normal,0,6.003121623,9.004682435,manual_clip,PN01_passing_note_take07,/home/sagemaker-user/exam_proctoring_dataset/02_clips/passing_note/PN01_passing_note_take07.mp4,images/PN01_passing_note_take07/win_001_midframe_0061.jpg,correct,,
PN01_passing_note_take07.mp4,PN01_passing_note_take07,passing_note,B3,PN01,2,48,122,1.920998919,4.88253892,85,3.40176892,5,5,TRUE,TRUE,8,normal,normal,0,6.003121623,9.004682435,manual_clip,PN01_passing_note_take07,/home/sagemaker-user/exam_proctoring_dataset/02_clips/passing_note/PN01_passing_note_take07.mp4,images/PN01_passing_note_take07/win_002_midframe_0085.jpg,correct,,
PN01_passing_note_take07.mp4,PN01_passing_note_take07,passing_note,B3,PN01,3,72,146,2.881498379,5.84303838,109,4.36226838,5,5,TRUE,TRUE,8,normal,normal,0,6.003121623,9.004682435,manual_clip,PN01_passing_note_take07,/home/sagemaker-user/exam_proctoring_dataset/02_clips/passing_note/PN01_passing_note_take07.mp4,images/PN01_passing_note_take07/win_003_midframe_0109.jpg,correct,,
PN01_passing_note_take07.mp4,PN01_passing_note_take07,passing_note,B3,PN01,4,96,170,3.841997839,6.80353784,133,5.322767839,5,5,TRUE,TRUE,8,normal,normal,0.27027027,6.003121623,9.004682435,manual_clip,PN01_passing_note_take07,/home/sagemaker-user/exam_proctoring_dataset/02_clips/passing_note/PN01_passing_note_take07.mp4,images/PN01_passing_note_take07/win_004_midframe_0133.jpg,correct,,
PN01_passing_note_take07.mp4,PN01_passing_note_take07,passing_note,B3,PN01,5,120,194,4.802497299,7.764037299,157,6.283267299,5,5,TRUE,TRUE,8,normal,normal,0.594594595,6.003121623,9.004682435,manual_clip,PN01_passing_note_take07,/home/sagemaker-user/exam_proctoring_dataset/02_clips/passing_note/PN01_passing_note_take07.mp4,images/PN01_passing_note_take07/win_005_midframe_0157.jpg,correct,,
PN01_passing_note_take07.mp4,PN01_passing_note_take07,passing_note,B3,PN01,6,144,218,5.762996758,8.724536759,181,7.243766759,5,5,TRUE,TRUE,8,passing_note,suspicious,0.918918919,6.003121623,9.004682435,manual_clip,PN01_passing_note_take07,/home/sagemaker-user/exam_proctoring_dataset/02_clips/passing_note/PN01_passing_note_take07.mp4,images/PN01_passing_note_take07/win_006_midframe_0181.jpg,correct,,
PN01_passing_note_take07.mp4,PN01_passing_note_take07,passing_note,B3,PN01,7,168,242,6.723496218,9.685036219,205,8.204266218,5,5,TRUE,TRUE,8,passing_note,suspicious,0.77027027,6.003121623,9.004682435,manual_clip,PN01_passing_note_take07,/home/sagemaker-user/exam_proctoring_dataset/02_clips/passing_note/PN01_passing_note_take07.mp4,images/PN01_passing_note_take07/win_007_midframe_0205.jpg,correct,,
PN02_passing_note_take01.mp4,PN02_passing_note_take01,passing_note,A4,PN02,0,0,74,0,2.960947503,37,1.480473752,6,6,TRUE,TRUE,8,normal,normal,0,4.00128041,8.002560819,manual_clip,PN02_passing_note_take01,/home/sagemaker-user/exam_proctoring_dataset/02_clips/passing_note/PN02_passing_note_take01.mp4,images/PN02_passing_note_take01/win_000_midframe_0037.jpg,correct,,
PN02_passing_note_take01.mp4,PN02_passing_note_take01,passing_note,A4,PN02,1,24,98,0.960307298,3.921254802,61,2.44078105,6,6,TRUE,TRUE,8,normal,normal,0,4.00128041,8.002560819,manual_clip,PN02_passing_note_take01,/home/sagemaker-user/exam_proctoring_dataset/02_clips/passing_note/PN02_passing_note_take01.mp4,images/PN02_passing_note_take01/win_001_midframe_0061.jpg,correct,,
PN02_passing_note_take01.mp4,PN02_passing_note_take01,passing_note,A4,PN02,2,48,122,1.920614597,4.8815621,85,3.401088348,6,6,TRUE,TRUE,8,normal,normal,0.297297297,4.00128041,8.002560819,manual_clip,PN02_passing_note_take01,/home/sagemaker-user/exam_proctoring_dataset/02_clips/passing_note/PN02_passing_note_take01.mp4,images/PN02_passing_note_take01/win_002_midframe_0085.jpg,correct,,
PN02_passing_note_take01.mp4,PN02_passing_note_take01,passing_note,A4,PN02,3,72,146,2.880921895,5.841869398,109,4.361395647,6,6,TRUE,TRUE,8,passing_note,suspicious,0.621621622,4.00128041,8.002560819,manual_clip,PN02_passing_note_take01,/home/sagemaker-user/exam_proctoring_dataset/02_clips/passing_note/PN02_passing_note_take01.mp4,images/PN02_passing_note_take01/win_003_midframe_0109.jpg,correct,,
PN02_passing_note_take01.mp4,PN02_passing_note_take01,passing_note,A4,PN02,4,96,170,3.841229193,6.802176697,133,5.321702945,6,6,TRUE,TRUE,8,passing_note,suspicious,0.945945946,4.00128041,8.002560819,manual_clip,PN02_passing_note_take01,/home/sagemaker-user/exam_proctoring_dataset/02_clips/passing_note/PN02_passing_note_take01.mp4,images/PN02_passing_note_take01/win_004_midframe_0133.jpg,correct,,
PN02_passing_note_take01.mp4,PN02_passing_note_take01,passing_note,A4,PN02,5,120,194,4.801536492,7.762483995,157,6.282010243,6,6,TRUE,TRUE,8,passing_note,suspicious,1,4.00128041,8.002560819,manual_clip,PN02_passing_note_take01,/home/sagemaker-user/exam_proctoring_dataset/02_clips/passing_note/PN02_passing_note_take01.mp4,images/PN02_passing_note_take01/win_005_midframe_0157.jpg,correct,,
PN02_passing_note_take01.mp4,PN02_passing_note_take01,passing_note,A4,PN02,6,144,218,5.76184379,8.722791293,181,7.242317542,6,6,TRUE,TRUE,8,passing_note,suspicious,0.756756757,4.00128041,8.002560819,manual_clip,PN02_passing_note_take01,/home/sagemaker-user/exam_proctoring_dataset/02_clips/passing_note/PN02_passing_note_take01.mp4,images/PN02_passing_note_take01/win_006_midframe_0181.jpg,correct,,
PN02_passing_note_take01.mp4,PN02_passing_note_take01,passing_note,A4,PN02,7,168,242,6.722151088,9.683098592,205,8.20262484,6,6,TRUE,TRUE,8,normal,normal,0.432432432,4.00128041,8.002560819,manual_clip,PN02_passing_note_take01,/home/sagemaker-user/exam_proctoring_dataset/02_clips/passing_note/PN02_passing_note_take01.mp4,images/PN02_passing_note_take01/win_007_midframe_0205.jpg,correct,,
PN02_passing_note_take02.mp4,PN02_passing_note_take02,passing_note,A3,PN02,0,0,74,0,2.960947503,37,1.480473752,4,4,TRUE,TRUE,8,normal,normal,0,4.00128041,9.002880922,manual_clip,PN02_passing_note_take02,/home/sagemaker-user/exam_proctoring_dataset/02_clips/passing_note/PN02_passing_note_take02.mp4,images/PN02_passing_note_take02/win_000_midframe_0037.jpg,correct,,
PN02_passing_note_take02.mp4,PN02_passing_note_take02,passing_note,A3,PN02,1,24,98,0.960307298,3.921254802,61,2.44078105,4,4,TRUE,TRUE,8,normal,normal,0,4.00128041,9.002880922,manual_clip,PN02_passing_note_take02,/home/sagemaker-user/exam_proctoring_dataset/02_clips/passing_note/PN02_passing_note_take02.mp4,images/PN02_passing_note_take02/win_001_midframe_0061.jpg,correct,,
PN02_passing_note_take02.mp4,PN02_passing_note_take02,passing_note,A3,PN02,2,48,122,1.920614597,4.8815621,85,3.401088348,4,4,TRUE,TRUE,8,normal,normal,0.297297297,4.00128041,9.002880922,manual_clip,PN02_passing_note_take02,/home/sagemaker-user/exam_proctoring_dataset/02_clips/passing_note/PN02_passing_note_take02.mp4,images/PN02_passing_note_take02/win_002_midframe_0085.jpg,correct,,
PN02_passing_note_take02.mp4,PN02_passing_note_take02,passing_note,A3,PN02,3,72,146,2.880921895,5.841869398,109,4.361395647,4,4,TRUE,TRUE,8,passing_note,suspicious,0.621621622,4.00128041,9.002880922,manual_clip,PN02_passing_note_take02,/home/sagemaker-user/exam_proctoring_dataset/02_clips/passing_note/PN02_passing_note_take02.mp4,images/PN02_passing_note_take02/win_003_midframe_0109.jpg,correct,,
PN02_passing_note_take02.mp4,PN02_passing_note_take02,passing_note,A3,PN02,4,96,170,3.841229193,6.802176697,133,5.321702945,4,4,TRUE,TRUE,8,passing_note,suspicious,0.945945946,4.00128041,9.002880922,manual_clip,PN02_passing_note_take02,/home/sagemaker-user/exam_proctoring_dataset/02_clips/passing_note/PN02_passing_note_take02.mp4,images/PN02_passing_note_take02/win_004_midframe_0133.jpg,correct,,
PN02_passing_note_take02.mp4,PN02_passing_note_take02,passing_note,A3,PN02,5,120,194,4.801536492,7.762483995,157,6.282010243,4,4,TRUE,TRUE,8,passing_note,suspicious,1,4.00128041,9.002880922,manual_clip,PN02_passing_note_take02,/home/sagemaker-user/exam_proctoring_dataset/02_clips/passing_note/PN02_passing_note_take02.mp4,images/PN02_passing_note_take02/win_005_midframe_0157.jpg,correct,,
PN02_passing_note_take02.mp4,PN02_passing_note_take02,passing_note,A3,PN02,6,144,218,5.76184379,8.722791293,181,7.242317542,4,4,TRUE,TRUE,8,passing_note,suspicious,1,4.00128041,9.002880922,manual_clip,PN02_passing_note_take02,/home/sagemaker-user/exam_proctoring_dataset/02_clips/passing_note/PN02_passing_note_take02.mp4,images/PN02_passing_note_take02/win_006_midframe_0181.jpg,correct,,
PN02_passing_note_take02.mp4,PN02_passing_note_take02,passing_note,A3,PN02,7,168,242,6.722151088,9.683098592,205,8.20262484,4,4,TRUE,TRUE,8,passing_note,suspicious,0.77027027,4.00128041,9.002880922,manual_clip,PN02_passing_note_take02,/home/sagemaker-user/exam_proctoring_dataset/02_clips/passing_note/PN02_passing_note_take02.mp4,images/PN02_passing_note_take02/win_007_midframe_0205.jpg,correct,,
PN02_passing_note_take03.mp4,PN02_passing_note_take03,passing_note,A2,PN02,0,0,74,0,2.960947503,37,1.480473752,2,2,TRUE,TRUE,8,normal,normal,0,4.00128041,9.002880922,manual_clip,PN02_passing_note_take03,/home/sagemaker-user/exam_proctoring_dataset/02_clips/passing_note/PN02_passing_note_take03.mp4,images/PN02_passing_note_take03/win_000_midframe_0037.jpg,correct,,
PN02_passing_note_take03.mp4,PN02_passing_note_take03,passing_note,A2,PN02,1,24,98,0.960307298,3.921254802,61,2.44078105,2,2,TRUE,TRUE,8,normal,normal,0,4.00128041,9.002880922,manual_clip,PN02_passing_note_take03,/home/sagemaker-user/exam_proctoring_dataset/02_clips/passing_note/PN02_passing_note_take03.mp4,images/PN02_passing_note_take03/win_001_midframe_0061.jpg,correct,,
PN02_passing_note_take03.mp4,PN02_passing_note_take03,passing_note,A2,PN02,2,48,122,1.920614597,4.8815621,85,3.401088348,2,2,TRUE,TRUE,8,normal,normal,0.297297297,4.00128041,9.002880922,manual_clip,PN02_passing_note_take03,/home/sagemaker-user/exam_proctoring_dataset/02_clips/passing_note/PN02_passing_note_take03.mp4,images/PN02_passing_note_take03/win_002_midframe_0085.jpg,correct,,
PN02_passing_note_take03.mp4,PN02_passing_note_take03,passing_note,A2,PN02,3,72,146,2.880921895,5.841869398,109,4.361395647,2,2,TRUE,TRUE,8,passing_note,suspicious,0.621621622,4.00128041,9.002880922,manual_clip,PN02_passing_note_take03,/home/sagemaker-user/exam_proctoring_dataset/02_clips/passing_note/PN02_passing_note_take03.mp4,images/PN02_passing_note_take03/win_003_midframe_0109.jpg,correct,,
PN02_passing_note_take03.mp4,PN02_passing_note_take03,passing_note,A2,PN02,4,96,170,3.841229193,6.802176697,133,5.321702945,2,2,TRUE,TRUE,8,passing_note,suspicious,0.945945946,4.00128041,9.002880922,manual_clip,PN02_passing_note_take03,/home/sagemaker-user/exam_proctoring_dataset/02_clips/passing_note/PN02_passing_note_take03.mp4,images/PN02_passing_note_take03/win_004_midframe_0133.jpg,correct,,
PN02_passing_note_take03.mp4,PN02_passing_note_take03,passing_note,A2,PN02,5,120,194,4.801536492,7.762483995,157,6.282010243,2,2,TRUE,TRUE,8,passing_note,suspicious,1,4.00128041,9.002880922,manual_clip,PN02_passing_note_take03,/home/sagemaker-user/exam_proctoring_dataset/02_clips/passing_note/PN02_passing_note_take03.mp4,images/PN02_passing_note_take03/win_005_midframe_0157.jpg,correct,,
PN02_passing_note_take03.mp4,PN02_passing_note_take03,passing_note,A2,PN02,6,144,218,5.76184379,8.722791293,181,7.242317542,2,2,TRUE,TRUE,8,passing_note,suspicious,1,4.00128041,9.002880922,manual_clip,PN02_passing_note_take03,/home/sagemaker-user/exam_proctoring_dataset/02_clips/passing_note/PN02_passing_note_take03.mp4,images/PN02_passing_note_take03/win_006_midframe_0181.jpg,correct,,
PN02_passing_note_take03.mp4,PN02_passing_note_take03,passing_note,A2,PN02,7,168,242,6.722151088,9.683098592,205,8.20262484,2,2,TRUE,TRUE,8,passing_note,suspicious,0.77027027,4.00128041,9.002880922,manual_clip,PN02_passing_note_take03,/home/sagemaker-user/exam_proctoring_dataset/02_clips/passing_note/PN02_passing_note_take03.mp4,images/PN02_passing_note_take03/win_007_midframe_0205.jpg,correct,,
PN02_passing_note_take06.mp4,PN02_passing_note_take06,passing_note,B3,PN02,0,0,74,0,2.960947503,37,1.480473752,5,6,FALSE,TRUE,7,normal,normal,0,4.00128041,8.002560819,manual_clip,PN02_passing_note_take06,/home/sagemaker-user/exam_proctoring_dataset/02_clips/passing_note/PN02_passing_note_take06.mp4,images/PN02_passing_note_take06/win_000_midframe_0037.jpg,exclude,,"mismatch+ its should be B3 , box is on b4"
PN02_passing_note_take06.mp4,PN02_passing_note_take06,passing_note,B3,PN02,1,24,98,0.960307298,3.921254802,61,2.44078105,5,5,TRUE,TRUE,8,normal,normal,0,4.00128041,8.002560819,manual_clip,PN02_passing_note_take06,/home/sagemaker-user/exam_proctoring_dataset/02_clips/passing_note/PN02_passing_note_take06.mp4,images/PN02_passing_note_take06/win_001_midframe_0061.jpg,correct,,
PN02_passing_note_take06.mp4,PN02_passing_note_take06,passing_note,B3,PN02,2,48,122,1.920614597,4.8815621,85,3.401088348,5,5,TRUE,TRUE,8,normal,normal,0.297297297,4.00128041,8.002560819,manual_clip,PN02_passing_note_take06,/home/sagemaker-user/exam_proctoring_dataset/02_clips/passing_note/PN02_passing_note_take06.mp4,images/PN02_passing_note_take06/win_002_midframe_0085.jpg,correct,,
PN02_passing_note_take06.mp4,PN02_passing_note_take06,passing_note,B3,PN02,3,72,146,2.880921895,5.841869398,109,4.361395647,5,5,TRUE,TRUE,8,passing_note,suspicious,0.621621622,4.00128041,8.002560819,manual_clip,PN02_passing_note_take06,/home/sagemaker-user/exam_proctoring_dataset/02_clips/passing_note/PN02_passing_note_take06.mp4,images/PN02_passing_note_take06/win_003_midframe_0109.jpg,correct,,
PN02_passing_note_take06.mp4,PN02_passing_note_take06,passing_note,B3,PN02,4,96,170,3.841229193,6.802176697,133,5.321702945,5,5,TRUE,TRUE,8,passing_note,suspicious,0.945945946,4.00128041,8.002560819,manual_clip,PN02_passing_note_take06,/home/sagemaker-user/exam_proctoring_dataset/02_clips/passing_note/PN02_passing_note_take06.mp4,images/PN02_passing_note_take06/win_004_midframe_0133.jpg,correct,,
PN02_passing_note_take06.mp4,PN02_passing_note_take06,passing_note,B3,PN02,5,120,194,4.801536492,7.762483995,157,6.282010243,5,5,TRUE,TRUE,8,passing_note,suspicious,1,4.00128041,8.002560819,manual_clip,PN02_passing_note_take06,/home/sagemaker-user/exam_proctoring_dataset/02_clips/passing_note/PN02_passing_note_take06.mp4,images/PN02_passing_note_take06/win_005_midframe_0157.jpg,correct,,
PN02_passing_note_take06.mp4,PN02_passing_note_take06,passing_note,B3,PN02,6,144,218,5.76184379,8.722791293,181,7.242317542,5,5,TRUE,TRUE,8,passing_note,suspicious,0.756756757,4.00128041,8.002560819,manual_clip,PN02_passing_note_take06,/home/sagemaker-user/exam_proctoring_dataset/02_clips/passing_note/PN02_passing_note_take06.mp4,images/PN02_passing_note_take06/win_006_midframe_0181.jpg,correct,,
PN02_passing_note_take06.mp4,PN02_passing_note_take06,passing_note,B3,PN02,7,168,242,6.722151088,9.683098592,205,8.20262484,5,5,TRUE,TRUE,8,normal,normal,0.432432432,4.00128041,8.002560819,manual_clip,PN02_passing_note_take06,/home/sagemaker-user/exam_proctoring_dataset/02_clips/passing_note/PN02_passing_note_take06.mp4,images/PN02_passing_note_take06/win_007_midframe_0205.jpg,correct,,
PN02_passing_note_take07.mp4,PN02_passing_note_take07,passing_note,B2,PN02,0,0,74,0,2.960947503,37,1.480473752,3,3,TRUE,TRUE,8,normal,normal,0,5.001600512,9.002880922,manual_clip,PN02_passing_note_take07,/home/sagemaker-user/exam_proctoring_dataset/02_clips/passing_note/PN02_passing_note_take07.mp4,images/PN02_passing_note_take07/win_000_midframe_0037.jpg,correct,,
PN02_passing_note_take07.mp4,PN02_passing_note_take07,passing_note,B2,PN02,1,24,98,0.960307298,3.921254802,61,2.44078105,3,3,TRUE,TRUE,8,normal,normal,0,5.001600512,9.002880922,manual_clip,PN02_passing_note_take07,/home/sagemaker-user/exam_proctoring_dataset/02_clips/passing_note/PN02_passing_note_take07.mp4,images/PN02_passing_note_take07/win_001_midframe_0061.jpg,correct,,
PN02_passing_note_take07.mp4,PN02_passing_note_take07,passing_note,B2,PN02,2,48,122,1.920614597,4.8815621,85,3.401088348,3,3,TRUE,TRUE,8,normal,normal,0,5.001600512,9.002880922,manual_clip,PN02_passing_note_take07,/home/sagemaker-user/exam_proctoring_dataset/02_clips/passing_note/PN02_passing_note_take07.mp4,images/PN02_passing_note_take07/win_002_midframe_0085.jpg,correct,,
PN02_passing_note_take07.mp4,PN02_passing_note_take07,passing_note,B2,PN02,3,72,146,2.880921895,5.841869398,109,4.361395647,3,3,TRUE,TRUE,8,normal,normal,0.283783784,5.001600512,9.002880922,manual_clip,PN02_passing_note_take07,/home/sagemaker-user/exam_proctoring_dataset/02_clips/passing_note/PN02_passing_note_take07.mp4,images/PN02_passing_note_take07/win_003_midframe_0109.jpg,correct,,
PN02_passing_note_take07.mp4,PN02_passing_note_take07,passing_note,B2,PN02,4,96,170,3.841229193,6.802176697,133,5.321702945,3,3,TRUE,TRUE,8,passing_note,suspicious,0.608108108,5.001600512,9.002880922,manual_clip,PN02_passing_note_take07,/home/sagemaker-user/exam_proctoring_dataset/02_clips/passing_note/PN02_passing_note_take07.mp4,images/PN02_passing_note_take07/win_004_midframe_0133.jpg,correct,,
PN02_passing_note_take07.mp4,PN02_passing_note_take07,passing_note,B2,PN02,5,120,194,4.801536492,7.762483995,157,6.282010243,3,3,TRUE,TRUE,8,passing_note,suspicious,0.932432432,5.001600512,9.002880922,manual_clip,PN02_passing_note_take07,/home/sagemaker-user/exam_proctoring_dataset/02_clips/passing_note/PN02_passing_note_take07.mp4,images/PN02_passing_note_take07/win_005_midframe_0157.jpg,correct,,
PN02_passing_note_take07.mp4,PN02_passing_note_take07,passing_note,B2,PN02,6,144,218,5.76184379,8.722791293,181,7.242317542,3,3,TRUE,TRUE,8,passing_note,suspicious,1,5.001600512,9.002880922,manual_clip,PN02_passing_note_take07,/home/sagemaker-user/exam_proctoring_dataset/02_clips/passing_note/PN02_passing_note_take07.mp4,images/PN02_passing_note_take07/win_006_midframe_0181.jpg,correct,,
PN02_passing_note_take07.mp4,PN02_passing_note_take07,passing_note,B2,PN02,7,168,242,6.722151088,9.683098592,205,8.20262484,3,3,TRUE,TRUE,8,passing_note,suspicious,0.77027027,5.001600512,9.002880922,manual_clip,PN02_passing_note_take07,/home/sagemaker-user/exam_proctoring_dataset/02_clips/passing_note/PN02_passing_note_take07.mp4,images/PN02_passing_note_take07/win_007_midframe_0205.jpg,correct,,
PN03_passing_note_take01.mp4,PN03_passing_note_take01,passing_note,A4,PN03,0,0,74,0,2.960710571,37,1.480355285,6,6,TRUE,TRUE,8,normal,normal,0,5.001200288,8.001920461,manual_clip,PN03_passing_note_take01,/home/sagemaker-user/exam_proctoring_dataset/02_clips/passing_note/PN03_passing_note_take01.mp4,images/PN03_passing_note_take01/win_000_midframe_0037.jpg,correct,,
PN03_passing_note_take01.mp4,PN03_passing_note_take01,passing_note,A4,PN03,1,24,98,0.960230455,3.920941026,61,2.440585741,6,4,FALSE,TRUE,7,normal,normal,0,5.001200288,8.001920461,manual_clip,PN03_passing_note_take01,/home/sagemaker-user/exam_proctoring_dataset/02_clips/passing_note/PN03_passing_note_take01.mp4,images/PN03_passing_note_take01/win_001_midframe_0061.jpg,exclude,,"mismatch+ its should be A4 , box is on A3"
PN03_passing_note_take01.mp4,PN03_passing_note_take01,passing_note,A4,PN03,2,48,122,1.920460911,4.881171481,85,3.400816196,6,6,TRUE,TRUE,8,normal,normal,0,5.001200288,8.001920461,manual_clip,PN03_passing_note_take01,/home/sagemaker-user/exam_proctoring_dataset/02_clips/passing_note/PN03_passing_note_take01.mp4,images/PN03_passing_note_take01/win_002_midframe_0085.jpg,correct,,
PN03_passing_note_take01.mp4,PN03_passing_note_take01,passing_note,A4,PN03,3,72,146,2.880691366,5.841401936,109,4.361046651,6,6,TRUE,TRUE,8,normal,normal,0.283783784,5.001200288,8.001920461,manual_clip,PN03_passing_note_take01,/home/sagemaker-user/exam_proctoring_dataset/02_clips/passing_note/PN03_passing_note_take01.mp4,images/PN03_passing_note_take01/win_003_midframe_0109.jpg,correct,,
PN03_passing_note_take01.mp4,PN03_passing_note_take01,passing_note,A4,PN03,4,96,170,3.840921821,6.801632392,133,5.321277107,6,6,TRUE,TRUE,8,passing_note,suspicious,0.608108108,5.001200288,8.001920461,manual_clip,PN03_passing_note_take01,/home/sagemaker-user/exam_proctoring_dataset/02_clips/passing_note/PN03_passing_note_take01.mp4,images/PN03_passing_note_take01/win_004_midframe_0133.jpg,correct,,
PN03_passing_note_take01.mp4,PN03_passing_note_take01,passing_note,A4,PN03,5,120,194,4.801152277,7.761862847,157,6.281507562,6,6,TRUE,TRUE,8,passing_note,suspicious,0.932432432,5.001200288,8.001920461,manual_clip,PN03_passing_note_take01,/home/sagemaker-user/exam_proctoring_dataset/02_clips/passing_note/PN03_passing_note_take01.mp4,images/PN03_passing_note_take01/win_005_midframe_0157.jpg,correct,,
PN03_passing_note_take01.mp4,PN03_passing_note_take01,passing_note,A4,PN03,6,144,218,5.761382732,8.722093302,181,7.241738017,6,6,TRUE,TRUE,8,passing_note,suspicious,0.756756757,5.001200288,8.001920461,manual_clip,PN03_passing_note_take01,/home/sagemaker-user/exam_proctoring_dataset/02_clips/passing_note/PN03_passing_note_take01.mp4,images/PN03_passing_note_take01/win_006_midframe_0181.jpg,correct,,
PN03_passing_note_take01.mp4,PN03_passing_note_take01,passing_note,A4,PN03,7,168,242,6.721613187,9.682323758,205,8.201968472,6,4,FALSE,TRUE,7,normal,normal,0.432432432,5.001200288,8.001920461,manual_clip,PN03_passing_note_take01,/home/sagemaker-user/exam_proctoring_dataset/02_clips/passing_note/PN03_passing_note_take01.mp4,images/PN03_passing_note_take01/win_007_midframe_0205.jpg,exclude,,"mismatch+ its should be A4 , box is on A3"
PN03_passing_note_take02.mp4,PN03_passing_note_take02,passing_note,A3,PN03,0,0,74,0,2.960710571,37,1.480355285,4,4,TRUE,TRUE,8,normal,normal,0,4.00096023,7.001680403,manual_clip,PN03_passing_note_take02,/home/sagemaker-user/exam_proctoring_dataset/02_clips/passing_note/PN03_passing_note_take02.mp4,images/PN03_passing_note_take02/win_000_midframe_0037.jpg,correct,,
PN03_passing_note_take02.mp4,PN03_passing_note_take02,passing_note,A3,PN03,1,24,98,0.960230455,3.920941026,61,2.440585741,4,3,FALSE,TRUE,7,normal,normal,0,4.00096023,7.001680403,manual_clip,PN03_passing_note_take02,/home/sagemaker-user/exam_proctoring_dataset/02_clips/passing_note/PN03_passing_note_take02.mp4,images/PN03_passing_note_take02/win_001_midframe_0061.jpg,exclude,,mismatch
PN03_passing_note_take02.mp4,PN03_passing_note_take02,passing_note,A3,PN03,2,48,122,1.920460911,4.881171481,85,3.400816196,4,3,FALSE,TRUE,7,normal,normal,0.297297297,4.00096023,7.001680403,manual_clip,PN03_passing_note_take02,/home/sagemaker-user/exam_proctoring_dataset/02_clips/passing_note/PN03_passing_note_take02.mp4,images/PN03_passing_note_take02/win_002_midframe_0085.jpg,exclude,,mismatch
PN03_passing_note_take02.mp4,PN03_passing_note_take02,passing_note,A3,PN03,3,72,146,2.880691366,5.841401936,109,4.361046651,4,3,FALSE,TRUE,7,passing_note,suspicious,0.621621622,4.00096023,7.001680403,manual_clip,PN03_passing_note_take02,/home/sagemaker-user/exam_proctoring_dataset/02_clips/passing_note/PN03_passing_note_take02.mp4,images/PN03_passing_note_take02/win_003_midframe_0109.jpg,exclude,,mismatch
PN03_passing_note_take02.mp4,PN03_passing_note_take02,passing_note,A3,PN03,4,96,170,3.840921821,6.801632392,133,5.321277107,4,4,TRUE,TRUE,8,passing_note,suspicious,0.945945946,4.00096023,7.001680403,manual_clip,PN03_passing_note_take02,/home/sagemaker-user/exam_proctoring_dataset/02_clips/passing_note/PN03_passing_note_take02.mp4,images/PN03_passing_note_take02/win_004_midframe_0133.jpg,correct,,
PN03_passing_note_take02.mp4,PN03_passing_note_take02,passing_note,A3,PN03,5,120,194,4.801152277,7.761862847,157,6.281507562,4,3,FALSE,TRUE,7,passing_note,suspicious,0.743243243,4.00096023,7.001680403,manual_clip,PN03_passing_note_take02,/home/sagemaker-user/exam_proctoring_dataset/02_clips/passing_note/PN03_passing_note_take02.mp4,images/PN03_passing_note_take02/win_005_midframe_0157.jpg,exclude,,mismatch
PN03_passing_note_take02.mp4,PN03_passing_note_take02,passing_note,A3,PN03,6,144,218,5.761382732,8.722093302,181,7.241738017,4,3,FALSE,TRUE,7,normal,normal,0.418918919,4.00096023,7.001680403,manual_clip,PN03_passing_note_take02,/home/sagemaker-user/exam_proctoring_dataset/02_clips/passing_note/PN03_passing_note_take02.mp4,images/PN03_passing_note_take02/win_006_midframe_0181.jpg,exclude,,mismatch
PN03_passing_note_take02.mp4,PN03_passing_note_take02,passing_note,A3,PN03,7,168,242,6.721613187,9.682323758,205,8.201968472,4,3,FALSE,TRUE,7,normal,normal,0.094594595,4.00096023,7.001680403,manual_clip,PN03_passing_note_take02,/home/sagemaker-user/exam_proctoring_dataset/02_clips/passing_note/PN03_passing_note_take02.mp4,images/PN03_passing_note_take02/win_007_midframe_0205.jpg,exclude,,mismatch
PN03_passing_note_take03.mp4,PN03_passing_note_take03,passing_note,A2,PN03,0,0,74,0,2.960710571,37,1.480355285,2,2,TRUE,TRUE,7,normal,normal,0,4.00096023,9.002160519,manual_clip,PN03_passing_note_take03,/home/sagemaker-user/exam_proctoring_dataset/02_clips/passing_note/PN03_passing_note_take03.mp4,images/PN03_passing_note_take03/win_000_midframe_0037.jpg,correct,,
PN03_passing_note_take03.mp4,PN03_passing_note_take03,passing_note,A2,PN03,1,24,98,0.960230455,3.920941026,61,2.440585741,2,2,TRUE,TRUE,7,normal,normal,0,4.00096023,9.002160519,manual_clip,PN03_passing_note_take03,/home/sagemaker-user/exam_proctoring_dataset/02_clips/passing_note/PN03_passing_note_take03.mp4,images/PN03_passing_note_take03/win_001_midframe_0061.jpg,correct,,
PN03_passing_note_take03.mp4,PN03_passing_note_take03,passing_note,A2,PN03,2,48,122,1.920460911,4.881171481,85,3.400816196,2,2,TRUE,TRUE,7,normal,normal,0.297297297,4.00096023,9.002160519,manual_clip,PN03_passing_note_take03,/home/sagemaker-user/exam_proctoring_dataset/02_clips/passing_note/PN03_passing_note_take03.mp4,images/PN03_passing_note_take03/win_002_midframe_0085.jpg,correct,,
PN03_passing_note_take03.mp4,PN03_passing_note_take03,passing_note,A2,PN03,3,72,146,2.880691366,5.841401936,109,4.361046651,2,2,TRUE,TRUE,7,passing_note,suspicious,0.621621622,4.00096023,9.002160519,manual_clip,PN03_passing_note_take03,/home/sagemaker-user/exam_proctoring_dataset/02_clips/passing_note/PN03_passing_note_take03.mp4,images/PN03_passing_note_take03/win_003_midframe_0109.jpg,correct,,
PN03_passing_note_take03.mp4,PN03_passing_note_take03,passing_note,A2,PN03,4,96,170,3.840921821,6.801632392,133,5.321277107,2,2,TRUE,TRUE,7,passing_note,suspicious,0.945945946,4.00096023,9.002160519,manual_clip,PN03_passing_note_take03,/home/sagemaker-user/exam_proctoring_dataset/02_clips/passing_note/PN03_passing_note_take03.mp4,images/PN03_passing_note_take03/win_004_midframe_0133.jpg,correct,,
PN03_passing_note_take03.mp4,PN03_passing_note_take03,passing_note,A2,PN03,5,120,194,4.801152277,7.761862847,157,6.281507562,2,1,FALSE,TRUE,7,passing_note,suspicious,1,4.00096023,9.002160519,manual_clip,PN03_passing_note_take03,/home/sagemaker-user/exam_proctoring_dataset/02_clips/passing_note/PN03_passing_note_take03.mp4,images/PN03_passing_note_take03/win_005_midframe_0157.jpg,exclude,,mismatch
PN03_passing_note_take03.mp4,PN03_passing_note_take03,passing_note,A2,PN03,6,144,218,5.761382732,8.722093302,181,7.241738017,2,1,FALSE,TRUE,6,passing_note,suspicious,1,4.00096023,9.002160519,manual_clip,PN03_passing_note_take03,/home/sagemaker-user/exam_proctoring_dataset/02_clips/passing_note/PN03_passing_note_take03.mp4,images/PN03_passing_note_take03/win_006_midframe_0181.jpg,exclude,,mismatch
PN03_passing_note_take03.mp4,PN03_passing_note_take03,passing_note,A2,PN03,7,168,242,6.721613187,9.682323758,205,8.201968472,2,1,FALSE,TRUE,6,passing_note,suspicious,0.77027027,4.00096023,9.002160519,manual_clip,PN03_passing_note_take03,/home/sagemaker-user/exam_proctoring_dataset/02_clips/passing_note/PN03_passing_note_take03.mp4,images/PN03_passing_note_take03/win_007_midframe_0205.jpg,exclude,,mismatch
PN03_passing_note_take05.mp4,PN03_passing_note_take05,passing_note,B4,PN03,0,0,74,0,2.960710571,37,1.480355285,6,7,FALSE,TRUE,8,normal,normal,0,4.00096023,7.001680403,manual_clip,PN03_passing_note_take05,/home/sagemaker-user/exam_proctoring_dataset/02_clips/passing_note/PN03_passing_note_take05.mp4,images/PN03_passing_note_take05/win_000_midframe_0037.jpg,exclude,,mismatch
PN03_passing_note_take05.mp4,PN03_passing_note_take05,passing_note,B4,PN03,1,24,98,0.960230455,3.920941026,61,2.440585741,6,7,FALSE,TRUE,8,normal,normal,0,4.00096023,7.001680403,manual_clip,PN03_passing_note_take05,/home/sagemaker-user/exam_proctoring_dataset/02_clips/passing_note/PN03_passing_note_take05.mp4,images/PN03_passing_note_take05/win_001_midframe_0061.jpg,exclude,,mismatch
PN03_passing_note_take05.mp4,PN03_passing_note_take05,passing_note,B4,PN03,2,48,122,1.920460911,4.881171481,85,3.400816196,6,7,FALSE,TRUE,8,normal,normal,0.297297297,4.00096023,7.001680403,manual_clip,PN03_passing_note_take05,/home/sagemaker-user/exam_proctoring_dataset/02_clips/passing_note/PN03_passing_note_take05.mp4,images/PN03_passing_note_take05/win_002_midframe_0085.jpg,exclude,,mismatch
PN03_passing_note_take05.mp4,PN03_passing_note_take05,passing_note,B4,PN03,3,72,146,2.880691366,5.841401936,109,4.361046651,6,7,FALSE,TRUE,8,passing_note,suspicious,0.621621622,4.00096023,7.001680403,manual_clip,PN03_passing_note_take05,/home/sagemaker-user/exam_proctoring_dataset/02_clips/passing_note/PN03_passing_note_take05.mp4,images/PN03_passing_note_take05/win_003_midframe_0109.jpg,exclude,,mismatch
PN03_passing_note_take05.mp4,PN03_passing_note_take05,passing_note,B4,PN03,4,96,170,3.840921821,6.801632392,133,5.321277107,6,6,TRUE,TRUE,8,passing_note,suspicious,0.945945946,4.00096023,7.001680403,manual_clip,PN03_passing_note_take05,/home/sagemaker-user/exam_proctoring_dataset/02_clips/passing_note/PN03_passing_note_take05.mp4,images/PN03_passing_note_take05/win_004_midframe_0133.jpg,correct,,
PN03_passing_note_take05.mp4,PN03_passing_note_take05,passing_note,B4,PN03,5,120,194,4.801152277,7.761862847,157,6.281507562,6,7,FALSE,TRUE,8,passing_note,suspicious,0.743243243,4.00096023,7.001680403,manual_clip,PN03_passing_note_take05,/home/sagemaker-user/exam_proctoring_dataset/02_clips/passing_note/PN03_passing_note_take05.mp4,images/PN03_passing_note_take05/win_005_midframe_0157.jpg,exclude,,mismatch
PN03_passing_note_take05.mp4,PN03_passing_note_take05,passing_note,B4,PN03,6,144,218,5.761382732,8.722093302,181,7.241738017,6,7,FALSE,TRUE,8,normal,normal,0.418918919,4.00096023,7.001680403,manual_clip,PN03_passing_note_take05,/home/sagemaker-user/exam_proctoring_dataset/02_clips/passing_note/PN03_passing_note_take05.mp4,images/PN03_passing_note_take05/win_006_midframe_0181.jpg,exclude,,mismatch
PN03_passing_note_take05.mp4,PN03_passing_note_take05,passing_note,B4,PN03,7,168,242,6.721613187,9.682323758,205,8.201968472,6,7,FALSE,TRUE,8,normal,normal,0.094594595,4.00096023,7.001680403,manual_clip,PN03_passing_note_take05,/home/sagemaker-user/exam_proctoring_dataset/02_clips/passing_note/PN03_passing_note_take05.mp4,images/PN03_passing_note_take05/win_007_midframe_0205.jpg,exclude,,mismatch
PN03_passing_note_take06.mp4,PN03_passing_note_take06,passing_note,B3,PN03,0,0,74,0,2.960710571,37,1.480355285,5,5,TRUE,TRUE,8,normal,normal,0,4.00096023,7.001680403,manual_clip,PN03_passing_note_take06,/home/sagemaker-user/exam_proctoring_dataset/02_clips/passing_note/PN03_passing_note_take06.mp4,images/PN03_passing_note_take06/win_000_midframe_0037.jpg,correct,,
PN03_passing_note_take06.mp4,PN03_passing_note_take06,passing_note,B3,PN03,1,24,98,0.960230455,3.920941026,61,2.440585741,5,5,TRUE,TRUE,8,normal,normal,0,4.00096023,7.001680403,manual_clip,PN03_passing_note_take06,/home/sagemaker-user/exam_proctoring_dataset/02_clips/passing_note/PN03_passing_note_take06.mp4,images/PN03_passing_note_take06/win_001_midframe_0061.jpg,correct,,
PN03_passing_note_take06.mp4,PN03_passing_note_take06,passing_note,B3,PN03,2,48,122,1.920460911,4.881171481,85,3.400816196,5,5,TRUE,TRUE,8,normal,normal,0.297297297,4.00096023,7.001680403,manual_clip,PN03_passing_note_take06,/home/sagemaker-user/exam_proctoring_dataset/02_clips/passing_note/PN03_passing_note_take06.mp4,images/PN03_passing_note_take06/win_002_midframe_0085.jpg,correct,,
PN03_passing_note_take06.mp4,PN03_passing_note_take06,passing_note,B3,PN03,3,72,146,2.880691366,5.841401936,109,4.361046651,5,5,TRUE,TRUE,8,passing_note,suspicious,0.621621622,4.00096023,7.001680403,manual_clip,PN03_passing_note_take06,/home/sagemaker-user/exam_proctoring_dataset/02_clips/passing_note/PN03_passing_note_take06.mp4,images/PN03_passing_note_take06/win_003_midframe_0109.jpg,correct,,
PN03_passing_note_take06.mp4,PN03_passing_note_take06,passing_note,B3,PN03,4,96,170,3.840921821,6.801632392,133,5.321277107,5,5,TRUE,TRUE,8,passing_note,suspicious,0.945945946,4.00096023,7.001680403,manual_clip,PN03_passing_note_take06,/home/sagemaker-user/exam_proctoring_dataset/02_clips/passing_note/PN03_passing_note_take06.mp4,images/PN03_passing_note_take06/win_004_midframe_0133.jpg,correct,,
PN03_passing_note_take06.mp4,PN03_passing_note_take06,passing_note,B3,PN03,5,120,194,4.801152277,7.761862847,157,6.281507562,5,5,TRUE,TRUE,8,passing_note,suspicious,0.743243243,4.00096023,7.001680403,manual_clip,PN03_passing_note_take06,/home/sagemaker-user/exam_proctoring_dataset/02_clips/passing_note/PN03_passing_note_take06.mp4,images/PN03_passing_note_take06/win_005_midframe_0157.jpg,correct,,
PN03_passing_note_take06.mp4,PN03_passing_note_take06,passing_note,B3,PN03,6,144,218,5.761382732,8.722093302,181,7.241738017,5,5,TRUE,TRUE,8,normal,normal,0.418918919,4.00096023,7.001680403,manual_clip,PN03_passing_note_take06,/home/sagemaker-user/exam_proctoring_dataset/02_clips/passing_note/PN03_passing_note_take06.mp4,images/PN03_passing_note_take06/win_006_midframe_0181.jpg,correct,,
PN03_passing_note_take06.mp4,PN03_passing_note_take06,passing_note,B3,PN03,7,168,242,6.721613187,9.682323758,205,8.201968472,5,5,TRUE,TRUE,8,normal,normal,0.094594595,4.00096023,7.001680403,manual_clip,PN03_passing_note_take06,/home/sagemaker-user/exam_proctoring_dataset/02_clips/passing_note/PN03_passing_note_take06.mp4,images/PN03_passing_note_take06/win_007_midframe_0205.jpg,correct,,
PN03_passing_note_take07.mp4,PN03_passing_note_take07,passing_note,B2,PN03,0,0,74,0,2.960710571,37,1.480355285,3,3,TRUE,TRUE,8,normal,normal,0,4.00096023,8.001920461,manual_clip,PN03_passing_note_take07,/home/sagemaker-user/exam_proctoring_dataset/02_clips/passing_note/PN03_passing_note_take07.mp4,images/PN03_passing_note_take07/win_000_midframe_0037.jpg,correct,,
PN03_passing_note_take07.mp4,PN03_passing_note_take07,passing_note,B2,PN03,1,24,98,0.960230455,3.920941026,61,2.440585741,3,3,TRUE,TRUE,8,normal,normal,0,4.00096023,8.001920461,manual_clip,PN03_passing_note_take07,/home/sagemaker-user/exam_proctoring_dataset/02_clips/passing_note/PN03_passing_note_take07.mp4,images/PN03_passing_note_take07/win_001_midframe_0061.jpg,correct,,
PN03_passing_note_take07.mp4,PN03_passing_note_take07,passing_note,B2,PN03,2,48,122,1.920460911,4.881171481,85,3.400816196,3,3,TRUE,TRUE,8,normal,normal,0.297297297,4.00096023,8.001920461,manual_clip,PN03_passing_note_take07,/home/sagemaker-user/exam_proctoring_dataset/02_clips/passing_note/PN03_passing_note_take07.mp4,images/PN03_passing_note_take07/win_002_midframe_0085.jpg,correct,,
PN03_passing_note_take07.mp4,PN03_passing_note_take07,passing_note,B2,PN03,3,72,146,2.880691366,5.841401936,109,4.361046651,3,3,TRUE,TRUE,8,passing_note,suspicious,0.621621622,4.00096023,8.001920461,manual_clip,PN03_passing_note_take07,/home/sagemaker-user/exam_proctoring_dataset/02_clips/passing_note/PN03_passing_note_take07.mp4,images/PN03_passing_note_take07/win_003_midframe_0109.jpg,correct,,
PN03_passing_note_take07.mp4,PN03_passing_note_take07,passing_note,B2,PN03,4,96,170,3.840921821,6.801632392,133,5.321277107,3,3,TRUE,TRUE,8,passing_note,suspicious,0.945945946,4.00096023,8.001920461,manual_clip,PN03_passing_note_take07,/home/sagemaker-user/exam_proctoring_dataset/02_clips/passing_note/PN03_passing_note_take07.mp4,images/PN03_passing_note_take07/win_004_midframe_0133.jpg,correct,,
PN03_passing_note_take07.mp4,PN03_passing_note_take07,passing_note,B2,PN03,5,120,194,4.801152277,7.761862847,157,6.281507562,3,3,TRUE,TRUE,8,passing_note,suspicious,1,4.00096023,8.001920461,manual_clip,PN03_passing_note_take07,/home/sagemaker-user/exam_proctoring_dataset/02_clips/passing_note/PN03_passing_note_take07.mp4,images/PN03_passing_note_take07/win_005_midframe_0157.jpg,correct,,
PN03_passing_note_take07.mp4,PN03_passing_note_take07,passing_note,B2,PN03,6,144,218,5.761382732,8.722093302,181,7.241738017,3,3,TRUE,TRUE,8,passing_note,suspicious,0.756756757,4.00096023,8.001920461,manual_clip,PN03_passing_note_take07,/home/sagemaker-user/exam_proctoring_dataset/02_clips/passing_note/PN03_passing_note_take07.mp4,images/PN03_passing_note_take07/win_006_midframe_0181.jpg,correct,,
PN03_passing_note_take07.mp4,PN03_passing_note_take07,passing_note,B2,PN03,7,168,242,6.721613187,9.682323758,205,8.201968472,3,3,TRUE,TRUE,8,normal,normal,0.432432432,4.00096023,8.001920461,manual_clip,PN03_passing_note_take07,/home/sagemaker-user/exam_proctoring_dataset/02_clips/passing_note/PN03_passing_note_take07.mp4,images/PN03_passing_note_take07/win_007_midframe_0205.jpg,correct,,
PN04_passing_note_take01.mp4,PN04_passing_note_take01,passing_note,A1,PN04,0,0,74,0,2.960947503,37,1.480473752,0,0,TRUE,TRUE,6,normal,normal,0,4.00128041,8.002560819,manual_clip,PN04_passing_note_take01,/home/sagemaker-user/exam_proctoring_dataset/02_clips/passing_note/PN04_passing_note_take01.mp4,images/PN04_passing_note_take01/win_000_midframe_0037.jpg,correct,,
PN04_passing_note_take01.mp4,PN04_passing_note_take01,passing_note,A1,PN04,1,24,98,0.960307298,3.921254802,61,2.44078105,0,0,TRUE,TRUE,8,normal,normal,0,4.00128041,8.002560819,manual_clip,PN04_passing_note_take01,/home/sagemaker-user/exam_proctoring_dataset/02_clips/passing_note/PN04_passing_note_take01.mp4,images/PN04_passing_note_take01/win_001_midframe_0061.jpg,correct,,
PN04_passing_note_take01.mp4,PN04_passing_note_take01,passing_note,A1,PN04,2,48,122,1.920614597,4.8815621,85,3.401088348,0,0,TRUE,TRUE,8,normal,normal,0.297297297,4.00128041,8.002560819,manual_clip,PN04_passing_note_take01,/home/sagemaker-user/exam_proctoring_dataset/02_clips/passing_note/PN04_passing_note_take01.mp4,images/PN04_passing_note_take01/win_002_midframe_0085.jpg,correct,,
PN04_passing_note_take01.mp4,PN04_passing_note_take01,passing_note,A1,PN04,3,72,146,2.880921895,5.841869398,109,4.361395647,0,0,TRUE,TRUE,8,passing_note,suspicious,0.621621622,4.00128041,8.002560819,manual_clip,PN04_passing_note_take01,/home/sagemaker-user/exam_proctoring_dataset/02_clips/passing_note/PN04_passing_note_take01.mp4,images/PN04_passing_note_take01/win_003_midframe_0109.jpg,correct,,
PN04_passing_note_take01.mp4,PN04_passing_note_take01,passing_note,A1,PN04,4,96,170,3.841229193,6.802176697,133,5.321702945,0,0,TRUE,TRUE,7,passing_note,suspicious,0.945945946,4.00128041,8.002560819,manual_clip,PN04_passing_note_take01,/home/sagemaker-user/exam_proctoring_dataset/02_clips/passing_note/PN04_passing_note_take01.mp4,images/PN04_passing_note_take01/win_004_midframe_0133.jpg,correct,,
PN04_passing_note_take01.mp4,PN04_passing_note_take01,passing_note,A1,PN04,5,120,194,4.801536492,7.762483995,157,6.282010243,0,0,TRUE,TRUE,6,passing_note,suspicious,1,4.00128041,8.002560819,manual_clip,PN04_passing_note_take01,/home/sagemaker-user/exam_proctoring_dataset/02_clips/passing_note/PN04_passing_note_take01.mp4,images/PN04_passing_note_take01/win_005_midframe_0157.jpg,correct,,
PN04_passing_note_take01.mp4,PN04_passing_note_take01,passing_note,A1,PN04,6,144,218,5.76184379,8.722791293,181,7.242317542,0,0,TRUE,TRUE,7,passing_note,suspicious,0.756756757,4.00128041,8.002560819,manual_clip,PN04_passing_note_take01,/home/sagemaker-user/exam_proctoring_dataset/02_clips/passing_note/PN04_passing_note_take01.mp4,images/PN04_passing_note_take01/win_006_midframe_0181.jpg,correct,,
PN04_passing_note_take01.mp4,PN04_passing_note_take01,passing_note,A1,PN04,7,168,242,6.722151088,9.683098592,205,8.20262484,0,0,TRUE,TRUE,7,normal,normal,0.432432432,4.00128041,8.002560819,manual_clip,PN04_passing_note_take01,/home/sagemaker-user/exam_proctoring_dataset/02_clips/passing_note/PN04_passing_note_take01.mp4,images/PN04_passing_note_take01/win_007_midframe_0205.jpg,correct,,
PN04_passing_note_take02.mp4,PN04_passing_note_take02,passing_note,A2,PN04,0,0,74,0,2.960947503,37,1.480473752,2,2,TRUE,TRUE,7,normal,normal,0,5.001600512,8.002560819,manual_clip,PN04_passing_note_take02,/home/sagemaker-user/exam_proctoring_dataset/02_clips/passing_note/PN04_passing_note_take02.mp4,images/PN04_passing_note_take02/win_000_midframe_0037.jpg,correct,,
PN04_passing_note_take02.mp4,PN04_passing_note_take02,passing_note,A2,PN04,1,24,98,0.960307298,3.921254802,61,2.44078105,2,2,TRUE,TRUE,8,normal,normal,0,5.001600512,8.002560819,manual_clip,PN04_passing_note_take02,/home/sagemaker-user/exam_proctoring_dataset/02_clips/passing_note/PN04_passing_note_take02.mp4,images/PN04_passing_note_take02/win_001_midframe_0061.jpg,correct,,
PN04_passing_note_take02.mp4,PN04_passing_note_take02,passing_note,A2,PN04,2,48,122,1.920614597,4.8815621,85,3.401088348,2,2,TRUE,TRUE,7,normal,normal,0,5.001600512,8.002560819,manual_clip,PN04_passing_note_take02,/home/sagemaker-user/exam_proctoring_dataset/02_clips/passing_note/PN04_passing_note_take02.mp4,images/PN04_passing_note_take02/win_002_midframe_0085.jpg,correct,,
PN04_passing_note_take02.mp4,PN04_passing_note_take02,passing_note,A2,PN04,3,72,146,2.880921895,5.841869398,109,4.361395647,2,2,TRUE,TRUE,6,normal,normal,0.283783784,5.001600512,8.002560819,manual_clip,PN04_passing_note_take02,/home/sagemaker-user/exam_proctoring_dataset/02_clips/passing_note/PN04_passing_note_take02.mp4,images/PN04_passing_note_take02/win_003_midframe_0109.jpg,correct,,
PN04_passing_note_take02.mp4,PN04_passing_note_take02,passing_note,A2,PN04,4,96,170,3.841229193,6.802176697,133,5.321702945,2,2,TRUE,TRUE,6,passing_note,suspicious,0.608108108,5.001600512,8.002560819,manual_clip,PN04_passing_note_take02,/home/sagemaker-user/exam_proctoring_dataset/02_clips/passing_note/PN04_passing_note_take02.mp4,images/PN04_passing_note_take02/win_004_midframe_0133.jpg,correct,,
PN04_passing_note_take02.mp4,PN04_passing_note_take02,passing_note,A2,PN04,5,120,194,4.801536492,7.762483995,157,6.282010243,2,2,TRUE,TRUE,8,passing_note,suspicious,0.932432432,5.001600512,8.002560819,manual_clip,PN04_passing_note_take02,/home/sagemaker-user/exam_proctoring_dataset/02_clips/passing_note/PN04_passing_note_take02.mp4,images/PN04_passing_note_take02/win_005_midframe_0157.jpg,correct,,
PN04_passing_note_take02.mp4,PN04_passing_note_take02,passing_note,A2,PN04,6,144,218,5.76184379,8.722791293,181,7.242317542,2,2,TRUE,TRUE,8,passing_note,suspicious,0.756756757,5.001600512,8.002560819,manual_clip,PN04_passing_note_take02,/home/sagemaker-user/exam_proctoring_dataset/02_clips/passing_note/PN04_passing_note_take02.mp4,images/PN04_passing_note_take02/win_006_midframe_0181.jpg,correct,,
PN04_passing_note_take02.mp4,PN04_passing_note_take02,passing_note,A2,PN04,7,168,242,6.722151088,9.683098592,205,8.20262484,2,2,TRUE,TRUE,8,normal,normal,0.432432432,5.001600512,8.002560819,manual_clip,PN04_passing_note_take02,/home/sagemaker-user/exam_proctoring_dataset/02_clips/passing_note/PN04_passing_note_take02.mp4,images/PN04_passing_note_take02/win_007_midframe_0205.jpg,correct,,
PN04_passing_note_take03.mp4,PN04_passing_note_take03,passing_note,A3,PN04,0,0,74,0,2.960947503,37,1.480473752,4,4,TRUE,TRUE,8,normal,normal,0,4.00128041,8.002560819,manual_clip,PN04_passing_note_take03,/home/sagemaker-user/exam_proctoring_dataset/02_clips/passing_note/PN04_passing_note_take03.mp4,images/PN04_passing_note_take03/win_000_midframe_0037.jpg,correct,,
PN04_passing_note_take03.mp4,PN04_passing_note_take03,passing_note,A3,PN04,1,24,98,0.960307298,3.921254802,61,2.44078105,4,4,TRUE,TRUE,8,normal,normal,0,4.00128041,8.002560819,manual_clip,PN04_passing_note_take03,/home/sagemaker-user/exam_proctoring_dataset/02_clips/passing_note/PN04_passing_note_take03.mp4,images/PN04_passing_note_take03/win_001_midframe_0061.jpg,correct,,
PN04_passing_note_take03.mp4,PN04_passing_note_take03,passing_note,A3,PN04,2,48,122,1.920614597,4.8815621,85,3.401088348,4,4,TRUE,TRUE,8,normal,normal,0.297297297,4.00128041,8.002560819,manual_clip,PN04_passing_note_take03,/home/sagemaker-user/exam_proctoring_dataset/02_clips/passing_note/PN04_passing_note_take03.mp4,images/PN04_passing_note_take03/win_002_midframe_0085.jpg,correct,,
PN04_passing_note_take03.mp4,PN04_passing_note_take03,passing_note,A3,PN04,3,72,146,2.880921895,5.841869398,109,4.361395647,4,4,TRUE,TRUE,8,passing_note,suspicious,0.621621622,4.00128041,8.002560819,manual_clip,PN04_passing_note_take03,/home/sagemaker-user/exam_proctoring_dataset/02_clips/passing_note/PN04_passing_note_take03.mp4,images/PN04_passing_note_take03/win_003_midframe_0109.jpg,correct,,
PN04_passing_note_take03.mp4,PN04_passing_note_take03,passing_note,A3,PN04,4,96,170,3.841229193,6.802176697,133,5.321702945,4,4,TRUE,TRUE,8,passing_note,suspicious,0.945945946,4.00128041,8.002560819,manual_clip,PN04_passing_note_take03,/home/sagemaker-user/exam_proctoring_dataset/02_clips/passing_note/PN04_passing_note_take03.mp4,images/PN04_passing_note_take03/win_004_midframe_0133.jpg,correct,,
PN04_passing_note_take03.mp4,PN04_passing_note_take03,passing_note,A3,PN04,5,120,194,4.801536492,7.762483995,157,6.282010243,4,4,TRUE,TRUE,8,passing_note,suspicious,1,4.00128041,8.002560819,manual_clip,PN04_passing_note_take03,/home/sagemaker-user/exam_proctoring_dataset/02_clips/passing_note/PN04_passing_note_take03.mp4,images/PN04_passing_note_take03/win_005_midframe_0157.jpg,correct,,
PN04_passing_note_take03.mp4,PN04_passing_note_take03,passing_note,A3,PN04,6,144,218,5.76184379,8.722791293,181,7.242317542,4,4,TRUE,TRUE,8,passing_note,suspicious,0.756756757,4.00128041,8.002560819,manual_clip,PN04_passing_note_take03,/home/sagemaker-user/exam_proctoring_dataset/02_clips/passing_note/PN04_passing_note_take03.mp4,images/PN04_passing_note_take03/win_006_midframe_0181.jpg,correct,,
PN04_passing_note_take03.mp4,PN04_passing_note_take03,passing_note,A3,PN04,7,168,242,6.722151088,9.683098592,205,8.20262484,4,4,TRUE,TRUE,8,normal,normal,0.432432432,4.00128041,8.002560819,manual_clip,PN04_passing_note_take03,/home/sagemaker-user/exam_proctoring_dataset/02_clips/passing_note/PN04_passing_note_take03.mp4,images/PN04_passing_note_take03/win_007_midframe_0205.jpg,correct,,
PN04_passing_note_take04.mp4,PN04_passing_note_take04,passing_note,A4,PN04,0,0,74,0,2.960947503,37,1.480473752,6,6,TRUE,TRUE,7,normal,normal,0,5.001600512,8.002560819,manual_clip,PN04_passing_note_take04,/home/sagemaker-user/exam_proctoring_dataset/02_clips/passing_note/PN04_passing_note_take04.mp4,images/PN04_passing_note_take04/win_000_midframe_0037.jpg,correct,,
PN04_passing_note_take04.mp4,PN04_passing_note_take04,passing_note,A4,PN04,1,24,98,0.960307298,3.921254802,61,2.44078105,6,-1,FALSE,FALSE,6,normal,normal,0,5.001600512,8.002560819,manual_clip,PN04_passing_note_take04,/home/sagemaker-user/exam_proctoring_dataset/02_clips/passing_note/PN04_passing_note_take04.mp4,images/PN04_passing_note_take04/win_001_midframe_0061.jpg,exclude,,mismatch
PN04_passing_note_take04.mp4,PN04_passing_note_take04,passing_note,A4,PN04,2,48,122,1.920614597,4.8815621,85,3.401088348,6,6,TRUE,TRUE,7,normal,normal,0,5.001600512,8.002560819,manual_clip,PN04_passing_note_take04,/home/sagemaker-user/exam_proctoring_dataset/02_clips/passing_note/PN04_passing_note_take04.mp4,images/PN04_passing_note_take04/win_002_midframe_0085.jpg,correct,,
PN04_passing_note_take04.mp4,PN04_passing_note_take04,passing_note,A4,PN04,3,72,146,2.880921895,5.841869398,109,4.361395647,6,-1,FALSE,FALSE,6,normal,normal,0.283783784,5.001600512,8.002560819,manual_clip,PN04_passing_note_take04,/home/sagemaker-user/exam_proctoring_dataset/02_clips/passing_note/PN04_passing_note_take04.mp4,images/PN04_passing_note_take04/win_003_midframe_0109.jpg,exclude,,mismatch
PN04_passing_note_take04.mp4,PN04_passing_note_take04,passing_note,A4,PN04,4,96,170,3.841229193,6.802176697,133,5.321702945,6,6,TRUE,TRUE,8,passing_note,suspicious,0.608108108,5.001600512,8.002560819,manual_clip,PN04_passing_note_take04,/home/sagemaker-user/exam_proctoring_dataset/02_clips/passing_note/PN04_passing_note_take04.mp4,images/PN04_passing_note_take04/win_004_midframe_0133.jpg,correct,,
PN04_passing_note_take04.mp4,PN04_passing_note_take04,passing_note,A4,PN04,5,120,194,4.801536492,7.762483995,157,6.282010243,6,6,TRUE,TRUE,8,passing_note,suspicious,0.932432432,5.001600512,8.002560819,manual_clip,PN04_passing_note_take04,/home/sagemaker-user/exam_proctoring_dataset/02_clips/passing_note/PN04_passing_note_take04.mp4,images/PN04_passing_note_take04/win_005_midframe_0157.jpg,correct,,
PN04_passing_note_take04.mp4,PN04_passing_note_take04,passing_note,A4,PN04,6,144,218,5.76184379,8.722791293,181,7.242317542,6,6,TRUE,TRUE,8,passing_note,suspicious,0.756756757,5.001600512,8.002560819,manual_clip,PN04_passing_note_take04,/home/sagemaker-user/exam_proctoring_dataset/02_clips/passing_note/PN04_passing_note_take04.mp4,images/PN04_passing_note_take04/win_006_midframe_0181.jpg,correct,,
PN04_passing_note_take04.mp4,PN04_passing_note_take04,passing_note,A4,PN04,7,168,242,6.722151088,9.683098592,205,8.20262484,6,6,TRUE,TRUE,8,normal,normal,0.432432432,5.001600512,8.002560819,manual_clip,PN04_passing_note_take04,/home/sagemaker-user/exam_proctoring_dataset/02_clips/passing_note/PN04_passing_note_take04.mp4,images/PN04_passing_note_take04/win_007_midframe_0205.jpg,correct,,
PN04_passing_note_take05.mp4,PN04_passing_note_take05,passing_note,B1,PN04,0,0,74,0,2.960947503,37,1.480473752,1,1,TRUE,TRUE,6,normal,normal,0,5.001600512,8.002560819,manual_clip,PN04_passing_note_take05,/home/sagemaker-user/exam_proctoring_dataset/02_clips/passing_note/PN04_passing_note_take05.mp4,images/PN04_passing_note_take05/win_000_midframe_0037.jpg,correct,,
PN04_passing_note_take05.mp4,PN04_passing_note_take05,passing_note,B1,PN04,1,24,98,0.960307298,3.921254802,61,2.44078105,1,1,TRUE,TRUE,7,normal,normal,0,5.001600512,8.002560819,manual_clip,PN04_passing_note_take05,/home/sagemaker-user/exam_proctoring_dataset/02_clips/passing_note/PN04_passing_note_take05.mp4,images/PN04_passing_note_take05/win_001_midframe_0061.jpg,correct,,
PN04_passing_note_take05.mp4,PN04_passing_note_take05,passing_note,B1,PN04,2,48,122,1.920614597,4.8815621,85,3.401088348,1,1,TRUE,TRUE,7,normal,normal,0,5.001600512,8.002560819,manual_clip,PN04_passing_note_take05,/home/sagemaker-user/exam_proctoring_dataset/02_clips/passing_note/PN04_passing_note_take05.mp4,images/PN04_passing_note_take05/win_002_midframe_0085.jpg,correct,,
PN04_passing_note_take05.mp4,PN04_passing_note_take05,passing_note,B1,PN04,3,72,146,2.880921895,5.841869398,109,4.361395647,1,1,TRUE,TRUE,7,normal,normal,0.283783784,5.001600512,8.002560819,manual_clip,PN04_passing_note_take05,/home/sagemaker-user/exam_proctoring_dataset/02_clips/passing_note/PN04_passing_note_take05.mp4,images/PN04_passing_note_take05/win_003_midframe_0109.jpg,correct,,
PN04_passing_note_take05.mp4,PN04_passing_note_take05,passing_note,B1,PN04,4,96,170,3.841229193,6.802176697,133,5.321702945,1,1,TRUE,TRUE,6,passing_note,suspicious,0.608108108,5.001600512,8.002560819,manual_clip,PN04_passing_note_take05,/home/sagemaker-user/exam_proctoring_dataset/02_clips/passing_note/PN04_passing_note_take05.mp4,images/PN04_passing_note_take05/win_004_midframe_0133.jpg,correct,,
PN04_passing_note_take05.mp4,PN04_passing_note_take05,passing_note,B1,PN04,5,120,194,4.801536492,7.762483995,157,6.282010243,1,1,TRUE,TRUE,7,passing_note,suspicious,0.932432432,5.001600512,8.002560819,manual_clip,PN04_passing_note_take05,/home/sagemaker-user/exam_proctoring_dataset/02_clips/passing_note/PN04_passing_note_take05.mp4,images/PN04_passing_note_take05/win_005_midframe_0157.jpg,correct,,
PN04_passing_note_take05.mp4,PN04_passing_note_take05,passing_note,B1,PN04,6,144,218,5.76184379,8.722791293,181,7.242317542,1,1,TRUE,TRUE,7,passing_note,suspicious,0.756756757,5.001600512,8.002560819,manual_clip,PN04_passing_note_take05,/home/sagemaker-user/exam_proctoring_dataset/02_clips/passing_note/PN04_passing_note_take05.mp4,images/PN04_passing_note_take05/win_006_midframe_0181.jpg,correct,,
PN04_passing_note_take05.mp4,PN04_passing_note_take05,passing_note,B1,PN04,7,168,242,6.722151088,9.683098592,205,8.20262484,1,1,TRUE,TRUE,8,normal,normal,0.432432432,5.001600512,8.002560819,manual_clip,PN04_passing_note_take05,/home/sagemaker-user/exam_proctoring_dataset/02_clips/passing_note/PN04_passing_note_take05.mp4,images/PN04_passing_note_take05/win_007_midframe_0205.jpg,correct,,
PN04_passing_note_take06.mp4,PN04_passing_note_take06,passing_note,B2,PN04,0,0,74,0,2.960947503,37,1.480473752,3,3,TRUE,TRUE,6,normal,normal,0,4.00128041,8.002560819,manual_clip,PN04_passing_note_take06,/home/sagemaker-user/exam_proctoring_dataset/02_clips/passing_note/PN04_passing_note_take06.mp4,images/PN04_passing_note_take06/win_000_midframe_0037.jpg,correct,,
PN04_passing_note_take06.mp4,PN04_passing_note_take06,passing_note,B2,PN04,1,24,98,0.960307298,3.921254802,61,2.44078105,3,3,TRUE,TRUE,8,normal,normal,0,4.00128041,8.002560819,manual_clip,PN04_passing_note_take06,/home/sagemaker-user/exam_proctoring_dataset/02_clips/passing_note/PN04_passing_note_take06.mp4,images/PN04_passing_note_take06/win_001_midframe_0061.jpg,correct,,
PN04_passing_note_take06.mp4,PN04_passing_note_take06,passing_note,B2,PN04,2,48,122,1.920614597,4.8815621,85,3.401088348,3,3,TRUE,TRUE,8,normal,normal,0.297297297,4.00128041,8.002560819,manual_clip,PN04_passing_note_take06,/home/sagemaker-user/exam_proctoring_dataset/02_clips/passing_note/PN04_passing_note_take06.mp4,images/PN04_passing_note_take06/win_002_midframe_0085.jpg,correct,,
PN04_passing_note_take06.mp4,PN04_passing_note_take06,passing_note,B2,PN04,3,72,146,2.880921895,5.841869398,109,4.361395647,3,3,TRUE,TRUE,8,passing_note,suspicious,0.621621622,4.00128041,8.002560819,manual_clip,PN04_passing_note_take06,/home/sagemaker-user/exam_proctoring_dataset/02_clips/passing_note/PN04_passing_note_take06.mp4,images/PN04_passing_note_take06/win_003_midframe_0109.jpg,correct,,
PN04_passing_note_take06.mp4,PN04_passing_note_take06,passing_note,B2,PN04,4,96,170,3.841229193,6.802176697,133,5.321702945,3,3,TRUE,TRUE,8,passing_note,suspicious,0.945945946,4.00128041,8.002560819,manual_clip,PN04_passing_note_take06,/home/sagemaker-user/exam_proctoring_dataset/02_clips/passing_note/PN04_passing_note_take06.mp4,images/PN04_passing_note_take06/win_004_midframe_0133.jpg,correct,,
PN04_passing_note_take06.mp4,PN04_passing_note_take06,passing_note,B2,PN04,5,120,194,4.801536492,7.762483995,157,6.282010243,3,3,TRUE,TRUE,8,passing_note,suspicious,1,4.00128041,8.002560819,manual_clip,PN04_passing_note_take06,/home/sagemaker-user/exam_proctoring_dataset/02_clips/passing_note/PN04_passing_note_take06.mp4,images/PN04_passing_note_take06/win_005_midframe_0157.jpg,correct,,
PN04_passing_note_take06.mp4,PN04_passing_note_take06,passing_note,B2,PN04,6,144,218,5.76184379,8.722791293,181,7.242317542,3,3,TRUE,TRUE,8,passing_note,suspicious,0.756756757,4.00128041,8.002560819,manual_clip,PN04_passing_note_take06,/home/sagemaker-user/exam_proctoring_dataset/02_clips/passing_note/PN04_passing_note_take06.mp4,images/PN04_passing_note_take06/win_006_midframe_0181.jpg,correct,,
PN04_passing_note_take06.mp4,PN04_passing_note_take06,passing_note,B2,PN04,7,168,242,6.722151088,9.683098592,205,8.20262484,3,3,TRUE,TRUE,8,normal,normal,0.432432432,4.00128041,8.002560819,manual_clip,PN04_passing_note_take06,/home/sagemaker-user/exam_proctoring_dataset/02_clips/passing_note/PN04_passing_note_take06.mp4,images/PN04_passing_note_take06/win_007_midframe_0205.jpg,correct,,
PN04_passing_note_take07.mp4,PN04_passing_note_take07,passing_note,B3,PN04,0,0,74,0,2.960947503,37,1.480473752,5,5,TRUE,TRUE,8,normal,normal,0,4.00128041,8.002560819,manual_clip,PN04_passing_note_take07,/home/sagemaker-user/exam_proctoring_dataset/02_clips/passing_note/PN04_passing_note_take07.mp4,images/PN04_passing_note_take07/win_000_midframe_0037.jpg,correct,,
PN04_passing_note_take07.mp4,PN04_passing_note_take07,passing_note,B3,PN04,1,24,98,0.960307298,3.921254802,61,2.44078105,5,5,TRUE,TRUE,8,normal,normal,0,4.00128041,8.002560819,manual_clip,PN04_passing_note_take07,/home/sagemaker-user/exam_proctoring_dataset/02_clips/passing_note/PN04_passing_note_take07.mp4,images/PN04_passing_note_take07/win_001_midframe_0061.jpg,correct,,
PN04_passing_note_take07.mp4,PN04_passing_note_take07,passing_note,B3,PN04,2,48,122,1.920614597,4.8815621,85,3.401088348,5,5,TRUE,TRUE,8,normal,normal,0.297297297,4.00128041,8.002560819,manual_clip,PN04_passing_note_take07,/home/sagemaker-user/exam_proctoring_dataset/02_clips/passing_note/PN04_passing_note_take07.mp4,images/PN04_passing_note_take07/win_002_midframe_0085.jpg,correct,,
PN04_passing_note_take07.mp4,PN04_passing_note_take07,passing_note,B3,PN04,3,72,146,2.880921895,5.841869398,109,4.361395647,5,5,TRUE,TRUE,8,passing_note,suspicious,0.621621622,4.00128041,8.002560819,manual_clip,PN04_passing_note_take07,/home/sagemaker-user/exam_proctoring_dataset/02_clips/passing_note/PN04_passing_note_take07.mp4,images/PN04_passing_note_take07/win_003_midframe_0109.jpg,correct,,
PN04_passing_note_take07.mp4,PN04_passing_note_take07,passing_note,B3,PN04,4,96,170,3.841229193,6.802176697,133,5.321702945,5,5,TRUE,TRUE,8,passing_note,suspicious,0.945945946,4.00128041,8.002560819,manual_clip,PN04_passing_note_take07,/home/sagemaker-user/exam_proctoring_dataset/02_clips/passing_note/PN04_passing_note_take07.mp4,images/PN04_passing_note_take07/win_004_midframe_0133.jpg,correct,,
PN04_passing_note_take07.mp4,PN04_passing_note_take07,passing_note,B3,PN04,5,120,194,4.801536492,7.762483995,157,6.282010243,5,5,TRUE,TRUE,8,passing_note,suspicious,1,4.00128041,8.002560819,manual_clip,PN04_passing_note_take07,/home/sagemaker-user/exam_proctoring_dataset/02_clips/passing_note/PN04_passing_note_take07.mp4,images/PN04_passing_note_take07/win_005_midframe_0157.jpg,correct,,
PN04_passing_note_take07.mp4,PN04_passing_note_take07,passing_note,B3,PN04,6,144,218,5.76184379,8.722791293,181,7.242317542,5,5,TRUE,TRUE,8,passing_note,suspicious,0.756756757,4.00128041,8.002560819,manual_clip,PN04_passing_note_take07,/home/sagemaker-user/exam_proctoring_dataset/02_clips/passing_note/PN04_passing_note_take07.mp4,images/PN04_passing_note_take07/win_006_midframe_0181.jpg,correct,,
PN04_passing_note_take07.mp4,PN04_passing_note_take07,passing_note,B3,PN04,7,168,242,6.722151088,9.683098592,205,8.20262484,5,5,TRUE,TRUE,8,normal,normal,0.432432432,4.00128041,8.002560819,manual_clip,PN04_passing_note_take07,/home/sagemaker-user/exam_proctoring_dataset/02_clips/passing_note/PN04_passing_note_take07.mp4,images/PN04_passing_note_take07/win_007_midframe_0205.jpg,correct,,
PN04_passing_note_take08.mp4,PN04_passing_note_take08,passing_note,B4,PN04,0,0,74,0,2.960947503,37,1.480473752,7,7,TRUE,TRUE,8,normal,normal,0,7.002240717,9.002880922,manual_clip,PN04_passing_note_take08,/home/sagemaker-user/exam_proctoring_dataset/02_clips/passing_note/PN04_passing_note_take08.mp4,images/PN04_passing_note_take08/win_000_midframe_0037.jpg,correct,,
PN04_passing_note_take08.mp4,PN04_passing_note_take08,passing_note,B4,PN04,1,24,98,0.960307298,3.921254802,61,2.44078105,7,7,TRUE,TRUE,8,normal,normal,0,7.002240717,9.002880922,manual_clip,PN04_passing_note_take08,/home/sagemaker-user/exam_proctoring_dataset/02_clips/passing_note/PN04_passing_note_take08.mp4,images/PN04_passing_note_take08/win_001_midframe_0061.jpg,correct,,
PN04_passing_note_take08.mp4,PN04_passing_note_take08,passing_note,B4,PN04,2,48,122,1.920614597,4.8815621,85,3.401088348,7,7,TRUE,TRUE,8,normal,normal,0,7.002240717,9.002880922,manual_clip,PN04_passing_note_take08,/home/sagemaker-user/exam_proctoring_dataset/02_clips/passing_note/PN04_passing_note_take08.mp4,images/PN04_passing_note_take08/win_002_midframe_0085.jpg,correct,,
PN04_passing_note_take08.mp4,PN04_passing_note_take08,passing_note,B4,PN04,3,72,146,2.880921895,5.841869398,109,4.361395647,7,7,TRUE,TRUE,8,normal,normal,0,7.002240717,9.002880922,manual_clip,PN04_passing_note_take08,/home/sagemaker-user/exam_proctoring_dataset/02_clips/passing_note/PN04_passing_note_take08.mp4,images/PN04_passing_note_take08/win_003_midframe_0109.jpg,correct,,
PN04_passing_note_take08.mp4,PN04_passing_note_take08,passing_note,B4,PN04,4,96,170,3.841229193,6.802176697,133,5.321702945,7,7,TRUE,TRUE,8,normal,normal,0,7.002240717,9.002880922,manual_clip,PN04_passing_note_take08,/home/sagemaker-user/exam_proctoring_dataset/02_clips/passing_note/PN04_passing_note_take08.mp4,images/PN04_passing_note_take08/win_004_midframe_0133.jpg,correct,,
PN04_passing_note_take08.mp4,PN04_passing_note_take08,passing_note,B4,PN04,5,120,194,4.801536492,7.762483995,157,6.282010243,7,7,TRUE,TRUE,8,normal,normal,0.256756757,7.002240717,9.002880922,manual_clip,PN04_passing_note_take08,/home/sagemaker-user/exam_proctoring_dataset/02_clips/passing_note/PN04_passing_note_take08.mp4,images/PN04_passing_note_take08/win_005_midframe_0157.jpg,correct,,
PN04_passing_note_take08.mp4,PN04_passing_note_take08,passing_note,B4,PN04,6,144,218,5.76184379,8.722791293,181,7.242317542,7,7,TRUE,TRUE,8,normal,normal,0.581081081,7.002240717,9.002880922,manual_clip,PN04_passing_note_take08,/home/sagemaker-user/exam_proctoring_dataset/02_clips/passing_note/PN04_passing_note_take08.mp4,images/PN04_passing_note_take08/win_006_midframe_0181.jpg,correct,,
PN04_passing_note_take08.mp4,PN04_passing_note_take08,passing_note,B4,PN04,7,168,242,6.722151088,9.683098592,205,8.20262484,7,7,TRUE,TRUE,8,passing_note,suspicious,0.675675676,7.002240717,9.002880922,manual_clip,PN04_passing_note_take08,/home/sagemaker-user/exam_proctoring_dataset/02_clips/passing_note/PN04_passing_note_take08.mp4,images/PN04_passing_note_take08/win_007_midframe_0205.jpg,correct,,
PN05_passing_note_take01.mp4,PN05_passing_note_take01,passing_note,A1,PN05,0,0,74,0,2.960829032,37,1.480414516,0,0,TRUE,TRUE,6,normal,normal,0,4.001120314,8.002240627,manual_clip,PN05_passing_note_take01,/home/sagemaker-user/exam_proctoring_dataset/02_clips/passing_note/PN05_passing_note_take01.mp4,images/PN05_passing_note_take01/win_000_midframe_0037.jpg,correct,,
PN05_passing_note_take01.mp4,PN05_passing_note_take01,passing_note,A1,PN05,1,24,98,0.960268875,3.921097907,61,2.440683391,0,0,TRUE,TRUE,6,normal,normal,0,4.001120314,8.002240627,manual_clip,PN05_passing_note_take01,/home/sagemaker-user/exam_proctoring_dataset/02_clips/passing_note/PN05_passing_note_take01.mp4,images/PN05_passing_note_take01/win_001_midframe_0061.jpg,correct,,
PN05_passing_note_take01.mp4,PN05_passing_note_take01,passing_note,A1,PN05,2,48,122,1.920537751,4.881366783,85,3.400952267,0,0,TRUE,TRUE,8,normal,normal,0.297297297,4.001120314,8.002240627,manual_clip,PN05_passing_note_take01,/home/sagemaker-user/exam_proctoring_dataset/02_clips/passing_note/PN05_passing_note_take01.mp4,images/PN05_passing_note_take01/win_002_midframe_0085.jpg,correct,,
PN05_passing_note_take01.mp4,PN05_passing_note_take01,passing_note,A1,PN05,3,72,146,2.880806626,5.841635658,109,4.361221142,0,0,TRUE,TRUE,8,passing_note,suspicious,0.621621622,4.001120314,8.002240627,manual_clip,PN05_passing_note_take01,/home/sagemaker-user/exam_proctoring_dataset/02_clips/passing_note/PN05_passing_note_take01.mp4,images/PN05_passing_note_take01/win_003_midframe_0109.jpg,correct,,
PN05_passing_note_take01.mp4,PN05_passing_note_take01,passing_note,A1,PN05,4,96,170,3.841075501,6.801904533,133,5.321490017,0,0,TRUE,TRUE,7,passing_note,suspicious,0.945945946,4.001120314,8.002240627,manual_clip,PN05_passing_note_take01,/home/sagemaker-user/exam_proctoring_dataset/02_clips/passing_note/PN05_passing_note_take01.mp4,images/PN05_passing_note_take01/win_004_midframe_0133.jpg,correct,,
PN05_passing_note_take01.mp4,PN05_passing_note_take01,passing_note,A1,PN05,5,120,194,4.801344376,7.762173409,157,6.281758892,0,0,TRUE,TRUE,7,passing_note,suspicious,1,4.001120314,8.002240627,manual_clip,PN05_passing_note_take01,/home/sagemaker-user/exam_proctoring_dataset/02_clips/passing_note/PN05_passing_note_take01.mp4,images/PN05_passing_note_take01/win_005_midframe_0157.jpg,correct,,
PN05_passing_note_take01.mp4,PN05_passing_note_take01,passing_note,A1,PN05,6,144,218,5.761613252,8.722442284,181,7.242027768,0,0,TRUE,TRUE,7,passing_note,suspicious,0.756756757,4.001120314,8.002240627,manual_clip,PN05_passing_note_take01,/home/sagemaker-user/exam_proctoring_dataset/02_clips/passing_note/PN05_passing_note_take01.mp4,images/PN05_passing_note_take01/win_006_midframe_0181.jpg,correct,,
PN05_passing_note_take01.mp4,PN05_passing_note_take01,passing_note,A1,PN05,7,168,242,6.721882127,9.682711159,205,8.202296643,0,0,TRUE,TRUE,7,normal,normal,0.432432432,4.001120314,8.002240627,manual_clip,PN05_passing_note_take01,/home/sagemaker-user/exam_proctoring_dataset/02_clips/passing_note/PN05_passing_note_take01.mp4,images/PN05_passing_note_take01/win_007_midframe_0205.jpg,correct,,
PN05_passing_note_take02.mp4,PN05_passing_note_take02,passing_note,A2,PN05,0,0,74,0,2.960829032,37,1.480414516,2,2,TRUE,TRUE,7,normal,normal,0,4.001120314,8.002240627,manual_clip,PN05_passing_note_take02,/home/sagemaker-user/exam_proctoring_dataset/02_clips/passing_note/PN05_passing_note_take02.mp4,images/PN05_passing_note_take02/win_000_midframe_0037.jpg,correct,,
PN05_passing_note_take02.mp4,PN05_passing_note_take02,passing_note,A2,PN05,1,24,98,0.960268875,3.921097907,61,2.440683391,2,2,TRUE,TRUE,7,normal,normal,0,4.001120314,8.002240627,manual_clip,PN05_passing_note_take02,/home/sagemaker-user/exam_proctoring_dataset/02_clips/passing_note/PN05_passing_note_take02.mp4,images/PN05_passing_note_take02/win_001_midframe_0061.jpg,correct,,
PN05_passing_note_take02.mp4,PN05_passing_note_take02,passing_note,A2,PN05,2,48,122,1.920537751,4.881366783,85,3.400952267,2,2,TRUE,TRUE,7,normal,normal,0.297297297,4.001120314,8.002240627,manual_clip,PN05_passing_note_take02,/home/sagemaker-user/exam_proctoring_dataset/02_clips/passing_note/PN05_passing_note_take02.mp4,images/PN05_passing_note_take02/win_002_midframe_0085.jpg,correct,,
PN05_passing_note_take02.mp4,PN05_passing_note_take02,passing_note,A2,PN05,3,72,146,2.880806626,5.841635658,109,4.361221142,2,2,TRUE,TRUE,7,passing_note,suspicious,0.621621622,4.001120314,8.002240627,manual_clip,PN05_passing_note_take02,/home/sagemaker-user/exam_proctoring_dataset/02_clips/passing_note/PN05_passing_note_take02.mp4,images/PN05_passing_note_take02/win_003_midframe_0109.jpg,correct,,
PN05_passing_note_take02.mp4,PN05_passing_note_take02,passing_note,A2,PN05,4,96,170,3.841075501,6.801904533,133,5.321490017,2,2,TRUE,TRUE,7,passing_note,suspicious,0.945945946,4.001120314,8.002240627,manual_clip,PN05_passing_note_take02,/home/sagemaker-user/exam_proctoring_dataset/02_clips/passing_note/PN05_passing_note_take02.mp4,images/PN05_passing_note_take02/win_004_midframe_0133.jpg,correct,,
PN05_passing_note_take02.mp4,PN05_passing_note_take02,passing_note,A2,PN05,5,120,194,4.801344376,7.762173409,157,6.281758892,2,2,TRUE,TRUE,7,passing_note,suspicious,1,4.001120314,8.002240627,manual_clip,PN05_passing_note_take02,/home/sagemaker-user/exam_proctoring_dataset/02_clips/passing_note/PN05_passing_note_take02.mp4,images/PN05_passing_note_take02/win_005_midframe_0157.jpg,correct,,
PN05_passing_note_take02.mp4,PN05_passing_note_take02,passing_note,A2,PN05,6,144,218,5.761613252,8.722442284,181,7.242027768,2,2,TRUE,TRUE,7,passing_note,suspicious,0.756756757,4.001120314,8.002240627,manual_clip,PN05_passing_note_take02,/home/sagemaker-user/exam_proctoring_dataset/02_clips/passing_note/PN05_passing_note_take02.mp4,images/PN05_passing_note_take02/win_006_midframe_0181.jpg,correct,,
PN05_passing_note_take02.mp4,PN05_passing_note_take02,passing_note,A2,PN05,7,168,242,6.721882127,9.682711159,205,8.202296643,2,2,TRUE,TRUE,8,normal,normal,0.432432432,4.001120314,8.002240627,manual_clip,PN05_passing_note_take02,/home/sagemaker-user/exam_proctoring_dataset/02_clips/passing_note/PN05_passing_note_take02.mp4,images/PN05_passing_note_take02/win_007_midframe_0205.jpg,correct,,
PN05_passing_note_take05.mp4,PN05_passing_note_take05,passing_note,B1,PN05,0,0,74,0,2.960829032,37,1.480414516,1,1,TRUE,TRUE,8,normal,normal,0,5.001400392,8.002240627,manual_clip,PN05_passing_note_take05,/home/sagemaker-user/exam_proctoring_dataset/02_clips/passing_note/PN05_passing_note_take05.mp4,images/PN05_passing_note_take05/win_000_midframe_0037.jpg,correct,,
PN05_passing_note_take05.mp4,PN05_passing_note_take05,passing_note,B1,PN05,1,24,98,0.960268875,3.921097907,61,2.440683391,1,1,TRUE,TRUE,8,normal,normal,0,5.001400392,8.002240627,manual_clip,PN05_passing_note_take05,/home/sagemaker-user/exam_proctoring_dataset/02_clips/passing_note/PN05_passing_note_take05.mp4,images/PN05_passing_note_take05/win_001_midframe_0061.jpg,correct,,
PN05_passing_note_take05.mp4,PN05_passing_note_take05,passing_note,B1,PN05,2,48,122,1.920537751,4.881366783,85,3.400952267,1,1,TRUE,TRUE,8,normal,normal,0,5.001400392,8.002240627,manual_clip,PN05_passing_note_take05,/home/sagemaker-user/exam_proctoring_dataset/02_clips/passing_note/PN05_passing_note_take05.mp4,images/PN05_passing_note_take05/win_002_midframe_0085.jpg,correct,,
PN05_passing_note_take05.mp4,PN05_passing_note_take05,passing_note,B1,PN05,3,72,146,2.880806626,5.841635658,109,4.361221142,1,1,TRUE,TRUE,8,normal,normal,0.283783784,5.001400392,8.002240627,manual_clip,PN05_passing_note_take05,/home/sagemaker-user/exam_proctoring_dataset/02_clips/passing_note/PN05_passing_note_take05.mp4,images/PN05_passing_note_take05/win_003_midframe_0109.jpg,correct,,
PN05_passing_note_take05.mp4,PN05_passing_note_take05,passing_note,B1,PN05,4,96,170,3.841075501,6.801904533,133,5.321490017,1,1,TRUE,TRUE,8,passing_note,suspicious,0.608108108,5.001400392,8.002240627,manual_clip,PN05_passing_note_take05,/home/sagemaker-user/exam_proctoring_dataset/02_clips/passing_note/PN05_passing_note_take05.mp4,images/PN05_passing_note_take05/win_004_midframe_0133.jpg,correct,,
PN05_passing_note_take05.mp4,PN05_passing_note_take05,passing_note,B1,PN05,5,120,194,4.801344376,7.762173409,157,6.281758892,1,1,TRUE,TRUE,8,passing_note,suspicious,0.932432432,5.001400392,8.002240627,manual_clip,PN05_passing_note_take05,/home/sagemaker-user/exam_proctoring_dataset/02_clips/passing_note/PN05_passing_note_take05.mp4,images/PN05_passing_note_take05/win_005_midframe_0157.jpg,correct,,
PN05_passing_note_take05.mp4,PN05_passing_note_take05,passing_note,B1,PN05,6,144,218,5.761613252,8.722442284,181,7.242027768,1,1,TRUE,TRUE,8,passing_note,suspicious,0.756756757,5.001400392,8.002240627,manual_clip,PN05_passing_note_take05,/home/sagemaker-user/exam_proctoring_dataset/02_clips/passing_note/PN05_passing_note_take05.mp4,images/PN05_passing_note_take05/win_006_midframe_0181.jpg,correct,,
PN05_passing_note_take05.mp4,PN05_passing_note_take05,passing_note,B1,PN05,7,168,242,6.721882127,9.682711159,205,8.202296643,1,1,TRUE,TRUE,8,normal,normal,0.432432432,5.001400392,8.002240627,manual_clip,PN05_passing_note_take05,/home/sagemaker-user/exam_proctoring_dataset/02_clips/passing_note/PN05_passing_note_take05.mp4,images/PN05_passing_note_take05/win_007_midframe_0205.jpg,correct,,
PN05_passing_note_take06.mp4,PN05_passing_note_take06,passing_note,B2,PN05,0,0,74,0,2.960829032,37,1.480414516,3,3,TRUE,TRUE,7,normal,normal,0,4.001120314,8.002240627,manual_clip,PN05_passing_note_take06,/home/sagemaker-user/exam_proctoring_dataset/02_clips/passing_note/PN05_passing_note_take06.mp4,images/PN05_passing_note_take06/win_000_midframe_0037.jpg,correct,,
PN05_passing_note_take06.mp4,PN05_passing_note_take06,passing_note,B2,PN05,1,24,98,0.960268875,3.921097907,61,2.440683391,3,3,TRUE,TRUE,8,normal,normal,0,4.001120314,8.002240627,manual_clip,PN05_passing_note_take06,/home/sagemaker-user/exam_proctoring_dataset/02_clips/passing_note/PN05_passing_note_take06.mp4,images/PN05_passing_note_take06/win_001_midframe_0061.jpg,correct,,
PN05_passing_note_take06.mp4,PN05_passing_note_take06,passing_note,B2,PN05,2,48,122,1.920537751,4.881366783,85,3.400952267,3,3,TRUE,TRUE,8,normal,normal,0.297297297,4.001120314,8.002240627,manual_clip,PN05_passing_note_take06,/home/sagemaker-user/exam_proctoring_dataset/02_clips/passing_note/PN05_passing_note_take06.mp4,images/PN05_passing_note_take06/win_002_midframe_0085.jpg,correct,,
PN05_passing_note_take06.mp4,PN05_passing_note_take06,passing_note,B2,PN05,3,72,146,2.880806626,5.841635658,109,4.361221142,3,3,TRUE,TRUE,8,passing_note,suspicious,0.621621622,4.001120314,8.002240627,manual_clip,PN05_passing_note_take06,/home/sagemaker-user/exam_proctoring_dataset/02_clips/passing_note/PN05_passing_note_take06.mp4,images/PN05_passing_note_take06/win_003_midframe_0109.jpg,correct,,
PN05_passing_note_take06.mp4,PN05_passing_note_take06,passing_note,B2,PN05,4,96,170,3.841075501,6.801904533,133,5.321490017,3,3,TRUE,TRUE,8,passing_note,suspicious,0.945945946,4.001120314,8.002240627,manual_clip,PN05_passing_note_take06,/home/sagemaker-user/exam_proctoring_dataset/02_clips/passing_note/PN05_passing_note_take06.mp4,images/PN05_passing_note_take06/win_004_midframe_0133.jpg,correct,,
PN05_passing_note_take06.mp4,PN05_passing_note_take06,passing_note,B2,PN05,5,120,194,4.801344376,7.762173409,157,6.281758892,3,4,FALSE,TRUE,6,passing_note,suspicious,1,4.001120314,8.002240627,manual_clip,PN05_passing_note_take06,/home/sagemaker-user/exam_proctoring_dataset/02_clips/passing_note/PN05_passing_note_take06.mp4,images/PN05_passing_note_take06/win_005_midframe_0157.jpg,exclude,,"mismatch+ its should be B2 , box is on B3"
PN05_passing_note_take06.mp4,PN05_passing_note_take06,passing_note,B2,PN05,6,144,218,5.761613252,8.722442284,181,7.242027768,3,3,TRUE,TRUE,8,passing_note,suspicious,0.756756757,4.001120314,8.002240627,manual_clip,PN05_passing_note_take06,/home/sagemaker-user/exam_proctoring_dataset/02_clips/passing_note/PN05_passing_note_take06.mp4,images/PN05_passing_note_take06/win_006_midframe_0181.jpg,correct,,
PN05_passing_note_take06.mp4,PN05_passing_note_take06,passing_note,B2,PN05,7,168,242,6.721882127,9.682711159,205,8.202296643,3,3,TRUE,TRUE,8,normal,normal,0.432432432,4.001120314,8.002240627,manual_clip,PN05_passing_note_take06,/home/sagemaker-user/exam_proctoring_dataset/02_clips/passing_note/PN05_passing_note_take06.mp4,images/PN05_passing_note_take06/win_007_midframe_0205.jpg,correct,,
PN05_passing_note_take07.mp4,PN05_passing_note_take07,passing_note,B3,PN05,0,0,74,0,2.960829032,37,1.480414516,5,5,TRUE,TRUE,8,normal,normal,0,5.001400392,8.002240627,manual_clip,PN05_passing_note_take07,/home/sagemaker-user/exam_proctoring_dataset/02_clips/passing_note/PN05_passing_note_take07.mp4,images/PN05_passing_note_take07/win_000_midframe_0037.jpg,correct,,
PN05_passing_note_take07.mp4,PN05_passing_note_take07,passing_note,B3,PN05,1,24,98,0.960268875,3.921097907,61,2.440683391,5,5,TRUE,TRUE,8,normal,normal,0,5.001400392,8.002240627,manual_clip,PN05_passing_note_take07,/home/sagemaker-user/exam_proctoring_dataset/02_clips/passing_note/PN05_passing_note_take07.mp4,images/PN05_passing_note_take07/win_001_midframe_0061.jpg,correct,,
PN05_passing_note_take07.mp4,PN05_passing_note_take07,passing_note,B3,PN05,2,48,122,1.920537751,4.881366783,85,3.400952267,5,5,TRUE,TRUE,8,normal,normal,0,5.001400392,8.002240627,manual_clip,PN05_passing_note_take07,/home/sagemaker-user/exam_proctoring_dataset/02_clips/passing_note/PN05_passing_note_take07.mp4,images/PN05_passing_note_take07/win_002_midframe_0085.jpg,correct,,
PN05_passing_note_take07.mp4,PN05_passing_note_take07,passing_note,B3,PN05,3,72,146,2.880806626,5.841635658,109,4.361221142,5,5,TRUE,TRUE,8,normal,normal,0.283783784,5.001400392,8.002240627,manual_clip,PN05_passing_note_take07,/home/sagemaker-user/exam_proctoring_dataset/02_clips/passing_note/PN05_passing_note_take07.mp4,images/PN05_passing_note_take07/win_003_midframe_0109.jpg,correct,,
PN05_passing_note_take07.mp4,PN05_passing_note_take07,passing_note,B3,PN05,4,96,170,3.841075501,6.801904533,133,5.321490017,5,5,TRUE,TRUE,8,passing_note,suspicious,0.608108108,5.001400392,8.002240627,manual_clip,PN05_passing_note_take07,/home/sagemaker-user/exam_proctoring_dataset/02_clips/passing_note/PN05_passing_note_take07.mp4,images/PN05_passing_note_take07/win_004_midframe_0133.jpg,correct,,
PN05_passing_note_take07.mp4,PN05_passing_note_take07,passing_note,B3,PN05,5,120,194,4.801344376,7.762173409,157,6.281758892,5,5,TRUE,TRUE,8,passing_note,suspicious,0.932432432,5.001400392,8.002240627,manual_clip,PN05_passing_note_take07,/home/sagemaker-user/exam_proctoring_dataset/02_clips/passing_note/PN05_passing_note_take07.mp4,images/PN05_passing_note_take07/win_005_midframe_0157.jpg,correct,,
PN05_passing_note_take07.mp4,PN05_passing_note_take07,passing_note,B3,PN05,6,144,218,5.761613252,8.722442284,181,7.242027768,5,5,TRUE,TRUE,8,passing_note,suspicious,0.756756757,5.001400392,8.002240627,manual_clip,PN05_passing_note_take07,/home/sagemaker-user/exam_proctoring_dataset/02_clips/passing_note/PN05_passing_note_take07.mp4,images/PN05_passing_note_take07/win_006_midframe_0181.jpg,correct,,
PN05_passing_note_take07.mp4,PN05_passing_note_take07,passing_note,B3,PN05,7,168,242,6.721882127,9.682711159,205,8.202296643,5,5,TRUE,TRUE,8,normal,normal,0.432432432,5.001400392,8.002240627,manual_clip,PN05_passing_note_take07,/home/sagemaker-user/exam_proctoring_dataset/02_clips/passing_note/PN05_passing_note_take07.mp4,images/PN05_passing_note_take07/win_007_midframe_0205.jpg,correct,,
L01_looking_sideways_take01.mp4,L01_looking_sideways_take01,looking_sideways,A1,L01,0,0,74,0,2.962962963,37,1.481481481,0,0,TRUE,TRUE,8,normal,normal,0,3.003003003,8.008008008,manual_clip,L01_looking_sideways_take01,/home/sagemaker-user/exam_proctoring_dataset/02_clips/looking_sideways/L01_looking_sideways_take01.mp4,images/L01_looking_sideways_take01/win_000_midframe_0037.jpg,correct,,
L01_looking_sideways_take01.mp4,L01_looking_sideways_take01,looking_sideways,A1,L01,1,24,98,0.960960961,3.923923924,61,2.442442442,0,0,TRUE,TRUE,8,normal,normal,0.310810811,3.003003003,8.008008008,manual_clip,L01_looking_sideways_take01,/home/sagemaker-user/exam_proctoring_dataset/02_clips/looking_sideways/L01_looking_sideways_take01.mp4,images/L01_looking_sideways_take01/win_001_midframe_0061.jpg,correct,,
L01_looking_sideways_take01.mp4,L01_looking_sideways_take01,looking_sideways,A1,L01,2,48,122,1.921921922,4.884884885,85,3.403403403,0,0,TRUE,TRUE,8,looking_sideways,suspicious,0.635135135,3.003003003,8.008008008,manual_clip,L01_looking_sideways_take01,/home/sagemaker-user/exam_proctoring_dataset/02_clips/looking_sideways/L01_looking_sideways_take01.mp4,images/L01_looking_sideways_take01/win_002_midframe_0085.jpg,correct,,
L01_looking_sideways_take01.mp4,L01_looking_sideways_take01,looking_sideways,A1,L01,3,72,146,2.882882883,5.845845846,109,4.364364364,0,0,TRUE,TRUE,8,looking_sideways,suspicious,0.959459459,3.003003003,8.008008008,manual_clip,L01_looking_sideways_take01,/home/sagemaker-user/exam_proctoring_dataset/02_clips/looking_sideways/L01_looking_sideways_take01.mp4,images/L01_looking_sideways_take01/win_003_midframe_0109.jpg,correct,,
L01_looking_sideways_take01.mp4,L01_looking_sideways_take01,looking_sideways,A1,L01,4,96,170,3.843843844,6.806806807,133,5.325325325,0,0,TRUE,TRUE,8,looking_sideways,suspicious,1,3.003003003,8.008008008,manual_clip,L01_looking_sideways_take01,/home/sagemaker-user/exam_proctoring_dataset/02_clips/looking_sideways/L01_looking_sideways_take01.mp4,images/L01_looking_sideways_take01/win_004_midframe_0133.jpg,correct,,
L01_looking_sideways_take01.mp4,L01_looking_sideways_take01,looking_sideways,A1,L01,5,120,194,4.804804805,7.767767768,157,6.286286286,0,0,TRUE,TRUE,8,looking_sideways,suspicious,1,3.003003003,8.008008008,manual_clip,L01_looking_sideways_take01,/home/sagemaker-user/exam_proctoring_dataset/02_clips/looking_sideways/L01_looking_sideways_take01.mp4,images/L01_looking_sideways_take01/win_005_midframe_0157.jpg,correct,,
L01_looking_sideways_take01.mp4,L01_looking_sideways_take01,looking_sideways,A1,L01,6,144,218,5.765765766,8.728728729,181,7.247247247,0,0,TRUE,TRUE,7,looking_sideways,suspicious,0.756756757,3.003003003,8.008008008,manual_clip,L01_looking_sideways_take01,/home/sagemaker-user/exam_proctoring_dataset/02_clips/looking_sideways/L01_looking_sideways_take01.mp4,images/L01_looking_sideways_take01/win_006_midframe_0181.jpg,correct,,
L01_looking_sideways_take01.mp4,L01_looking_sideways_take01,looking_sideways,A1,L01,7,168,242,6.726726727,9.68968969,205,8.208208208,0,0,TRUE,TRUE,8,normal,normal,0.432432432,3.003003003,8.008008008,manual_clip,L01_looking_sideways_take01,/home/sagemaker-user/exam_proctoring_dataset/02_clips/looking_sideways/L01_looking_sideways_take01.mp4,images/L01_looking_sideways_take01/win_007_midframe_0205.jpg,correct,,
L01_looking_sideways_take02.mp4,L01_looking_sideways_take02,looking_sideways,A2,L01,0,0,74,0,2.962962963,37,1.481481481,2,2,TRUE,TRUE,7,normal,normal,0,4.004004004,8.008008008,manual_clip,L01_looking_sideways_take02,/home/sagemaker-user/exam_proctoring_dataset/02_clips/looking_sideways/L01_looking_sideways_take02.mp4,images/L01_looking_sideways_take02/win_000_midframe_0037.jpg,correct,,
L01_looking_sideways_take02.mp4,L01_looking_sideways_take02,looking_sideways,A2,L01,1,24,98,0.960960961,3.923923924,61,2.442442442,2,2,TRUE,TRUE,8,normal,normal,0,4.004004004,8.008008008,manual_clip,L01_looking_sideways_take02,/home/sagemaker-user/exam_proctoring_dataset/02_clips/looking_sideways/L01_looking_sideways_take02.mp4,images/L01_looking_sideways_take02/win_001_midframe_0061.jpg,correct,,
L01_looking_sideways_take02.mp4,L01_looking_sideways_take02,looking_sideways,A2,L01,2,48,122,1.921921922,4.884884885,85,3.403403403,2,2,TRUE,TRUE,7,normal,normal,0.297297297,4.004004004,8.008008008,manual_clip,L01_looking_sideways_take02,/home/sagemaker-user/exam_proctoring_dataset/02_clips/looking_sideways/L01_looking_sideways_take02.mp4,images/L01_looking_sideways_take02/win_002_midframe_0085.jpg,correct,,
L01_looking_sideways_take02.mp4,L01_looking_sideways_take02,looking_sideways,A2,L01,3,72,146,2.882882883,5.845845846,109,4.364364364,2,2,TRUE,TRUE,7,looking_sideways,suspicious,0.621621622,4.004004004,8.008008008,manual_clip,L01_looking_sideways_take02,/home/sagemaker-user/exam_proctoring_dataset/02_clips/looking_sideways/L01_looking_sideways_take02.mp4,images/L01_looking_sideways_take02/win_003_midframe_0109.jpg,correct,,
L01_looking_sideways_take02.mp4,L01_looking_sideways_take02,looking_sideways,A2,L01,4,96,170,3.843843844,6.806806807,133,5.325325325,2,2,TRUE,TRUE,8,looking_sideways,suspicious,0.945945946,4.004004004,8.008008008,manual_clip,L01_looking_sideways_take02,/home/sagemaker-user/exam_proctoring_dataset/02_clips/looking_sideways/L01_looking_sideways_take02.mp4,images/L01_looking_sideways_take02/win_004_midframe_0133.jpg,correct,,
L01_looking_sideways_take02.mp4,L01_looking_sideways_take02,looking_sideways,A2,L01,5,120,194,4.804804805,7.767767768,157,6.286286286,2,2,TRUE,TRUE,7,looking_sideways,suspicious,1,4.004004004,8.008008008,manual_clip,L01_looking_sideways_take02,/home/sagemaker-user/exam_proctoring_dataset/02_clips/looking_sideways/L01_looking_sideways_take02.mp4,images/L01_looking_sideways_take02/win_005_midframe_0157.jpg,correct,,
L01_looking_sideways_take02.mp4,L01_looking_sideways_take02,looking_sideways,A2,L01,6,144,218,5.765765766,8.728728729,181,7.247247247,2,2,TRUE,TRUE,7,looking_sideways,suspicious,0.756756757,4.004004004,8.008008008,manual_clip,L01_looking_sideways_take02,/home/sagemaker-user/exam_proctoring_dataset/02_clips/looking_sideways/L01_looking_sideways_take02.mp4,images/L01_looking_sideways_take02/win_006_midframe_0181.jpg,correct,,
L01_looking_sideways_take02.mp4,L01_looking_sideways_take02,looking_sideways,A2,L01,7,168,242,6.726726727,9.68968969,205,8.208208208,2,2,TRUE,TRUE,7,normal,normal,0.432432432,4.004004004,8.008008008,manual_clip,L01_looking_sideways_take02,/home/sagemaker-user/exam_proctoring_dataset/02_clips/looking_sideways/L01_looking_sideways_take02.mp4,images/L01_looking_sideways_take02/win_007_midframe_0205.jpg,correct,,
L01_looking_sideways_take03.mp4,L01_looking_sideways_take03,looking_sideways,A3,L01,0,0,74,0,2.962962963,37,1.481481481,4,4,TRUE,TRUE,7,looking_sideways,suspicious,0.662162162,1.001001001,8.008008008,manual_clip,L01_looking_sideways_take03,/home/sagemaker-user/exam_proctoring_dataset/02_clips/looking_sideways/L01_looking_sideways_take03.mp4,images/L01_looking_sideways_take03/win_000_midframe_0037.jpg,correct,,
L01_looking_sideways_take03.mp4,L01_looking_sideways_take03,looking_sideways,A3,L01,1,24,98,0.960960961,3.923923924,61,2.442442442,4,4,TRUE,TRUE,7,looking_sideways,suspicious,0.986486486,1.001001001,8.008008008,manual_clip,L01_looking_sideways_take03,/home/sagemaker-user/exam_proctoring_dataset/02_clips/looking_sideways/L01_looking_sideways_take03.mp4,images/L01_looking_sideways_take03/win_001_midframe_0061.jpg,correct,,
L01_looking_sideways_take03.mp4,L01_looking_sideways_take03,looking_sideways,A3,L01,2,48,122,1.921921922,4.884884885,85,3.403403403,4,4,TRUE,TRUE,7,looking_sideways,suspicious,1,1.001001001,8.008008008,manual_clip,L01_looking_sideways_take03,/home/sagemaker-user/exam_proctoring_dataset/02_clips/looking_sideways/L01_looking_sideways_take03.mp4,images/L01_looking_sideways_take03/win_002_midframe_0085.jpg,correct,,
L01_looking_sideways_take03.mp4,L01_looking_sideways_take03,looking_sideways,A3,L01,3,72,146,2.882882883,5.845845846,109,4.364364364,4,4,TRUE,TRUE,7,looking_sideways,suspicious,1,1.001001001,8.008008008,manual_clip,L01_looking_sideways_take03,/home/sagemaker-user/exam_proctoring_dataset/02_clips/looking_sideways/L01_looking_sideways_take03.mp4,images/L01_looking_sideways_take03/win_003_midframe_0109.jpg,correct,,
L01_looking_sideways_take03.mp4,L01_looking_sideways_take03,looking_sideways,A3,L01,4,96,170,3.843843844,6.806806807,133,5.325325325,4,4,TRUE,TRUE,7,looking_sideways,suspicious,1,1.001001001,8.008008008,manual_clip,L01_looking_sideways_take03,/home/sagemaker-user/exam_proctoring_dataset/02_clips/looking_sideways/L01_looking_sideways_take03.mp4,images/L01_looking_sideways_take03/win_004_midframe_0133.jpg,correct,,
L01_looking_sideways_take03.mp4,L01_looking_sideways_take03,looking_sideways,A3,L01,5,120,194,4.804804805,7.767767768,157,6.286286286,4,4,TRUE,TRUE,7,looking_sideways,suspicious,1,1.001001001,8.008008008,manual_clip,L01_looking_sideways_take03,/home/sagemaker-user/exam_proctoring_dataset/02_clips/looking_sideways/L01_looking_sideways_take03.mp4,images/L01_looking_sideways_take03/win_005_midframe_0157.jpg,correct,,
L01_looking_sideways_take03.mp4,L01_looking_sideways_take03,looking_sideways,A3,L01,6,144,218,5.765765766,8.728728729,181,7.247247247,4,4,TRUE,TRUE,7,looking_sideways,suspicious,0.756756757,1.001001001,8.008008008,manual_clip,L01_looking_sideways_take03,/home/sagemaker-user/exam_proctoring_dataset/02_clips/looking_sideways/L01_looking_sideways_take03.mp4,images/L01_looking_sideways_take03/win_006_midframe_0181.jpg,correct,,
L01_looking_sideways_take03.mp4,L01_looking_sideways_take03,looking_sideways,A3,L01,7,168,242,6.726726727,9.68968969,205,8.208208208,4,4,TRUE,TRUE,7,normal,normal,0.432432432,1.001001001,8.008008008,manual_clip,L01_looking_sideways_take03,/home/sagemaker-user/exam_proctoring_dataset/02_clips/looking_sideways/L01_looking_sideways_take03.mp4,images/L01_looking_sideways_take03/win_007_midframe_0205.jpg,correct,,
L01_looking_sideways_take04.mp4,L01_looking_sideways_take04,looking_sideways,A4,L01,0,0,74,0,2.962962963,37,1.481481481,6,6,TRUE,TRUE,7,normal,normal,0,4.004004004,9.009009009,manual_clip,L01_looking_sideways_take04,/home/sagemaker-user/exam_proctoring_dataset/02_clips/looking_sideways/L01_looking_sideways_take04.mp4,images/L01_looking_sideways_take04/win_000_midframe_0037.jpg,correct,,
L01_looking_sideways_take04.mp4,L01_looking_sideways_take04,looking_sideways,A4,L01,1,24,98,0.960960961,3.923923924,61,2.442442442,6,6,TRUE,TRUE,7,normal,normal,0,4.004004004,9.009009009,manual_clip,L01_looking_sideways_take04,/home/sagemaker-user/exam_proctoring_dataset/02_clips/looking_sideways/L01_looking_sideways_take04.mp4,images/L01_looking_sideways_take04/win_001_midframe_0061.jpg,correct,,
L01_looking_sideways_take04.mp4,L01_looking_sideways_take04,looking_sideways,A4,L01,2,48,122,1.921921922,4.884884885,85,3.403403403,6,6,TRUE,TRUE,7,normal,normal,0.297297297,4.004004004,9.009009009,manual_clip,L01_looking_sideways_take04,/home/sagemaker-user/exam_proctoring_dataset/02_clips/looking_sideways/L01_looking_sideways_take04.mp4,images/L01_looking_sideways_take04/win_002_midframe_0085.jpg,correct,,
L01_looking_sideways_take04.mp4,L01_looking_sideways_take04,looking_sideways,A4,L01,3,72,146,2.882882883,5.845845846,109,4.364364364,6,6,TRUE,TRUE,7,looking_sideways,suspicious,0.621621622,4.004004004,9.009009009,manual_clip,L01_looking_sideways_take04,/home/sagemaker-user/exam_proctoring_dataset/02_clips/looking_sideways/L01_looking_sideways_take04.mp4,images/L01_looking_sideways_take04/win_003_midframe_0109.jpg,correct,,
L01_looking_sideways_take04.mp4,L01_looking_sideways_take04,looking_sideways,A4,L01,4,96,170,3.843843844,6.806806807,133,5.325325325,6,6,TRUE,TRUE,7,looking_sideways,suspicious,0.945945946,4.004004004,9.009009009,manual_clip,L01_looking_sideways_take04,/home/sagemaker-user/exam_proctoring_dataset/02_clips/looking_sideways/L01_looking_sideways_take04.mp4,images/L01_looking_sideways_take04/win_004_midframe_0133.jpg,correct,,
L01_looking_sideways_take04.mp4,L01_looking_sideways_take04,looking_sideways,A4,L01,5,120,194,4.804804805,7.767767768,157,6.286286286,6,6,TRUE,TRUE,7,looking_sideways,suspicious,1,4.004004004,9.009009009,manual_clip,L01_looking_sideways_take04,/home/sagemaker-user/exam_proctoring_dataset/02_clips/looking_sideways/L01_looking_sideways_take04.mp4,images/L01_looking_sideways_take04/win_005_midframe_0157.jpg,correct,,
L01_looking_sideways_take04.mp4,L01_looking_sideways_take04,looking_sideways,A4,L01,6,144,218,5.765765766,8.728728729,181,7.247247247,6,6,TRUE,TRUE,7,looking_sideways,suspicious,1,4.004004004,9.009009009,manual_clip,L01_looking_sideways_take04,/home/sagemaker-user/exam_proctoring_dataset/02_clips/looking_sideways/L01_looking_sideways_take04.mp4,images/L01_looking_sideways_take04/win_006_midframe_0181.jpg,correct,,
L01_looking_sideways_take04.mp4,L01_looking_sideways_take04,looking_sideways,A4,L01,7,168,242,6.726726727,9.68968969,205,8.208208208,6,6,TRUE,TRUE,7,looking_sideways,suspicious,0.77027027,4.004004004,9.009009009,manual_clip,L01_looking_sideways_take04,/home/sagemaker-user/exam_proctoring_dataset/02_clips/looking_sideways/L01_looking_sideways_take04.mp4,images/L01_looking_sideways_take04/win_007_midframe_0205.jpg,correct,,
L01_looking_sideways_take05.mp4,L01_looking_sideways_take05,looking_sideways,B1,L01,0,0,74,0,2.962962963,37,1.481481481,1,1,TRUE,TRUE,7,normal,normal,0,4.004004004,8.008008008,manual_clip,L01_looking_sideways_take05,/home/sagemaker-user/exam_proctoring_dataset/02_clips/looking_sideways/L01_looking_sideways_take05.mp4,images/L01_looking_sideways_take05/win_000_midframe_0037.jpg,correct,,
L01_looking_sideways_take05.mp4,L01_looking_sideways_take05,looking_sideways,B1,L01,1,24,98,0.960960961,3.923923924,61,2.442442442,1,1,TRUE,TRUE,7,normal,normal,0,4.004004004,8.008008008,manual_clip,L01_looking_sideways_take05,/home/sagemaker-user/exam_proctoring_dataset/02_clips/looking_sideways/L01_looking_sideways_take05.mp4,images/L01_looking_sideways_take05/win_001_midframe_0061.jpg,correct,,
L01_looking_sideways_take05.mp4,L01_looking_sideways_take05,looking_sideways,B1,L01,2,48,122,1.921921922,4.884884885,85,3.403403403,1,1,TRUE,TRUE,7,normal,normal,0.297297297,4.004004004,8.008008008,manual_clip,L01_looking_sideways_take05,/home/sagemaker-user/exam_proctoring_dataset/02_clips/looking_sideways/L01_looking_sideways_take05.mp4,images/L01_looking_sideways_take05/win_002_midframe_0085.jpg,correct,,
L01_looking_sideways_take05.mp4,L01_looking_sideways_take05,looking_sideways,B1,L01,3,72,146,2.882882883,5.845845846,109,4.364364364,1,1,TRUE,TRUE,7,looking_sideways,suspicious,0.621621622,4.004004004,8.008008008,manual_clip,L01_looking_sideways_take05,/home/sagemaker-user/exam_proctoring_dataset/02_clips/looking_sideways/L01_looking_sideways_take05.mp4,images/L01_looking_sideways_take05/win_003_midframe_0109.jpg,correct,,
L01_looking_sideways_take05.mp4,L01_looking_sideways_take05,looking_sideways,B1,L01,4,96,170,3.843843844,6.806806807,133,5.325325325,1,1,TRUE,TRUE,7,looking_sideways,suspicious,0.945945946,4.004004004,8.008008008,manual_clip,L01_looking_sideways_take05,/home/sagemaker-user/exam_proctoring_dataset/02_clips/looking_sideways/L01_looking_sideways_take05.mp4,images/L01_looking_sideways_take05/win_004_midframe_0133.jpg,correct,,
L01_looking_sideways_take05.mp4,L01_looking_sideways_take05,looking_sideways,B1,L01,5,120,194,4.804804805,7.767767768,157,6.286286286,1,1,TRUE,TRUE,7,looking_sideways,suspicious,1,4.004004004,8.008008008,manual_clip,L01_looking_sideways_take05,/home/sagemaker-user/exam_proctoring_dataset/02_clips/looking_sideways/L01_looking_sideways_take05.mp4,images/L01_looking_sideways_take05/win_005_midframe_0157.jpg,correct,,
L01_looking_sideways_take05.mp4,L01_looking_sideways_take05,looking_sideways,B1,L01,6,144,218,5.765765766,8.728728729,181,7.247247247,1,1,TRUE,TRUE,7,looking_sideways,suspicious,0.756756757,4.004004004,8.008008008,manual_clip,L01_looking_sideways_take05,/home/sagemaker-user/exam_proctoring_dataset/02_clips/looking_sideways/L01_looking_sideways_take05.mp4,images/L01_looking_sideways_take05/win_006_midframe_0181.jpg,correct,,
L01_looking_sideways_take05.mp4,L01_looking_sideways_take05,looking_sideways,B1,L01,7,168,242,6.726726727,9.68968969,205,8.208208208,1,1,TRUE,TRUE,7,normal,normal,0.432432432,4.004004004,8.008008008,manual_clip,L01_looking_sideways_take05,/home/sagemaker-user/exam_proctoring_dataset/02_clips/looking_sideways/L01_looking_sideways_take05.mp4,images/L01_looking_sideways_take05/win_007_midframe_0205.jpg,correct,,
L01_looking_sideways_take06.mp4,L01_looking_sideways_take06,looking_sideways,B2,L01,0,0,74,0,2.962962963,37,1.481481481,3,3,TRUE,TRUE,7,looking_sideways,suspicious,0.662162162,1.001001001,9.009009009,manual_clip,L01_looking_sideways_take06,/home/sagemaker-user/exam_proctoring_dataset/02_clips/looking_sideways/L01_looking_sideways_take06.mp4,images/L01_looking_sideways_take06/win_000_midframe_0037.jpg,correct,,
L01_looking_sideways_take06.mp4,L01_looking_sideways_take06,looking_sideways,B2,L01,1,24,98,0.960960961,3.923923924,61,2.442442442,3,3,TRUE,TRUE,7,looking_sideways,suspicious,0.986486486,1.001001001,9.009009009,manual_clip,L01_looking_sideways_take06,/home/sagemaker-user/exam_proctoring_dataset/02_clips/looking_sideways/L01_looking_sideways_take06.mp4,images/L01_looking_sideways_take06/win_001_midframe_0061.jpg,correct,,
L01_looking_sideways_take06.mp4,L01_looking_sideways_take06,looking_sideways,B2,L01,2,48,122,1.921921922,4.884884885,85,3.403403403,3,3,TRUE,TRUE,8,looking_sideways,suspicious,1,1.001001001,9.009009009,manual_clip,L01_looking_sideways_take06,/home/sagemaker-user/exam_proctoring_dataset/02_clips/looking_sideways/L01_looking_sideways_take06.mp4,images/L01_looking_sideways_take06/win_002_midframe_0085.jpg,correct,,
L01_looking_sideways_take06.mp4,L01_looking_sideways_take06,looking_sideways,B2,L01,3,72,146,2.882882883,5.845845846,109,4.364364364,3,3,TRUE,TRUE,7,looking_sideways,suspicious,1,1.001001001,9.009009009,manual_clip,L01_looking_sideways_take06,/home/sagemaker-user/exam_proctoring_dataset/02_clips/looking_sideways/L01_looking_sideways_take06.mp4,images/L01_looking_sideways_take06/win_003_midframe_0109.jpg,correct,,
L01_looking_sideways_take06.mp4,L01_looking_sideways_take06,looking_sideways,B2,L01,4,96,170,3.843843844,6.806806807,133,5.325325325,3,3,TRUE,TRUE,7,looking_sideways,suspicious,1,1.001001001,9.009009009,manual_clip,L01_looking_sideways_take06,/home/sagemaker-user/exam_proctoring_dataset/02_clips/looking_sideways/L01_looking_sideways_take06.mp4,images/L01_looking_sideways_take06/win_004_midframe_0133.jpg,correct,,
L01_looking_sideways_take06.mp4,L01_looking_sideways_take06,looking_sideways,B2,L01,5,120,194,4.804804805,7.767767768,157,6.286286286,3,3,TRUE,TRUE,7,looking_sideways,suspicious,1,1.001001001,9.009009009,manual_clip,L01_looking_sideways_take06,/home/sagemaker-user/exam_proctoring_dataset/02_clips/looking_sideways/L01_looking_sideways_take06.mp4,images/L01_looking_sideways_take06/win_005_midframe_0157.jpg,correct,,
L01_looking_sideways_take06.mp4,L01_looking_sideways_take06,looking_sideways,B2,L01,6,144,218,5.765765766,8.728728729,181,7.247247247,3,3,TRUE,TRUE,7,looking_sideways,suspicious,1,1.001001001,9.009009009,manual_clip,L01_looking_sideways_take06,/home/sagemaker-user/exam_proctoring_dataset/02_clips/looking_sideways/L01_looking_sideways_take06.mp4,images/L01_looking_sideways_take06/win_006_midframe_0181.jpg,correct,,
L01_looking_sideways_take06.mp4,L01_looking_sideways_take06,looking_sideways,B2,L01,7,168,242,6.726726727,9.68968969,205,8.208208208,3,3,TRUE,TRUE,7,looking_sideways,suspicious,0.77027027,1.001001001,9.009009009,manual_clip,L01_looking_sideways_take06,/home/sagemaker-user/exam_proctoring_dataset/02_clips/looking_sideways/L01_looking_sideways_take06.mp4,images/L01_looking_sideways_take06/win_007_midframe_0205.jpg,correct,,
L01_looking_sideways_take07.mp4,L01_looking_sideways_take07,looking_sideways,B3,L01,0,0,74,0,2.962962963,37,1.481481481,5,5,TRUE,TRUE,7,normal,normal,0,3.003003003,9.009009009,manual_clip,L01_looking_sideways_take07,/home/sagemaker-user/exam_proctoring_dataset/02_clips/looking_sideways/L01_looking_sideways_take07.mp4,images/L01_looking_sideways_take07/win_000_midframe_0037.jpg,correct,,
L01_looking_sideways_take07.mp4,L01_looking_sideways_take07,looking_sideways,B3,L01,1,24,98,0.960960961,3.923923924,61,2.442442442,5,5,TRUE,TRUE,7,normal,normal,0.310810811,3.003003003,9.009009009,manual_clip,L01_looking_sideways_take07,/home/sagemaker-user/exam_proctoring_dataset/02_clips/looking_sideways/L01_looking_sideways_take07.mp4,images/L01_looking_sideways_take07/win_001_midframe_0061.jpg,correct,,
L01_looking_sideways_take07.mp4,L01_looking_sideways_take07,looking_sideways,B3,L01,2,48,122,1.921921922,4.884884885,85,3.403403403,5,5,TRUE,TRUE,7,looking_sideways,suspicious,0.635135135,3.003003003,9.009009009,manual_clip,L01_looking_sideways_take07,/home/sagemaker-user/exam_proctoring_dataset/02_clips/looking_sideways/L01_looking_sideways_take07.mp4,images/L01_looking_sideways_take07/win_002_midframe_0085.jpg,correct,,
L01_looking_sideways_take07.mp4,L01_looking_sideways_take07,looking_sideways,B3,L01,3,72,146,2.882882883,5.845845846,109,4.364364364,5,5,TRUE,TRUE,7,looking_sideways,suspicious,0.959459459,3.003003003,9.009009009,manual_clip,L01_looking_sideways_take07,/home/sagemaker-user/exam_proctoring_dataset/02_clips/looking_sideways/L01_looking_sideways_take07.mp4,images/L01_looking_sideways_take07/win_003_midframe_0109.jpg,correct,,
L01_looking_sideways_take07.mp4,L01_looking_sideways_take07,looking_sideways,B3,L01,4,96,170,3.843843844,6.806806807,133,5.325325325,5,5,TRUE,TRUE,7,looking_sideways,suspicious,1,3.003003003,9.009009009,manual_clip,L01_looking_sideways_take07,/home/sagemaker-user/exam_proctoring_dataset/02_clips/looking_sideways/L01_looking_sideways_take07.mp4,images/L01_looking_sideways_take07/win_004_midframe_0133.jpg,correct,,
L01_looking_sideways_take07.mp4,L01_looking_sideways_take07,looking_sideways,B3,L01,5,120,194,4.804804805,7.767767768,157,6.286286286,5,5,TRUE,TRUE,7,looking_sideways,suspicious,1,3.003003003,9.009009009,manual_clip,L01_looking_sideways_take07,/home/sagemaker-user/exam_proctoring_dataset/02_clips/looking_sideways/L01_looking_sideways_take07.mp4,images/L01_looking_sideways_take07/win_005_midframe_0157.jpg,correct,,
L01_looking_sideways_take07.mp4,L01_looking_sideways_take07,looking_sideways,B3,L01,6,144,218,5.765765766,8.728728729,181,7.247247247,5,5,TRUE,TRUE,7,looking_sideways,suspicious,1,3.003003003,9.009009009,manual_clip,L01_looking_sideways_take07,/home/sagemaker-user/exam_proctoring_dataset/02_clips/looking_sideways/L01_looking_sideways_take07.mp4,images/L01_looking_sideways_take07/win_006_midframe_0181.jpg,correct,,
L01_looking_sideways_take07.mp4,L01_looking_sideways_take07,looking_sideways,B3,L01,7,168,242,6.726726727,9.68968969,205,8.208208208,5,5,TRUE,TRUE,7,looking_sideways,suspicious,0.77027027,3.003003003,9.009009009,manual_clip,L01_looking_sideways_take07,/home/sagemaker-user/exam_proctoring_dataset/02_clips/looking_sideways/L01_looking_sideways_take07.mp4,images/L01_looking_sideways_take07/win_007_midframe_0205.jpg,correct,,
L01_looking_sideways_take08.mp4,L01_looking_sideways_take08,looking_sideways,B4,L01,0,0,74,0,2.962962963,37,1.481481481,7,-1,FALSE,FALSE,7,normal,normal,0,4.004004004,9.009009009,manual_clip,L01_looking_sideways_take08,/home/sagemaker-user/exam_proctoring_dataset/02_clips/looking_sideways/L01_looking_sideways_take08.mp4,images/L01_looking_sideways_take08/win_000_midframe_0037.jpg,exclude,mismatch,
L01_looking_sideways_take08.mp4,L01_looking_sideways_take08,looking_sideways,B4,L01,1,24,98,0.960960961,3.923923924,61,2.442442442,7,-1,FALSE,FALSE,7,normal,normal,0,4.004004004,9.009009009,manual_clip,L01_looking_sideways_take08,/home/sagemaker-user/exam_proctoring_dataset/02_clips/looking_sideways/L01_looking_sideways_take08.mp4,images/L01_looking_sideways_take08/win_001_midframe_0061.jpg,exclude,mismatch,
L01_looking_sideways_take08.mp4,L01_looking_sideways_take08,looking_sideways,B4,L01,2,48,122,1.921921922,4.884884885,85,3.403403403,7,-1,FALSE,FALSE,7,normal,normal,0.297297297,4.004004004,9.009009009,manual_clip,L01_looking_sideways_take08,/home/sagemaker-user/exam_proctoring_dataset/02_clips/looking_sideways/L01_looking_sideways_take08.mp4,images/L01_looking_sideways_take08/win_002_midframe_0085.jpg,exclude,mismatch,
L01_looking_sideways_take08.mp4,L01_looking_sideways_take08,looking_sideways,B4,L01,3,72,146,2.882882883,5.845845846,109,4.364364364,7,7,TRUE,TRUE,8,looking_sideways,suspicious,0.621621622,4.004004004,9.009009009,manual_clip,L01_looking_sideways_take08,/home/sagemaker-user/exam_proctoring_dataset/02_clips/looking_sideways/L01_looking_sideways_take08.mp4,images/L01_looking_sideways_take08/win_003_midframe_0109.jpg,correct,,
L01_looking_sideways_take08.mp4,L01_looking_sideways_take08,looking_sideways,B4,L01,4,96,170,3.843843844,6.806806807,133,5.325325325,7,7,TRUE,TRUE,8,looking_sideways,suspicious,0.945945946,4.004004004,9.009009009,manual_clip,L01_looking_sideways_take08,/home/sagemaker-user/exam_proctoring_dataset/02_clips/looking_sideways/L01_looking_sideways_take08.mp4,images/L01_looking_sideways_take08/win_004_midframe_0133.jpg,correct,,
L01_looking_sideways_take08.mp4,L01_looking_sideways_take08,looking_sideways,B4,L01,5,120,194,4.804804805,7.767767768,157,6.286286286,7,7,TRUE,TRUE,8,looking_sideways,suspicious,1,4.004004004,9.009009009,manual_clip,L01_looking_sideways_take08,/home/sagemaker-user/exam_proctoring_dataset/02_clips/looking_sideways/L01_looking_sideways_take08.mp4,images/L01_looking_sideways_take08/win_005_midframe_0157.jpg,correct,,
L01_looking_sideways_take08.mp4,L01_looking_sideways_take08,looking_sideways,B4,L01,6,144,218,5.765765766,8.728728729,181,7.247247247,7,7,TRUE,TRUE,8,looking_sideways,suspicious,1,4.004004004,9.009009009,manual_clip,L01_looking_sideways_take08,/home/sagemaker-user/exam_proctoring_dataset/02_clips/looking_sideways/L01_looking_sideways_take08.mp4,images/L01_looking_sideways_take08/win_006_midframe_0181.jpg,correct,,
L01_looking_sideways_take08.mp4,L01_looking_sideways_take08,looking_sideways,B4,L01,7,168,242,6.726726727,9.68968969,205,8.208208208,7,7,TRUE,TRUE,8,looking_sideways,suspicious,0.77027027,4.004004004,9.009009009,manual_clip,L01_looking_sideways_take08,/home/sagemaker-user/exam_proctoring_dataset/02_clips/looking_sideways/L01_looking_sideways_take08.mp4,images/L01_looking_sideways_take08/win_007_midframe_0205.jpg,correct,,
L02_looking_sideways_take01.mp4,L02_looking_sideways_take01,looking_sideways,A1,L02,0,0,74,0,2.960947503,37,1.480473752,0,0,TRUE,TRUE,8,normal,normal,0,4.00128041,9.002880922,manual_clip,L02_looking_sideways_take01,/home/sagemaker-user/exam_proctoring_dataset/02_clips/looking_sideways/L02_looking_sideways_take01.mp4,images/L02_looking_sideways_take01/win_000_midframe_0037.jpg,correct,,
L02_looking_sideways_take01.mp4,L02_looking_sideways_take01,looking_sideways,A1,L02,1,24,98,0.960307298,3.921254802,61,2.44078105,0,0,TRUE,TRUE,8,normal,normal,0,4.00128041,9.002880922,manual_clip,L02_looking_sideways_take01,/home/sagemaker-user/exam_proctoring_dataset/02_clips/looking_sideways/L02_looking_sideways_take01.mp4,images/L02_looking_sideways_take01/win_001_midframe_0061.jpg,correct,,
L02_looking_sideways_take01.mp4,L02_looking_sideways_take01,looking_sideways,A1,L02,2,48,122,1.920614597,4.8815621,85,3.401088348,0,0,TRUE,TRUE,8,normal,normal,0.297297297,4.00128041,9.002880922,manual_clip,L02_looking_sideways_take01,/home/sagemaker-user/exam_proctoring_dataset/02_clips/looking_sideways/L02_looking_sideways_take01.mp4,images/L02_looking_sideways_take01/win_002_midframe_0085.jpg,correct,,
L02_looking_sideways_take01.mp4,L02_looking_sideways_take01,looking_sideways,A1,L02,3,72,146,2.880921895,5.841869398,109,4.361395647,0,0,TRUE,TRUE,8,looking_sideways,suspicious,0.621621622,4.00128041,9.002880922,manual_clip,L02_looking_sideways_take01,/home/sagemaker-user/exam_proctoring_dataset/02_clips/looking_sideways/L02_looking_sideways_take01.mp4,images/L02_looking_sideways_take01/win_003_midframe_0109.jpg,correct,,
L02_looking_sideways_take01.mp4,L02_looking_sideways_take01,looking_sideways,A1,L02,4,96,170,3.841229193,6.802176697,133,5.321702945,0,0,TRUE,TRUE,8,looking_sideways,suspicious,0.945945946,4.00128041,9.002880922,manual_clip,L02_looking_sideways_take01,/home/sagemaker-user/exam_proctoring_dataset/02_clips/looking_sideways/L02_looking_sideways_take01.mp4,images/L02_looking_sideways_take01/win_004_midframe_0133.jpg,correct,,
L02_looking_sideways_take01.mp4,L02_looking_sideways_take01,looking_sideways,A1,L02,5,120,194,4.801536492,7.762483995,157,6.282010243,0,0,TRUE,TRUE,8,looking_sideways,suspicious,1,4.00128041,9.002880922,manual_clip,L02_looking_sideways_take01,/home/sagemaker-user/exam_proctoring_dataset/02_clips/looking_sideways/L02_looking_sideways_take01.mp4,images/L02_looking_sideways_take01/win_005_midframe_0157.jpg,correct,,
L02_looking_sideways_take01.mp4,L02_looking_sideways_take01,looking_sideways,A1,L02,6,144,218,5.76184379,8.722791293,181,7.242317542,0,0,TRUE,TRUE,8,looking_sideways,suspicious,1,4.00128041,9.002880922,manual_clip,L02_looking_sideways_take01,/home/sagemaker-user/exam_proctoring_dataset/02_clips/looking_sideways/L02_looking_sideways_take01.mp4,images/L02_looking_sideways_take01/win_006_midframe_0181.jpg,correct,,
L02_looking_sideways_take01.mp4,L02_looking_sideways_take01,looking_sideways,A1,L02,7,168,242,6.722151088,9.683098592,205,8.20262484,0,0,TRUE,TRUE,8,looking_sideways,suspicious,0.77027027,4.00128041,9.002880922,manual_clip,L02_looking_sideways_take01,/home/sagemaker-user/exam_proctoring_dataset/02_clips/looking_sideways/L02_looking_sideways_take01.mp4,images/L02_looking_sideways_take01/win_007_midframe_0205.jpg,correct,,
L02_looking_sideways_take02.mp4,L02_looking_sideways_take02,looking_sideways,A2,L02,0,0,74,0,2.960947503,37,1.480473752,2,2,TRUE,TRUE,8,normal,normal,0.324324324,2.000640205,8.002560819,manual_clip,L02_looking_sideways_take02,/home/sagemaker-user/exam_proctoring_dataset/02_clips/looking_sideways/L02_looking_sideways_take02.mp4,images/L02_looking_sideways_take02/win_000_midframe_0037.jpg,correct,,
L02_looking_sideways_take02.mp4,L02_looking_sideways_take02,looking_sideways,A2,L02,1,24,98,0.960307298,3.921254802,61,2.44078105,2,2,TRUE,TRUE,8,looking_sideways,suspicious,0.648648649,2.000640205,8.002560819,manual_clip,L02_looking_sideways_take02,/home/sagemaker-user/exam_proctoring_dataset/02_clips/looking_sideways/L02_looking_sideways_take02.mp4,images/L02_looking_sideways_take02/win_001_midframe_0061.jpg,correct,,
L02_looking_sideways_take02.mp4,L02_looking_sideways_take02,looking_sideways,A2,L02,2,48,122,1.920614597,4.8815621,85,3.401088348,2,2,TRUE,TRUE,8,looking_sideways,suspicious,0.972972973,2.000640205,8.002560819,manual_clip,L02_looking_sideways_take02,/home/sagemaker-user/exam_proctoring_dataset/02_clips/looking_sideways/L02_looking_sideways_take02.mp4,images/L02_looking_sideways_take02/win_002_midframe_0085.jpg,correct,,
L02_looking_sideways_take02.mp4,L02_looking_sideways_take02,looking_sideways,A2,L02,3,72,146,2.880921895,5.841869398,109,4.361395647,2,2,TRUE,TRUE,8,looking_sideways,suspicious,1,2.000640205,8.002560819,manual_clip,L02_looking_sideways_take02,/home/sagemaker-user/exam_proctoring_dataset/02_clips/looking_sideways/L02_looking_sideways_take02.mp4,images/L02_looking_sideways_take02/win_003_midframe_0109.jpg,correct,,
L02_looking_sideways_take02.mp4,L02_looking_sideways_take02,looking_sideways,A2,L02,4,96,170,3.841229193,6.802176697,133,5.321702945,2,2,TRUE,TRUE,8,looking_sideways,suspicious,1,2.000640205,8.002560819,manual_clip,L02_looking_sideways_take02,/home/sagemaker-user/exam_proctoring_dataset/02_clips/looking_sideways/L02_looking_sideways_take02.mp4,images/L02_looking_sideways_take02/win_004_midframe_0133.jpg,correct,,
L02_looking_sideways_take02.mp4,L02_looking_sideways_take02,looking_sideways,A2,L02,5,120,194,4.801536492,7.762483995,157,6.282010243,2,2,TRUE,TRUE,8,looking_sideways,suspicious,1,2.000640205,8.002560819,manual_clip,L02_looking_sideways_take02,/home/sagemaker-user/exam_proctoring_dataset/02_clips/looking_sideways/L02_looking_sideways_take02.mp4,images/L02_looking_sideways_take02/win_005_midframe_0157.jpg,correct,,
L02_looking_sideways_take02.mp4,L02_looking_sideways_take02,looking_sideways,A2,L02,6,144,218,5.76184379,8.722791293,181,7.242317542,2,2,TRUE,TRUE,8,looking_sideways,suspicious,0.756756757,2.000640205,8.002560819,manual_clip,L02_looking_sideways_take02,/home/sagemaker-user/exam_proctoring_dataset/02_clips/looking_sideways/L02_looking_sideways_take02.mp4,images/L02_looking_sideways_take02/win_006_midframe_0181.jpg,correct,,
L02_looking_sideways_take02.mp4,L02_looking_sideways_take02,looking_sideways,A2,L02,7,168,242,6.722151088,9.683098592,205,8.20262484,2,2,TRUE,TRUE,8,normal,normal,0.432432432,2.000640205,8.002560819,manual_clip,L02_looking_sideways_take02,/home/sagemaker-user/exam_proctoring_dataset/02_clips/looking_sideways/L02_looking_sideways_take02.mp4,images/L02_looking_sideways_take02/win_007_midframe_0205.jpg,correct,,
L02_looking_sideways_take03.mp4,L02_looking_sideways_take03,looking_sideways,A3,L02,0,0,74,0,2.960947503,37,1.480473752,4,4,TRUE,TRUE,8,normal,normal,0,4.00128041,9.002880922,manual_clip,L02_looking_sideways_take03,/home/sagemaker-user/exam_proctoring_dataset/02_clips/looking_sideways/L02_looking_sideways_take03.mp4,images/L02_looking_sideways_take03/win_000_midframe_0037.jpg,correct,,
L02_looking_sideways_take03.mp4,L02_looking_sideways_take03,looking_sideways,A3,L02,1,24,98,0.960307298,3.921254802,61,2.44078105,4,4,TRUE,TRUE,8,normal,normal,0,4.00128041,9.002880922,manual_clip,L02_looking_sideways_take03,/home/sagemaker-user/exam_proctoring_dataset/02_clips/looking_sideways/L02_looking_sideways_take03.mp4,images/L02_looking_sideways_take03/win_001_midframe_0061.jpg,correct,,
L02_looking_sideways_take03.mp4,L02_looking_sideways_take03,looking_sideways,A3,L02,2,48,122,1.920614597,4.8815621,85,3.401088348,4,4,TRUE,TRUE,8,normal,normal,0.297297297,4.00128041,9.002880922,manual_clip,L02_looking_sideways_take03,/home/sagemaker-user/exam_proctoring_dataset/02_clips/looking_sideways/L02_looking_sideways_take03.mp4,images/L02_looking_sideways_take03/win_002_midframe_0085.jpg,correct,,
L02_looking_sideways_take03.mp4,L02_looking_sideways_take03,looking_sideways,A3,L02,3,72,146,2.880921895,5.841869398,109,4.361395647,4,4,TRUE,TRUE,8,looking_sideways,suspicious,0.621621622,4.00128041,9.002880922,manual_clip,L02_looking_sideways_take03,/home/sagemaker-user/exam_proctoring_dataset/02_clips/looking_sideways/L02_looking_sideways_take03.mp4,images/L02_looking_sideways_take03/win_003_midframe_0109.jpg,correct,,
L02_looking_sideways_take03.mp4,L02_looking_sideways_take03,looking_sideways,A3,L02,4,96,170,3.841229193,6.802176697,133,5.321702945,4,4,TRUE,TRUE,8,looking_sideways,suspicious,0.945945946,4.00128041,9.002880922,manual_clip,L02_looking_sideways_take03,/home/sagemaker-user/exam_proctoring_dataset/02_clips/looking_sideways/L02_looking_sideways_take03.mp4,images/L02_looking_sideways_take03/win_004_midframe_0133.jpg,correct,,
L02_looking_sideways_take03.mp4,L02_looking_sideways_take03,looking_sideways,A3,L02,5,120,194,4.801536492,7.762483995,157,6.282010243,4,4,TRUE,TRUE,8,looking_sideways,suspicious,1,4.00128041,9.002880922,manual_clip,L02_looking_sideways_take03,/home/sagemaker-user/exam_proctoring_dataset/02_clips/looking_sideways/L02_looking_sideways_take03.mp4,images/L02_looking_sideways_take03/win_005_midframe_0157.jpg,correct,,
L02_looking_sideways_take03.mp4,L02_looking_sideways_take03,looking_sideways,A3,L02,6,144,218,5.76184379,8.722791293,181,7.242317542,4,4,TRUE,TRUE,8,looking_sideways,suspicious,1,4.00128041,9.002880922,manual_clip,L02_looking_sideways_take03,/home/sagemaker-user/exam_proctoring_dataset/02_clips/looking_sideways/L02_looking_sideways_take03.mp4,images/L02_looking_sideways_take03/win_006_midframe_0181.jpg,correct,,
L02_looking_sideways_take03.mp4,L02_looking_sideways_take03,looking_sideways,A3,L02,7,168,242,6.722151088,9.683098592,205,8.20262484,4,4,TRUE,TRUE,8,looking_sideways,suspicious,0.77027027,4.00128041,9.002880922,manual_clip,L02_looking_sideways_take03,/home/sagemaker-user/exam_proctoring_dataset/02_clips/looking_sideways/L02_looking_sideways_take03.mp4,images/L02_looking_sideways_take03/win_007_midframe_0205.jpg,correct,,
L02_looking_sideways_take04.mp4,L02_looking_sideways_take04,looking_sideways,A4,L02,0,0,74,0,2.960947503,37,1.480473752,6,6,TRUE,TRUE,8,normal,normal,0,4.00128041,9.002880922,manual_clip,L02_looking_sideways_take04,/home/sagemaker-user/exam_proctoring_dataset/02_clips/looking_sideways/L02_looking_sideways_take04.mp4,images/L02_looking_sideways_take04/win_000_midframe_0037.jpg,correct,,
L02_looking_sideways_take04.mp4,L02_looking_sideways_take04,looking_sideways,A4,L02,1,24,98,0.960307298,3.921254802,61,2.44078105,6,6,TRUE,TRUE,8,normal,normal,0,4.00128041,9.002880922,manual_clip,L02_looking_sideways_take04,/home/sagemaker-user/exam_proctoring_dataset/02_clips/looking_sideways/L02_looking_sideways_take04.mp4,images/L02_looking_sideways_take04/win_001_midframe_0061.jpg,correct,,
L02_looking_sideways_take04.mp4,L02_looking_sideways_take04,looking_sideways,A4,L02,2,48,122,1.920614597,4.8815621,85,3.401088348,6,6,TRUE,TRUE,8,normal,normal,0.297297297,4.00128041,9.002880922,manual_clip,L02_looking_sideways_take04,/home/sagemaker-user/exam_proctoring_dataset/02_clips/looking_sideways/L02_looking_sideways_take04.mp4,images/L02_looking_sideways_take04/win_002_midframe_0085.jpg,correct,,
L02_looking_sideways_take04.mp4,L02_looking_sideways_take04,looking_sideways,A4,L02,3,72,146,2.880921895,5.841869398,109,4.361395647,6,6,TRUE,TRUE,8,looking_sideways,suspicious,0.621621622,4.00128041,9.002880922,manual_clip,L02_looking_sideways_take04,/home/sagemaker-user/exam_proctoring_dataset/02_clips/looking_sideways/L02_looking_sideways_take04.mp4,images/L02_looking_sideways_take04/win_003_midframe_0109.jpg,correct,,
L02_looking_sideways_take04.mp4,L02_looking_sideways_take04,looking_sideways,A4,L02,4,96,170,3.841229193,6.802176697,133,5.321702945,6,6,TRUE,TRUE,8,looking_sideways,suspicious,0.945945946,4.00128041,9.002880922,manual_clip,L02_looking_sideways_take04,/home/sagemaker-user/exam_proctoring_dataset/02_clips/looking_sideways/L02_looking_sideways_take04.mp4,images/L02_looking_sideways_take04/win_004_midframe_0133.jpg,correct,,
L02_looking_sideways_take04.mp4,L02_looking_sideways_take04,looking_sideways,A4,L02,5,120,194,4.801536492,7.762483995,157,6.282010243,6,6,TRUE,TRUE,8,looking_sideways,suspicious,1,4.00128041,9.002880922,manual_clip,L02_looking_sideways_take04,/home/sagemaker-user/exam_proctoring_dataset/02_clips/looking_sideways/L02_looking_sideways_take04.mp4,images/L02_looking_sideways_take04/win_005_midframe_0157.jpg,correct,,
L02_looking_sideways_take04.mp4,L02_looking_sideways_take04,looking_sideways,A4,L02,6,144,218,5.76184379,8.722791293,181,7.242317542,6,6,TRUE,TRUE,8,looking_sideways,suspicious,1,4.00128041,9.002880922,manual_clip,L02_looking_sideways_take04,/home/sagemaker-user/exam_proctoring_dataset/02_clips/looking_sideways/L02_looking_sideways_take04.mp4,images/L02_looking_sideways_take04/win_006_midframe_0181.jpg,correct,,
L02_looking_sideways_take04.mp4,L02_looking_sideways_take04,looking_sideways,A4,L02,7,168,242,6.722151088,9.683098592,205,8.20262484,6,6,TRUE,TRUE,8,looking_sideways,suspicious,0.77027027,4.00128041,9.002880922,manual_clip,L02_looking_sideways_take04,/home/sagemaker-user/exam_proctoring_dataset/02_clips/looking_sideways/L02_looking_sideways_take04.mp4,images/L02_looking_sideways_take04/win_007_midframe_0205.jpg,correct,,
L02_looking_sideways_take05.mp4,L02_looking_sideways_take05,looking_sideways,B1,L02,0,0,74,0,2.960947503,37,1.480473752,1,1,TRUE,TRUE,8,normal,normal,0,4.00128041,8.002560819,manual_clip,L02_looking_sideways_take05,/home/sagemaker-user/exam_proctoring_dataset/02_clips/looking_sideways/L02_looking_sideways_take05.mp4,images/L02_looking_sideways_take05/win_000_midframe_0037.jpg,correct,,
L02_looking_sideways_take05.mp4,L02_looking_sideways_take05,looking_sideways,B1,L02,1,24,98,0.960307298,3.921254802,61,2.44078105,1,1,TRUE,TRUE,8,normal,normal,0,4.00128041,8.002560819,manual_clip,L02_looking_sideways_take05,/home/sagemaker-user/exam_proctoring_dataset/02_clips/looking_sideways/L02_looking_sideways_take05.mp4,images/L02_looking_sideways_take05/win_001_midframe_0061.jpg,correct,,
L02_looking_sideways_take05.mp4,L02_looking_sideways_take05,looking_sideways,B1,L02,2,48,122,1.920614597,4.8815621,85,3.401088348,1,1,TRUE,TRUE,8,normal,normal,0.297297297,4.00128041,8.002560819,manual_clip,L02_looking_sideways_take05,/home/sagemaker-user/exam_proctoring_dataset/02_clips/looking_sideways/L02_looking_sideways_take05.mp4,images/L02_looking_sideways_take05/win_002_midframe_0085.jpg,correct,,
L02_looking_sideways_take05.mp4,L02_looking_sideways_take05,looking_sideways,B1,L02,3,72,146,2.880921895,5.841869398,109,4.361395647,1,1,TRUE,TRUE,8,looking_sideways,suspicious,0.621621622,4.00128041,8.002560819,manual_clip,L02_looking_sideways_take05,/home/sagemaker-user/exam_proctoring_dataset/02_clips/looking_sideways/L02_looking_sideways_take05.mp4,images/L02_looking_sideways_take05/win_003_midframe_0109.jpg,correct,,
L02_looking_sideways_take05.mp4,L02_looking_sideways_take05,looking_sideways,B1,L02,4,96,170,3.841229193,6.802176697,133,5.321702945,1,1,TRUE,TRUE,8,looking_sideways,suspicious,0.945945946,4.00128041,8.002560819,manual_clip,L02_looking_sideways_take05,/home/sagemaker-user/exam_proctoring_dataset/02_clips/looking_sideways/L02_looking_sideways_take05.mp4,images/L02_looking_sideways_take05/win_004_midframe_0133.jpg,correct,,
L02_looking_sideways_take05.mp4,L02_looking_sideways_take05,looking_sideways,B1,L02,5,120,194,4.801536492,7.762483995,157,6.282010243,1,1,TRUE,TRUE,8,looking_sideways,suspicious,1,4.00128041,8.002560819,manual_clip,L02_looking_sideways_take05,/home/sagemaker-user/exam_proctoring_dataset/02_clips/looking_sideways/L02_looking_sideways_take05.mp4,images/L02_looking_sideways_take05/win_005_midframe_0157.jpg,correct,,
L02_looking_sideways_take05.mp4,L02_looking_sideways_take05,looking_sideways,B1,L02,6,144,218,5.76184379,8.722791293,181,7.242317542,1,1,TRUE,TRUE,8,looking_sideways,suspicious,0.756756757,4.00128041,8.002560819,manual_clip,L02_looking_sideways_take05,/home/sagemaker-user/exam_proctoring_dataset/02_clips/looking_sideways/L02_looking_sideways_take05.mp4,images/L02_looking_sideways_take05/win_006_midframe_0181.jpg,correct,,
L02_looking_sideways_take05.mp4,L02_looking_sideways_take05,looking_sideways,B1,L02,7,168,242,6.722151088,9.683098592,205,8.20262484,1,1,TRUE,TRUE,8,normal,normal,0.432432432,4.00128041,8.002560819,manual_clip,L02_looking_sideways_take05,/home/sagemaker-user/exam_proctoring_dataset/02_clips/looking_sideways/L02_looking_sideways_take05.mp4,images/L02_looking_sideways_take05/win_007_midframe_0205.jpg,correct,,
L02_looking_sideways_take06.mp4,L02_looking_sideways_take06,looking_sideways,B2,L02,0,0,74,0,2.960947503,37,1.480473752,3,3,TRUE,TRUE,8,normal,normal,0.324324324,2.000640205,8.002560819,manual_clip,L02_looking_sideways_take06,/home/sagemaker-user/exam_proctoring_dataset/02_clips/looking_sideways/L02_looking_sideways_take06.mp4,images/L02_looking_sideways_take06/win_000_midframe_0037.jpg,correct,,
L02_looking_sideways_take06.mp4,L02_looking_sideways_take06,looking_sideways,B2,L02,1,24,98,0.960307298,3.921254802,61,2.44078105,3,3,TRUE,TRUE,8,looking_sideways,suspicious,0.648648649,2.000640205,8.002560819,manual_clip,L02_looking_sideways_take06,/home/sagemaker-user/exam_proctoring_dataset/02_clips/looking_sideways/L02_looking_sideways_take06.mp4,images/L02_looking_sideways_take06/win_001_midframe_0061.jpg,correct,,
L02_looking_sideways_take06.mp4,L02_looking_sideways_take06,looking_sideways,B2,L02,2,48,122,1.920614597,4.8815621,85,3.401088348,3,3,TRUE,TRUE,8,looking_sideways,suspicious,0.972972973,2.000640205,8.002560819,manual_clip,L02_looking_sideways_take06,/home/sagemaker-user/exam_proctoring_dataset/02_clips/looking_sideways/L02_looking_sideways_take06.mp4,images/L02_looking_sideways_take06/win_002_midframe_0085.jpg,correct,,
L02_looking_sideways_take06.mp4,L02_looking_sideways_take06,looking_sideways,B2,L02,3,72,146,2.880921895,5.841869398,109,4.361395647,3,3,TRUE,TRUE,8,looking_sideways,suspicious,1,2.000640205,8.002560819,manual_clip,L02_looking_sideways_take06,/home/sagemaker-user/exam_proctoring_dataset/02_clips/looking_sideways/L02_looking_sideways_take06.mp4,images/L02_looking_sideways_take06/win_003_midframe_0109.jpg,correct,,
L02_looking_sideways_take06.mp4,L02_looking_sideways_take06,looking_sideways,B2,L02,4,96,170,3.841229193,6.802176697,133,5.321702945,3,3,TRUE,TRUE,8,looking_sideways,suspicious,1,2.000640205,8.002560819,manual_clip,L02_looking_sideways_take06,/home/sagemaker-user/exam_proctoring_dataset/02_clips/looking_sideways/L02_looking_sideways_take06.mp4,images/L02_looking_sideways_take06/win_004_midframe_0133.jpg,correct,,
L02_looking_sideways_take06.mp4,L02_looking_sideways_take06,looking_sideways,B2,L02,5,120,194,4.801536492,7.762483995,157,6.282010243,3,3,TRUE,TRUE,8,looking_sideways,suspicious,1,2.000640205,8.002560819,manual_clip,L02_looking_sideways_take06,/home/sagemaker-user/exam_proctoring_dataset/02_clips/looking_sideways/L02_looking_sideways_take06.mp4,images/L02_looking_sideways_take06/win_005_midframe_0157.jpg,correct,,
L02_looking_sideways_take06.mp4,L02_looking_sideways_take06,looking_sideways,B2,L02,6,144,218,5.76184379,8.722791293,181,7.242317542,3,3,TRUE,TRUE,8,looking_sideways,suspicious,0.756756757,2.000640205,8.002560819,manual_clip,L02_looking_sideways_take06,/home/sagemaker-user/exam_proctoring_dataset/02_clips/looking_sideways/L02_looking_sideways_take06.mp4,images/L02_looking_sideways_take06/win_006_midframe_0181.jpg,correct,,
L02_looking_sideways_take06.mp4,L02_looking_sideways_take06,looking_sideways,B2,L02,7,168,242,6.722151088,9.683098592,205,8.20262484,3,3,TRUE,TRUE,8,normal,normal,0.432432432,2.000640205,8.002560819,manual_clip,L02_looking_sideways_take06,/home/sagemaker-user/exam_proctoring_dataset/02_clips/looking_sideways/L02_looking_sideways_take06.mp4,images/L02_looking_sideways_take06/win_007_midframe_0205.jpg,correct,,
L02_looking_sideways_take07.mp4,L02_looking_sideways_take07,looking_sideways,B3,L02,0,0,74,0,2.960947503,37,1.480473752,5,5,TRUE,TRUE,8,normal,normal,0,3.000960307,7.002240717,manual_clip,L02_looking_sideways_take07,/home/sagemaker-user/exam_proctoring_dataset/02_clips/looking_sideways/L02_looking_sideways_take07.mp4,images/L02_looking_sideways_take07/win_000_midframe_0037.jpg,correct,,
L02_looking_sideways_take07.mp4,L02_looking_sideways_take07,looking_sideways,B3,L02,1,24,98,0.960307298,3.921254802,61,2.44078105,5,5,TRUE,TRUE,8,normal,normal,0.310810811,3.000960307,7.002240717,manual_clip,L02_looking_sideways_take07,/home/sagemaker-user/exam_proctoring_dataset/02_clips/looking_sideways/L02_looking_sideways_take07.mp4,images/L02_looking_sideways_take07/win_001_midframe_0061.jpg,correct,,
L02_looking_sideways_take07.mp4,L02_looking_sideways_take07,looking_sideways,B3,L02,2,48,122,1.920614597,4.8815621,85,3.401088348,5,5,TRUE,TRUE,8,looking_sideways,suspicious,0.635135135,3.000960307,7.002240717,manual_clip,L02_looking_sideways_take07,/home/sagemaker-user/exam_proctoring_dataset/02_clips/looking_sideways/L02_looking_sideways_take07.mp4,images/L02_looking_sideways_take07/win_002_midframe_0085.jpg,correct,,
L02_looking_sideways_take07.mp4,L02_looking_sideways_take07,looking_sideways,B3,L02,3,72,146,2.880921895,5.841869398,109,4.361395647,5,5,TRUE,TRUE,8,looking_sideways,suspicious,0.959459459,3.000960307,7.002240717,manual_clip,L02_looking_sideways_take07,/home/sagemaker-user/exam_proctoring_dataset/02_clips/looking_sideways/L02_looking_sideways_take07.mp4,images/L02_looking_sideways_take07/win_003_midframe_0109.jpg,correct,,
L02_looking_sideways_take07.mp4,L02_looking_sideways_take07,looking_sideways,B3,L02,4,96,170,3.841229193,6.802176697,133,5.321702945,5,5,TRUE,TRUE,8,looking_sideways,suspicious,1,3.000960307,7.002240717,manual_clip,L02_looking_sideways_take07,/home/sagemaker-user/exam_proctoring_dataset/02_clips/looking_sideways/L02_looking_sideways_take07.mp4,images/L02_looking_sideways_take07/win_004_midframe_0133.jpg,correct,,
L02_looking_sideways_take07.mp4,L02_looking_sideways_take07,looking_sideways,B3,L02,5,120,194,4.801536492,7.762483995,157,6.282010243,5,5,TRUE,TRUE,8,looking_sideways,suspicious,0.743243243,3.000960307,7.002240717,manual_clip,L02_looking_sideways_take07,/home/sagemaker-user/exam_proctoring_dataset/02_clips/looking_sideways/L02_looking_sideways_take07.mp4,images/L02_looking_sideways_take07/win_005_midframe_0157.jpg,correct,,
L02_looking_sideways_take07.mp4,L02_looking_sideways_take07,looking_sideways,B3,L02,6,144,218,5.76184379,8.722791293,181,7.242317542,5,5,TRUE,TRUE,8,normal,normal,0.418918919,3.000960307,7.002240717,manual_clip,L02_looking_sideways_take07,/home/sagemaker-user/exam_proctoring_dataset/02_clips/looking_sideways/L02_looking_sideways_take07.mp4,images/L02_looking_sideways_take07/win_006_midframe_0181.jpg,correct,,
L02_looking_sideways_take07.mp4,L02_looking_sideways_take07,looking_sideways,B3,L02,7,168,242,6.722151088,9.683098592,205,8.20262484,5,5,TRUE,TRUE,8,normal,normal,0.094594595,3.000960307,7.002240717,manual_clip,L02_looking_sideways_take07,/home/sagemaker-user/exam_proctoring_dataset/02_clips/looking_sideways/L02_looking_sideways_take07.mp4,images/L02_looking_sideways_take07/win_007_midframe_0205.jpg,correct,,
L03_looking_sideways_take03.mp4,L03_looking_sideways_take03,looking_sideways,A3,L03,0,0,74,0,2.961421482,37,1.480710741,4,4,TRUE,TRUE,8,looking_sideways,suspicious,1,0,6.002881383,manual_clip,L03_looking_sideways_take03,/home/sagemaker-user/exam_proctoring_dataset/02_clips/looking_sideways/L03_looking_sideways_take03.mp4,images/L03_looking_sideways_take03/win_000_midframe_0037.jpg,exclude,,"need to check as , A2 was looking all the time side ways , and it should be A3 , should be lookimng side ways "
L03_looking_sideways_take03.mp4,L03_looking_sideways_take03,looking_sideways,A3,L03,1,24,98,0.960461021,3.921882504,61,2.441171762,4,4,TRUE,TRUE,8,looking_sideways,suspicious,1,0,6.002881383,manual_clip,L03_looking_sideways_take03,/home/sagemaker-user/exam_proctoring_dataset/02_clips/looking_sideways/L03_looking_sideways_take03.mp4,images/L03_looking_sideways_take03/win_001_midframe_0061.jpg,exclude,,"need to check as , A2 was looking all the time side ways , and it should be A3 , should be lookimng side ways "
L03_looking_sideways_take03.mp4,L03_looking_sideways_take03,looking_sideways,A3,L03,2,48,122,1.920922043,4.882343525,85,3.401632784,4,4,TRUE,TRUE,8,looking_sideways,suspicious,1,0,6.002881383,manual_clip,L03_looking_sideways_take03,/home/sagemaker-user/exam_proctoring_dataset/02_clips/looking_sideways/L03_looking_sideways_take03.mp4,images/L03_looking_sideways_take03/win_002_midframe_0085.jpg,exclude,,"need to check as , A2 was looking all the time side ways , and it should be A3 , should be lookimng side ways "
L03_looking_sideways_take03.mp4,L03_looking_sideways_take03,looking_sideways,A3,L03,3,72,146,2.881383064,5.842804546,109,4.362093805,4,4,TRUE,TRUE,8,looking_sideways,suspicious,1,0,6.002881383,manual_clip,L03_looking_sideways_take03,/home/sagemaker-user/exam_proctoring_dataset/02_clips/looking_sideways/L03_looking_sideways_take03.mp4,images/L03_looking_sideways_take03/win_003_midframe_0109.jpg,exclude,,"need to check as , A2 was looking all the time side ways , and it should be A3 , should be lookimng side ways "
L03_looking_sideways_take03.mp4,L03_looking_sideways_take03,looking_sideways,A3,L03,4,96,170,3.841844085,6.803265567,133,5.322554826,4,4,TRUE,TRUE,8,looking_sideways,suspicious,0.72972973,0,6.002881383,manual_clip,L03_looking_sideways_take03,/home/sagemaker-user/exam_proctoring_dataset/02_clips/looking_sideways/L03_looking_sideways_take03.mp4,images/L03_looking_sideways_take03/win_004_midframe_0133.jpg,exclude,,"need to check as , A2 was looking all the time side ways , and it should be A3 , should be lookimng side ways "
L03_looking_sideways_take03.mp4,L03_looking_sideways_take03,looking_sideways,A3,L03,5,120,194,4.802305106,7.763726589,157,6.283015848,4,4,TRUE,TRUE,8,normal,normal,0.405405405,0,6.002881383,manual_clip,L03_looking_sideways_take03,/home/sagemaker-user/exam_proctoring_dataset/02_clips/looking_sideways/L03_looking_sideways_take03.mp4,images/L03_looking_sideways_take03/win_005_midframe_0157.jpg,exclude,,"need to check as , A2 was looking all the time side ways , and it should be A3 , should be lookimng side ways "
L03_looking_sideways_take03.mp4,L03_looking_sideways_take03,looking_sideways,A3,L03,6,144,218,5.762766128,8.72418761,181,7.243476869,4,4,TRUE,TRUE,8,normal,normal,0.081081081,0,6.002881383,manual_clip,L03_looking_sideways_take03,/home/sagemaker-user/exam_proctoring_dataset/02_clips/looking_sideways/L03_looking_sideways_take03.mp4,images/L03_looking_sideways_take03/win_006_midframe_0181.jpg,exclude,,"need to check as , A2 was looking all the time side ways , and it should be A3 , should be lookimng side ways "
L03_looking_sideways_take03.mp4,L03_looking_sideways_take03,looking_sideways,A3,L03,7,168,242,6.723227149,9.684648631,205,8.20393789,4,4,TRUE,TRUE,8,normal,normal,0,0,6.002881383,manual_clip,L03_looking_sideways_take03,/home/sagemaker-user/exam_proctoring_dataset/02_clips/looking_sideways/L03_looking_sideways_take03.mp4,images/L03_looking_sideways_take03/win_007_midframe_0205.jpg,exclude,,"need to check as , A2 was looking all the time side ways , and it should be A3 , should be lookimng side ways "
L03_looking_sideways_take04.mp4,L03_looking_sideways_take04,looking_sideways,A4,L03,0,0,74,0,2.961421482,37,1.480710741,6,6,TRUE,TRUE,8,looking_sideways,suspicious,0.662162162,1.000480231,6.002881383,manual_clip,L03_looking_sideways_take04,/home/sagemaker-user/exam_proctoring_dataset/02_clips/looking_sideways/L03_looking_sideways_take04.mp4,images/L03_looking_sideways_take04/win_000_midframe_0037.jpg,exclude,,need to check by vaibhav
L03_looking_sideways_take04.mp4,L03_looking_sideways_take04,looking_sideways,A4,L03,1,24,98,0.960461021,3.921882504,61,2.441171762,6,6,TRUE,TRUE,8,looking_sideways,suspicious,0.986486486,1.000480231,6.002881383,manual_clip,L03_looking_sideways_take04,/home/sagemaker-user/exam_proctoring_dataset/02_clips/looking_sideways/L03_looking_sideways_take04.mp4,images/L03_looking_sideways_take04/win_001_midframe_0061.jpg,exclude,,need to check by vaibhav
L03_looking_sideways_take04.mp4,L03_looking_sideways_take04,looking_sideways,A4,L03,2,48,122,1.920922043,4.882343525,85,3.401632784,6,6,TRUE,TRUE,8,looking_sideways,suspicious,1,1.000480231,6.002881383,manual_clip,L03_looking_sideways_take04,/home/sagemaker-user/exam_proctoring_dataset/02_clips/looking_sideways/L03_looking_sideways_take04.mp4,images/L03_looking_sideways_take04/win_002_midframe_0085.jpg,exclude,,need to check by vaibhav
L03_looking_sideways_take04.mp4,L03_looking_sideways_take04,looking_sideways,A4,L03,3,72,146,2.881383064,5.842804546,109,4.362093805,6,6,TRUE,TRUE,8,looking_sideways,suspicious,1,1.000480231,6.002881383,manual_clip,L03_looking_sideways_take04,/home/sagemaker-user/exam_proctoring_dataset/02_clips/looking_sideways/L03_looking_sideways_take04.mp4,images/L03_looking_sideways_take04/win_003_midframe_0109.jpg,exclude,,need to check by vaibhav
L03_looking_sideways_take04.mp4,L03_looking_sideways_take04,looking_sideways,A4,L03,4,96,170,3.841844085,6.803265567,133,5.322554826,6,6,TRUE,TRUE,8,looking_sideways,suspicious,0.72972973,1.000480231,6.002881383,manual_clip,L03_looking_sideways_take04,/home/sagemaker-user/exam_proctoring_dataset/02_clips/looking_sideways/L03_looking_sideways_take04.mp4,images/L03_looking_sideways_take04/win_004_midframe_0133.jpg,exclude,,need to check by vaibhav
L03_looking_sideways_take04.mp4,L03_looking_sideways_take04,looking_sideways,A4,L03,5,120,194,4.802305106,7.763726589,157,6.283015848,6,6,TRUE,TRUE,8,normal,normal,0.405405405,1.000480231,6.002881383,manual_clip,L03_looking_sideways_take04,/home/sagemaker-user/exam_proctoring_dataset/02_clips/looking_sideways/L03_looking_sideways_take04.mp4,images/L03_looking_sideways_take04/win_005_midframe_0157.jpg,exclude,,need to check by vaibhav
L03_looking_sideways_take04.mp4,L03_looking_sideways_take04,looking_sideways,A4,L03,6,144,218,5.762766128,8.72418761,181,7.243476869,6,6,TRUE,TRUE,8,normal,normal,0.081081081,1.000480231,6.002881383,manual_clip,L03_looking_sideways_take04,/home/sagemaker-user/exam_proctoring_dataset/02_clips/looking_sideways/L03_looking_sideways_take04.mp4,images/L03_looking_sideways_take04/win_006_midframe_0181.jpg,exclude,,need to check by vaibhav
L03_looking_sideways_take04.mp4,L03_looking_sideways_take04,looking_sideways,A4,L03,7,168,242,6.723227149,9.684648631,205,8.20393789,6,6,TRUE,TRUE,8,normal,normal,0,1.000480231,6.002881383,manual_clip,L03_looking_sideways_take04,/home/sagemaker-user/exam_proctoring_dataset/02_clips/looking_sideways/L03_looking_sideways_take04.mp4,images/L03_looking_sideways_take04/win_007_midframe_0205.jpg,exclude,,need to check by vaibhav
L03_looking_sideways_take05.mp4,L03_looking_sideways_take05,looking_sideways,B4,L03,0,0,74,0,2.961421482,37,1.480710741,7,7,TRUE,TRUE,8,normal,normal,0.324324324,2.000960461,7.003361614,manual_clip,L03_looking_sideways_take05,/home/sagemaker-user/exam_proctoring_dataset/02_clips/looking_sideways/L03_looking_sideways_take05.mp4,images/L03_looking_sideways_take05/win_000_midframe_0037.jpg,exclude,,need to check by vaibhav
L03_looking_sideways_take05.mp4,L03_looking_sideways_take05,looking_sideways,B4,L03,1,24,98,0.960461021,3.921882504,61,2.441171762,7,-1,FALSE,FALSE,7,looking_sideways,suspicious,0.648648649,2.000960461,7.003361614,manual_clip,L03_looking_sideways_take05,/home/sagemaker-user/exam_proctoring_dataset/02_clips/looking_sideways/L03_looking_sideways_take05.mp4,images/L03_looking_sideways_take05/win_001_midframe_0061.jpg,exclude,,need to check by vaibhav
L03_looking_sideways_take05.mp4,L03_looking_sideways_take05,looking_sideways,B4,L03,2,48,122,1.920922043,4.882343525,85,3.401632784,7,-1,FALSE,FALSE,7,looking_sideways,suspicious,0.972972973,2.000960461,7.003361614,manual_clip,L03_looking_sideways_take05,/home/sagemaker-user/exam_proctoring_dataset/02_clips/looking_sideways/L03_looking_sideways_take05.mp4,images/L03_looking_sideways_take05/win_002_midframe_0085.jpg,exclude,,need to check by vaibhav
L03_looking_sideways_take05.mp4,L03_looking_sideways_take05,looking_sideways,B4,L03,3,72,146,2.881383064,5.842804546,109,4.362093805,7,-1,FALSE,FALSE,7,looking_sideways,suspicious,1,2.000960461,7.003361614,manual_clip,L03_looking_sideways_take05,/home/sagemaker-user/exam_proctoring_dataset/02_clips/looking_sideways/L03_looking_sideways_take05.mp4,images/L03_looking_sideways_take05/win_003_midframe_0109.jpg,exclude,,need to check by vaibhav
L03_looking_sideways_take05.mp4,L03_looking_sideways_take05,looking_sideways,B4,L03,4,96,170,3.841844085,6.803265567,133,5.322554826,7,-1,FALSE,FALSE,7,looking_sideways,suspicious,1,2.000960461,7.003361614,manual_clip,L03_looking_sideways_take05,/home/sagemaker-user/exam_proctoring_dataset/02_clips/looking_sideways/L03_looking_sideways_take05.mp4,images/L03_looking_sideways_take05/win_004_midframe_0133.jpg,exclude,,need to check by vaibhav
L03_looking_sideways_take05.mp4,L03_looking_sideways_take05,looking_sideways,B4,L03,5,120,194,4.802305106,7.763726589,157,6.283015848,7,-1,FALSE,FALSE,7,looking_sideways,suspicious,0.743243243,2.000960461,7.003361614,manual_clip,L03_looking_sideways_take05,/home/sagemaker-user/exam_proctoring_dataset/02_clips/looking_sideways/L03_looking_sideways_take05.mp4,images/L03_looking_sideways_take05/win_005_midframe_0157.jpg,exclude,,need to check by vaibhav
L03_looking_sideways_take05.mp4,L03_looking_sideways_take05,looking_sideways,B4,L03,6,144,218,5.762766128,8.72418761,181,7.243476869,7,-1,FALSE,FALSE,7,normal,normal,0.418918919,2.000960461,7.003361614,manual_clip,L03_looking_sideways_take05,/home/sagemaker-user/exam_proctoring_dataset/02_clips/looking_sideways/L03_looking_sideways_take05.mp4,images/L03_looking_sideways_take05/win_006_midframe_0181.jpg,exclude,,need to check by vaibhav
L03_looking_sideways_take05.mp4,L03_looking_sideways_take05,looking_sideways,B4,L03,7,168,242,6.723227149,9.684648631,205,8.20393789,7,7,TRUE,TRUE,8,normal,normal,0.094594595,2.000960461,7.003361614,manual_clip,L03_looking_sideways_take05,/home/sagemaker-user/exam_proctoring_dataset/02_clips/looking_sideways/L03_looking_sideways_take05.mp4,images/L03_looking_sideways_take05/win_007_midframe_0205.jpg,exclude,,need to check by vaibhav
L03_looking_sideways_take06.mp4,L03_looking_sideways_take06,looking_sideways,B3,L03,0,0,74,0,2.961421482,37,1.480710741,5,5,TRUE,TRUE,8,normal,normal,0,5.002401153,7.003361614,manual_clip,L03_looking_sideways_take06,/home/sagemaker-user/exam_proctoring_dataset/02_clips/looking_sideways/L03_looking_sideways_take06.mp4,images/L03_looking_sideways_take06/win_000_midframe_0037.jpg,exclude,,need to check by vaibhav
L03_looking_sideways_take06.mp4,L03_looking_sideways_take06,looking_sideways,B3,L03,1,24,98,0.960461021,3.921882504,61,2.441171762,5,5,TRUE,TRUE,8,normal,normal,0,5.002401153,7.003361614,manual_clip,L03_looking_sideways_take06,/home/sagemaker-user/exam_proctoring_dataset/02_clips/looking_sideways/L03_looking_sideways_take06.mp4,images/L03_looking_sideways_take06/win_001_midframe_0061.jpg,exclude,,need to check by vaibhav
L03_looking_sideways_take06.mp4,L03_looking_sideways_take06,looking_sideways,B3,L03,2,48,122,1.920922043,4.882343525,85,3.401632784,5,5,TRUE,TRUE,8,normal,normal,0,5.002401153,7.003361614,manual_clip,L03_looking_sideways_take06,/home/sagemaker-user/exam_proctoring_dataset/02_clips/looking_sideways/L03_looking_sideways_take06.mp4,images/L03_looking_sideways_take06/win_002_midframe_0085.jpg,exclude,,need to check by vaibhav
L03_looking_sideways_take06.mp4,L03_looking_sideways_take06,looking_sideways,B3,L03,3,72,146,2.881383064,5.842804546,109,4.362093805,5,5,TRUE,TRUE,8,normal,normal,0.283783784,5.002401153,7.003361614,manual_clip,L03_looking_sideways_take06,/home/sagemaker-user/exam_proctoring_dataset/02_clips/looking_sideways/L03_looking_sideways_take06.mp4,images/L03_looking_sideways_take06/win_003_midframe_0109.jpg,exclude,,need to check by vaibhav
L03_looking_sideways_take06.mp4,L03_looking_sideways_take06,looking_sideways,B3,L03,4,96,170,3.841844085,6.803265567,133,5.322554826,5,5,TRUE,TRUE,8,looking_sideways,suspicious,0.608108108,5.002401153,7.003361614,manual_clip,L03_looking_sideways_take06,/home/sagemaker-user/exam_proctoring_dataset/02_clips/looking_sideways/L03_looking_sideways_take06.mp4,images/L03_looking_sideways_take06/win_004_midframe_0133.jpg,exclude,,need to check by vaibhav
L03_looking_sideways_take06.mp4,L03_looking_sideways_take06,looking_sideways,B3,L03,5,120,194,4.802305106,7.763726589,157,6.283015848,5,5,TRUE,TRUE,8,looking_sideways,suspicious,0.675675676,5.002401153,7.003361614,manual_clip,L03_looking_sideways_take06,/home/sagemaker-user/exam_proctoring_dataset/02_clips/looking_sideways/L03_looking_sideways_take06.mp4,images/L03_looking_sideways_take06/win_005_midframe_0157.jpg,exclude,,need to check by vaibhav
L03_looking_sideways_take06.mp4,L03_looking_sideways_take06,looking_sideways,B3,L03,6,144,218,5.762766128,8.72418761,181,7.243476869,5,5,TRUE,TRUE,8,normal,normal,0.418918919,5.002401153,7.003361614,manual_clip,L03_looking_sideways_take06,/home/sagemaker-user/exam_proctoring_dataset/02_clips/looking_sideways/L03_looking_sideways_take06.mp4,images/L03_looking_sideways_take06/win_006_midframe_0181.jpg,exclude,,need to check by vaibhav
L03_looking_sideways_take06.mp4,L03_looking_sideways_take06,looking_sideways,B3,L03,7,168,242,6.723227149,9.684648631,205,8.20393789,5,5,TRUE,TRUE,8,normal,normal,0.094594595,5.002401153,7.003361614,manual_clip,L03_looking_sideways_take06,/home/sagemaker-user/exam_proctoring_dataset/02_clips/looking_sideways/L03_looking_sideways_take06.mp4,images/L03_looking_sideways_take06/win_007_midframe_0205.jpg,exclude,,need to check by vaibhav
L03_looking_sideways_take07.mp4,L03_looking_sideways_take07,looking_sideways,B2,L03,0,0,74,0,2.961421482,37,1.480710741,3,3,TRUE,TRUE,8,normal,normal,0,4.001920922,8.003841844,manual_clip,L03_looking_sideways_take07,/home/sagemaker-user/exam_proctoring_dataset/02_clips/looking_sideways/L03_looking_sideways_take07.mp4,images/L03_looking_sideways_take07/win_000_midframe_0037.jpg,correct,,need to check by vaibhav
L03_looking_sideways_take07.mp4,L03_looking_sideways_take07,looking_sideways,B2,L03,1,24,98,0.960461021,3.921882504,61,2.441171762,3,3,TRUE,TRUE,8,normal,normal,0,4.001920922,8.003841844,manual_clip,L03_looking_sideways_take07,/home/sagemaker-user/exam_proctoring_dataset/02_clips/looking_sideways/L03_looking_sideways_take07.mp4,images/L03_looking_sideways_take07/win_001_midframe_0061.jpg,correct,,
L03_looking_sideways_take07.mp4,L03_looking_sideways_take07,looking_sideways,B2,L03,2,48,122,1.920922043,4.882343525,85,3.401632784,3,3,TRUE,TRUE,8,normal,normal,0.297297297,4.001920922,8.003841844,manual_clip,L03_looking_sideways_take07,/home/sagemaker-user/exam_proctoring_dataset/02_clips/looking_sideways/L03_looking_sideways_take07.mp4,images/L03_looking_sideways_take07/win_002_midframe_0085.jpg,correct,,
L03_looking_sideways_take07.mp4,L03_looking_sideways_take07,looking_sideways,B2,L03,3,72,146,2.881383064,5.842804546,109,4.362093805,3,3,TRUE,TRUE,8,looking_sideways,suspicious,0.621621622,4.001920922,8.003841844,manual_clip,L03_looking_sideways_take07,/home/sagemaker-user/exam_proctoring_dataset/02_clips/looking_sideways/L03_looking_sideways_take07.mp4,images/L03_looking_sideways_take07/win_003_midframe_0109.jpg,correct,,
L03_looking_sideways_take07.mp4,L03_looking_sideways_take07,looking_sideways,B2,L03,4,96,170,3.841844085,6.803265567,133,5.322554826,3,3,TRUE,TRUE,8,looking_sideways,suspicious,0.945945946,4.001920922,8.003841844,manual_clip,L03_looking_sideways_take07,/home/sagemaker-user/exam_proctoring_dataset/02_clips/looking_sideways/L03_looking_sideways_take07.mp4,images/L03_looking_sideways_take07/win_004_midframe_0133.jpg,correct,,
L03_looking_sideways_take07.mp4,L03_looking_sideways_take07,looking_sideways,B2,L03,5,120,194,4.802305106,7.763726589,157,6.283015848,3,3,TRUE,TRUE,8,looking_sideways,suspicious,1,4.001920922,8.003841844,manual_clip,L03_looking_sideways_take07,/home/sagemaker-user/exam_proctoring_dataset/02_clips/looking_sideways/L03_looking_sideways_take07.mp4,images/L03_looking_sideways_take07/win_005_midframe_0157.jpg,correct,,
L03_looking_sideways_take07.mp4,L03_looking_sideways_take07,looking_sideways,B2,L03,6,144,218,5.762766128,8.72418761,181,7.243476869,3,3,TRUE,TRUE,8,looking_sideways,suspicious,0.756756757,4.001920922,8.003841844,manual_clip,L03_looking_sideways_take07,/home/sagemaker-user/exam_proctoring_dataset/02_clips/looking_sideways/L03_looking_sideways_take07.mp4,images/L03_looking_sideways_take07/win_006_midframe_0181.jpg,correct,,
L03_looking_sideways_take07.mp4,L03_looking_sideways_take07,looking_sideways,B2,L03,7,168,242,6.723227149,9.684648631,205,8.20393789,3,3,TRUE,TRUE,8,normal,normal,0.432432432,4.001920922,8.003841844,manual_clip,L03_looking_sideways_take07,/home/sagemaker-user/exam_proctoring_dataset/02_clips/looking_sideways/L03_looking_sideways_take07.mp4,images/L03_looking_sideways_take07/win_007_midframe_0205.jpg,correct,,
L03_looking_sideways_take08.mp4,L03_looking_sideways_take08,looking_sideways,B1,L03,0,0,74,0,2.961421482,37,1.480710741,1,1,TRUE,TRUE,8,looking_sideways,suspicious,0.662162162,1.000480231,9.004322075,manual_clip,L03_looking_sideways_take08,/home/sagemaker-user/exam_proctoring_dataset/02_clips/looking_sideways/L03_looking_sideways_take08.mp4,images/L03_looking_sideways_take08/win_000_midframe_0037.jpg,correct,,
L03_looking_sideways_take08.mp4,L03_looking_sideways_take08,looking_sideways,B1,L03,1,24,98,0.960461021,3.921882504,61,2.441171762,1,1,TRUE,TRUE,8,looking_sideways,suspicious,0.986486486,1.000480231,9.004322075,manual_clip,L03_looking_sideways_take08,/home/sagemaker-user/exam_proctoring_dataset/02_clips/looking_sideways/L03_looking_sideways_take08.mp4,images/L03_looking_sideways_take08/win_001_midframe_0061.jpg,correct,,
L03_looking_sideways_take08.mp4,L03_looking_sideways_take08,looking_sideways,B1,L03,2,48,122,1.920922043,4.882343525,85,3.401632784,1,1,TRUE,TRUE,8,looking_sideways,suspicious,1,1.000480231,9.004322075,manual_clip,L03_looking_sideways_take08,/home/sagemaker-user/exam_proctoring_dataset/02_clips/looking_sideways/L03_looking_sideways_take08.mp4,images/L03_looking_sideways_take08/win_002_midframe_0085.jpg,correct,,
L03_looking_sideways_take08.mp4,L03_looking_sideways_take08,looking_sideways,B1,L03,3,72,146,2.881383064,5.842804546,109,4.362093805,1,1,TRUE,TRUE,8,looking_sideways,suspicious,1,1.000480231,9.004322075,manual_clip,L03_looking_sideways_take08,/home/sagemaker-user/exam_proctoring_dataset/02_clips/looking_sideways/L03_looking_sideways_take08.mp4,images/L03_looking_sideways_take08/win_003_midframe_0109.jpg,correct,,
L03_looking_sideways_take08.mp4,L03_looking_sideways_take08,looking_sideways,B1,L03,4,96,170,3.841844085,6.803265567,133,5.322554826,1,1,TRUE,TRUE,8,looking_sideways,suspicious,1,1.000480231,9.004322075,manual_clip,L03_looking_sideways_take08,/home/sagemaker-user/exam_proctoring_dataset/02_clips/looking_sideways/L03_looking_sideways_take08.mp4,images/L03_looking_sideways_take08/win_004_midframe_0133.jpg,correct,,
L03_looking_sideways_take08.mp4,L03_looking_sideways_take08,looking_sideways,B1,L03,5,120,194,4.802305106,7.763726589,157,6.283015848,1,1,TRUE,TRUE,8,looking_sideways,suspicious,1,1.000480231,9.004322075,manual_clip,L03_looking_sideways_take08,/home/sagemaker-user/exam_proctoring_dataset/02_clips/looking_sideways/L03_looking_sideways_take08.mp4,images/L03_looking_sideways_take08/win_005_midframe_0157.jpg,correct,,
L03_looking_sideways_take08.mp4,L03_looking_sideways_take08,looking_sideways,B1,L03,6,144,218,5.762766128,8.72418761,181,7.243476869,1,1,TRUE,TRUE,8,looking_sideways,suspicious,1,1.000480231,9.004322075,manual_clip,L03_looking_sideways_take08,/home/sagemaker-user/exam_proctoring_dataset/02_clips/looking_sideways/L03_looking_sideways_take08.mp4,images/L03_looking_sideways_take08/win_006_midframe_0181.jpg,correct,,
L03_looking_sideways_take08.mp4,L03_looking_sideways_take08,looking_sideways,B1,L03,7,168,242,6.723227149,9.684648631,205,8.20393789,1,1,TRUE,TRUE,8,looking_sideways,suspicious,0.77027027,1.000480231,9.004322075,manual_clip,L03_looking_sideways_take08,/home/sagemaker-user/exam_proctoring_dataset/02_clips/looking_sideways/L03_looking_sideways_take08.mp4,images/L03_looking_sideways_take08/win_007_midframe_0205.jpg,correct,,
L04_looking_sideways_take01.mp4,L04_looking_sideways_take01,looking_sideways,B1,L04,0,0,74,0,2.960236819,37,1.480118409,1,1,TRUE,TRUE,8,normal,normal,0,3.000240019,9.000720058,manual_clip,L04_looking_sideways_take01,/home/sagemaker-user/exam_proctoring_dataset/02_clips/looking_sideways/L04_looking_sideways_take01.mp4,images/L04_looking_sideways_take01/win_000_midframe_0037.jpg,correct,,
L04_looking_sideways_take01.mp4,L04_looking_sideways_take01,looking_sideways,B1,L04,1,24,98,0.960076806,3.920313625,61,2.440195216,1,1,TRUE,TRUE,8,normal,normal,0.310810811,3.000240019,9.000720058,manual_clip,L04_looking_sideways_take01,/home/sagemaker-user/exam_proctoring_dataset/02_clips/looking_sideways/L04_looking_sideways_take01.mp4,images/L04_looking_sideways_take01/win_001_midframe_0061.jpg,correct,,
L04_looking_sideways_take01.mp4,L04_looking_sideways_take01,looking_sideways,B1,L04,2,48,122,1.920153612,4.880390431,85,3.400272022,1,1,TRUE,TRUE,8,looking_sideways,suspicious,0.635135135,3.000240019,9.000720058,manual_clip,L04_looking_sideways_take01,/home/sagemaker-user/exam_proctoring_dataset/02_clips/looking_sideways/L04_looking_sideways_take01.mp4,images/L04_looking_sideways_take01/win_002_midframe_0085.jpg,correct,,
L04_looking_sideways_take01.mp4,L04_looking_sideways_take01,looking_sideways,B1,L04,3,72,146,2.880230418,5.840467237,109,4.360348828,1,1,TRUE,TRUE,8,looking_sideways,suspicious,0.959459459,3.000240019,9.000720058,manual_clip,L04_looking_sideways_take01,/home/sagemaker-user/exam_proctoring_dataset/02_clips/looking_sideways/L04_looking_sideways_take01.mp4,images/L04_looking_sideways_take01/win_003_midframe_0109.jpg,correct,,
L04_looking_sideways_take01.mp4,L04_looking_sideways_take01,looking_sideways,B1,L04,4,96,170,3.840307225,6.800544044,133,5.320425634,1,1,TRUE,TRUE,8,looking_sideways,suspicious,1,3.000240019,9.000720058,manual_clip,L04_looking_sideways_take01,/home/sagemaker-user/exam_proctoring_dataset/02_clips/looking_sideways/L04_looking_sideways_take01.mp4,images/L04_looking_sideways_take01/win_004_midframe_0133.jpg,correct,,
L04_looking_sideways_take01.mp4,L04_looking_sideways_take01,looking_sideways,B1,L04,5,120,194,4.800384031,7.76062085,157,6.28050244,1,1,TRUE,TRUE,8,looking_sideways,suspicious,1,3.000240019,9.000720058,manual_clip,L04_looking_sideways_take01,/home/sagemaker-user/exam_proctoring_dataset/02_clips/looking_sideways/L04_looking_sideways_take01.mp4,images/L04_looking_sideways_take01/win_005_midframe_0157.jpg,correct,,
L04_looking_sideways_take01.mp4,L04_looking_sideways_take01,looking_sideways,B1,L04,6,144,218,5.760460837,8.720697656,181,7.240579246,1,1,TRUE,TRUE,8,looking_sideways,suspicious,1,3.000240019,9.000720058,manual_clip,L04_looking_sideways_take01,/home/sagemaker-user/exam_proctoring_dataset/02_clips/looking_sideways/L04_looking_sideways_take01.mp4,images/L04_looking_sideways_take01/win_006_midframe_0181.jpg,correct,,
L04_looking_sideways_take01.mp4,L04_looking_sideways_take01,looking_sideways,B1,L04,7,168,242,6.720537643,9.680774462,205,8.200656052,1,1,TRUE,TRUE,8,looking_sideways,suspicious,0.77027027,3.000240019,9.000720058,manual_clip,L04_looking_sideways_take01,/home/sagemaker-user/exam_proctoring_dataset/02_clips/looking_sideways/L04_looking_sideways_take01.mp4,images/L04_looking_sideways_take01/win_007_midframe_0205.jpg,correct,,
L04_looking_sideways_take02.mp4,L04_looking_sideways_take02,looking_sideways,B2,L04,0,0,74,0,2.960236819,37,1.480118409,3,3,TRUE,TRUE,8,normal,normal,0.324324324,2.000160013,6.000480038,manual_clip,L04_looking_sideways_take02,/home/sagemaker-user/exam_proctoring_dataset/02_clips/looking_sideways/L04_looking_sideways_take02.mp4,images/L04_looking_sideways_take02/win_000_midframe_0037.jpg,correct,,
L04_looking_sideways_take02.mp4,L04_looking_sideways_take02,looking_sideways,B2,L04,1,24,98,0.960076806,3.920313625,61,2.440195216,3,3,TRUE,TRUE,8,looking_sideways,suspicious,0.648648649,2.000160013,6.000480038,manual_clip,L04_looking_sideways_take02,/home/sagemaker-user/exam_proctoring_dataset/02_clips/looking_sideways/L04_looking_sideways_take02.mp4,images/L04_looking_sideways_take02/win_001_midframe_0061.jpg,correct,,
L04_looking_sideways_take02.mp4,L04_looking_sideways_take02,looking_sideways,B2,L04,2,48,122,1.920153612,4.880390431,85,3.400272022,3,3,TRUE,TRUE,8,looking_sideways,suspicious,0.972972973,2.000160013,6.000480038,manual_clip,L04_looking_sideways_take02,/home/sagemaker-user/exam_proctoring_dataset/02_clips/looking_sideways/L04_looking_sideways_take02.mp4,images/L04_looking_sideways_take02/win_002_midframe_0085.jpg,correct,,
L04_looking_sideways_take02.mp4,L04_looking_sideways_take02,looking_sideways,B2,L04,3,72,146,2.880230418,5.840467237,109,4.360348828,3,3,TRUE,TRUE,8,looking_sideways,suspicious,1,2.000160013,6.000480038,manual_clip,L04_looking_sideways_take02,/home/sagemaker-user/exam_proctoring_dataset/02_clips/looking_sideways/L04_looking_sideways_take02.mp4,images/L04_looking_sideways_take02/win_003_midframe_0109.jpg,correct,,
L04_looking_sideways_take02.mp4,L04_looking_sideways_take02,looking_sideways,B2,L04,4,96,170,3.840307225,6.800544044,133,5.320425634,3,3,TRUE,TRUE,8,looking_sideways,suspicious,0.72972973,2.000160013,6.000480038,manual_clip,L04_looking_sideways_take02,/home/sagemaker-user/exam_proctoring_dataset/02_clips/looking_sideways/L04_looking_sideways_take02.mp4,images/L04_looking_sideways_take02/win_004_midframe_0133.jpg,correct,,
L04_looking_sideways_take02.mp4,L04_looking_sideways_take02,looking_sideways,B2,L04,5,120,194,4.800384031,7.76062085,157,6.28050244,3,3,TRUE,TRUE,8,normal,normal,0.405405405,2.000160013,6.000480038,manual_clip,L04_looking_sideways_take02,/home/sagemaker-user/exam_proctoring_dataset/02_clips/looking_sideways/L04_looking_sideways_take02.mp4,images/L04_looking_sideways_take02/win_005_midframe_0157.jpg,correct,,
L04_looking_sideways_take02.mp4,L04_looking_sideways_take02,looking_sideways,B2,L04,6,144,218,5.760460837,8.720697656,181,7.240579246,3,3,TRUE,TRUE,8,normal,normal,0.081081081,2.000160013,6.000480038,manual_clip,L04_looking_sideways_take02,/home/sagemaker-user/exam_proctoring_dataset/02_clips/looking_sideways/L04_looking_sideways_take02.mp4,images/L04_looking_sideways_take02/win_006_midframe_0181.jpg,correct,,
L04_looking_sideways_take02.mp4,L04_looking_sideways_take02,looking_sideways,B2,L04,7,168,242,6.720537643,9.680774462,205,8.200656052,3,3,TRUE,TRUE,8,normal,normal,0,2.000160013,6.000480038,manual_clip,L04_looking_sideways_take02,/home/sagemaker-user/exam_proctoring_dataset/02_clips/looking_sideways/L04_looking_sideways_take02.mp4,images/L04_looking_sideways_take02/win_007_midframe_0205.jpg,correct,,
L04_looking_sideways_take03.mp4,L04_looking_sideways_take03,looking_sideways,B3,L04,0,0,74,0,2.960236819,37,1.480118409,5,5,TRUE,TRUE,8,looking_sideways,suspicious,1,0,5.000400032,manual_clip,L04_looking_sideways_take03,/home/sagemaker-user/exam_proctoring_dataset/02_clips/looking_sideways/L04_looking_sideways_take03.mp4,images/L04_looking_sideways_take03/win_000_midframe_0037.jpg,correct,,
L04_looking_sideways_take03.mp4,L04_looking_sideways_take03,looking_sideways,B3,L04,1,24,98,0.960076806,3.920313625,61,2.440195216,5,5,TRUE,TRUE,8,looking_sideways,suspicious,1,0,5.000400032,manual_clip,L04_looking_sideways_take03,/home/sagemaker-user/exam_proctoring_dataset/02_clips/looking_sideways/L04_looking_sideways_take03.mp4,images/L04_looking_sideways_take03/win_001_midframe_0061.jpg,correct,,
L04_looking_sideways_take03.mp4,L04_looking_sideways_take03,looking_sideways,B3,L04,2,48,122,1.920153612,4.880390431,85,3.400272022,5,5,TRUE,TRUE,8,looking_sideways,suspicious,1,0,5.000400032,manual_clip,L04_looking_sideways_take03,/home/sagemaker-user/exam_proctoring_dataset/02_clips/looking_sideways/L04_looking_sideways_take03.mp4,images/L04_looking_sideways_take03/win_002_midframe_0085.jpg,correct,,
L04_looking_sideways_take03.mp4,L04_looking_sideways_take03,looking_sideways,B3,L04,3,72,146,2.880230418,5.840467237,109,4.360348828,5,5,TRUE,TRUE,8,looking_sideways,suspicious,0.716216216,0,5.000400032,manual_clip,L04_looking_sideways_take03,/home/sagemaker-user/exam_proctoring_dataset/02_clips/looking_sideways/L04_looking_sideways_take03.mp4,images/L04_looking_sideways_take03/win_003_midframe_0109.jpg,correct,,
L04_looking_sideways_take03.mp4,L04_looking_sideways_take03,looking_sideways,B3,L04,4,96,170,3.840307225,6.800544044,133,5.320425634,5,5,TRUE,TRUE,8,normal,normal,0.391891892,0,5.000400032,manual_clip,L04_looking_sideways_take03,/home/sagemaker-user/exam_proctoring_dataset/02_clips/looking_sideways/L04_looking_sideways_take03.mp4,images/L04_looking_sideways_take03/win_004_midframe_0133.jpg,correct,,
L04_looking_sideways_take03.mp4,L04_looking_sideways_take03,looking_sideways,B3,L04,5,120,194,4.800384031,7.76062085,157,6.28050244,5,5,TRUE,TRUE,8,normal,normal,0.067567568,0,5.000400032,manual_clip,L04_looking_sideways_take03,/home/sagemaker-user/exam_proctoring_dataset/02_clips/looking_sideways/L04_looking_sideways_take03.mp4,images/L04_looking_sideways_take03/win_005_midframe_0157.jpg,correct,,
L04_looking_sideways_take03.mp4,L04_looking_sideways_take03,looking_sideways,B3,L04,6,144,218,5.760460837,8.720697656,181,7.240579246,5,5,TRUE,TRUE,8,normal,normal,0,0,5.000400032,manual_clip,L04_looking_sideways_take03,/home/sagemaker-user/exam_proctoring_dataset/02_clips/looking_sideways/L04_looking_sideways_take03.mp4,images/L04_looking_sideways_take03/win_006_midframe_0181.jpg,correct,,
L04_looking_sideways_take03.mp4,L04_looking_sideways_take03,looking_sideways,B3,L04,7,168,242,6.720537643,9.680774462,205,8.200656052,5,5,TRUE,TRUE,8,normal,normal,0,0,5.000400032,manual_clip,L04_looking_sideways_take03,/home/sagemaker-user/exam_proctoring_dataset/02_clips/looking_sideways/L04_looking_sideways_take03.mp4,images/L04_looking_sideways_take03/win_007_midframe_0205.jpg,correct,,
L04_looking_sideways_take04.mp4,L04_looking_sideways_take04,looking_sideways,B4,L04,0,0,74,0,2.960236819,37,1.480118409,7,7,TRUE,TRUE,8,looking_sideways,suspicious,1,0,4.000320026,manual_clip,L04_looking_sideways_take04,/home/sagemaker-user/exam_proctoring_dataset/02_clips/looking_sideways/L04_looking_sideways_take04.mp4,images/L04_looking_sideways_take04/win_000_midframe_0037.jpg,correct,,
L04_looking_sideways_take04.mp4,L04_looking_sideways_take04,looking_sideways,B4,L04,1,24,98,0.960076806,3.920313625,61,2.440195216,7,7,TRUE,TRUE,8,looking_sideways,suspicious,1,0,4.000320026,manual_clip,L04_looking_sideways_take04,/home/sagemaker-user/exam_proctoring_dataset/02_clips/looking_sideways/L04_looking_sideways_take04.mp4,images/L04_looking_sideways_take04/win_001_midframe_0061.jpg,correct,,
L04_looking_sideways_take04.mp4,L04_looking_sideways_take04,looking_sideways,B4,L04,2,48,122,1.920153612,4.880390431,85,3.400272022,7,7,TRUE,TRUE,8,looking_sideways,suspicious,0.702702703,0,4.000320026,manual_clip,L04_looking_sideways_take04,/home/sagemaker-user/exam_proctoring_dataset/02_clips/looking_sideways/L04_looking_sideways_take04.mp4,images/L04_looking_sideways_take04/win_002_midframe_0085.jpg,correct,,
L04_looking_sideways_take04.mp4,L04_looking_sideways_take04,looking_sideways,B4,L04,3,72,146,2.880230418,5.840467237,109,4.360348828,7,7,TRUE,TRUE,8,normal,normal,0.378378378,0,4.000320026,manual_clip,L04_looking_sideways_take04,/home/sagemaker-user/exam_proctoring_dataset/02_clips/looking_sideways/L04_looking_sideways_take04.mp4,images/L04_looking_sideways_take04/win_003_midframe_0109.jpg,correct,,
L04_looking_sideways_take04.mp4,L04_looking_sideways_take04,looking_sideways,B4,L04,4,96,170,3.840307225,6.800544044,133,5.320425634,7,7,TRUE,TRUE,8,normal,normal,0.054054054,0,4.000320026,manual_clip,L04_looking_sideways_take04,/home/sagemaker-user/exam_proctoring_dataset/02_clips/looking_sideways/L04_looking_sideways_take04.mp4,images/L04_looking_sideways_take04/win_004_midframe_0133.jpg,correct,,
L04_looking_sideways_take04.mp4,L04_looking_sideways_take04,looking_sideways,B4,L04,5,120,194,4.800384031,7.76062085,157,6.28050244,7,-1,FALSE,FALSE,7,normal,normal,0,0,4.000320026,manual_clip,L04_looking_sideways_take04,/home/sagemaker-user/exam_proctoring_dataset/02_clips/looking_sideways/L04_looking_sideways_take04.mp4,images/L04_looking_sideways_take04/win_005_midframe_0157.jpg,exclude,,mismatch
L04_looking_sideways_take04.mp4,L04_looking_sideways_take04,looking_sideways,B4,L04,6,144,218,5.760460837,8.720697656,181,7.240579246,7,-1,FALSE,FALSE,7,normal,normal,0,0,4.000320026,manual_clip,L04_looking_sideways_take04,/home/sagemaker-user/exam_proctoring_dataset/02_clips/looking_sideways/L04_looking_sideways_take04.mp4,images/L04_looking_sideways_take04/win_006_midframe_0181.jpg,exclude,,mismatch
L04_looking_sideways_take04.mp4,L04_looking_sideways_take04,looking_sideways,B4,L04,7,168,242,6.720537643,9.680774462,205,8.200656052,7,7,TRUE,TRUE,8,normal,normal,0,0,4.000320026,manual_clip,L04_looking_sideways_take04,/home/sagemaker-user/exam_proctoring_dataset/02_clips/looking_sideways/L04_looking_sideways_take04.mp4,images/L04_looking_sideways_take04/win_007_midframe_0205.jpg,correct,,
L04_looking_sideways_take05.mp4,L04_looking_sideways_take05,looking_sideways,A4,L04,0,0,74,0,2.960236819,37,1.480118409,6,6,TRUE,TRUE,7,looking_sideways,suspicious,1,0,6.000480038,manual_clip,L04_looking_sideways_take05,/home/sagemaker-user/exam_proctoring_dataset/02_clips/looking_sideways/L04_looking_sideways_take05.mp4,images/L04_looking_sideways_take05/win_000_midframe_0037.jpg,correct,,
L04_looking_sideways_take05.mp4,L04_looking_sideways_take05,looking_sideways,A4,L04,1,24,98,0.960076806,3.920313625,61,2.440195216,6,6,TRUE,TRUE,7,looking_sideways,suspicious,1,0,6.000480038,manual_clip,L04_looking_sideways_take05,/home/sagemaker-user/exam_proctoring_dataset/02_clips/looking_sideways/L04_looking_sideways_take05.mp4,images/L04_looking_sideways_take05/win_001_midframe_0061.jpg,correct,,
L04_looking_sideways_take05.mp4,L04_looking_sideways_take05,looking_sideways,A4,L04,2,48,122,1.920153612,4.880390431,85,3.400272022,6,6,TRUE,TRUE,8,looking_sideways,suspicious,1,0,6.000480038,manual_clip,L04_looking_sideways_take05,/home/sagemaker-user/exam_proctoring_dataset/02_clips/looking_sideways/L04_looking_sideways_take05.mp4,images/L04_looking_sideways_take05/win_002_midframe_0085.jpg,correct,,
L04_looking_sideways_take05.mp4,L04_looking_sideways_take05,looking_sideways,A4,L04,3,72,146,2.880230418,5.840467237,109,4.360348828,6,6,TRUE,TRUE,8,looking_sideways,suspicious,1,0,6.000480038,manual_clip,L04_looking_sideways_take05,/home/sagemaker-user/exam_proctoring_dataset/02_clips/looking_sideways/L04_looking_sideways_take05.mp4,images/L04_looking_sideways_take05/win_003_midframe_0109.jpg,correct,,
L04_looking_sideways_take05.mp4,L04_looking_sideways_take05,looking_sideways,A4,L04,4,96,170,3.840307225,6.800544044,133,5.320425634,6,6,TRUE,TRUE,7,looking_sideways,suspicious,0.72972973,0,6.000480038,manual_clip,L04_looking_sideways_take05,/home/sagemaker-user/exam_proctoring_dataset/02_clips/looking_sideways/L04_looking_sideways_take05.mp4,images/L04_looking_sideways_take05/win_004_midframe_0133.jpg,correct,,
L04_looking_sideways_take05.mp4,L04_looking_sideways_take05,looking_sideways,A4,L04,5,120,194,4.800384031,7.76062085,157,6.28050244,6,6,TRUE,TRUE,8,normal,normal,0.405405405,0,6.000480038,manual_clip,L04_looking_sideways_take05,/home/sagemaker-user/exam_proctoring_dataset/02_clips/looking_sideways/L04_looking_sideways_take05.mp4,images/L04_looking_sideways_take05/win_005_midframe_0157.jpg,correct,,
L04_looking_sideways_take05.mp4,L04_looking_sideways_take05,looking_sideways,A4,L04,6,144,218,5.760460837,8.720697656,181,7.240579246,6,6,TRUE,TRUE,8,normal,normal,0.081081081,0,6.000480038,manual_clip,L04_looking_sideways_take05,/home/sagemaker-user/exam_proctoring_dataset/02_clips/looking_sideways/L04_looking_sideways_take05.mp4,images/L04_looking_sideways_take05/win_006_midframe_0181.jpg,correct,,
L04_looking_sideways_take05.mp4,L04_looking_sideways_take05,looking_sideways,A4,L04,7,168,242,6.720537643,9.680774462,205,8.200656052,6,6,TRUE,TRUE,8,normal,normal,0,0,6.000480038,manual_clip,L04_looking_sideways_take05,/home/sagemaker-user/exam_proctoring_dataset/02_clips/looking_sideways/L04_looking_sideways_take05.mp4,images/L04_looking_sideways_take05/win_007_midframe_0205.jpg,correct,,
L04_looking_sideways_take06.mp4,L04_looking_sideways_take06,looking_sideways,A3,L04,0,0,74,0,2.960236819,37,1.480118409,4,4,TRUE,TRUE,8,looking_sideways,suspicious,0.662162162,1.000080006,7.000560045,manual_clip,L04_looking_sideways_take06,/home/sagemaker-user/exam_proctoring_dataset/02_clips/looking_sideways/L04_looking_sideways_take06.mp4,images/L04_looking_sideways_take06/win_000_midframe_0037.jpg,correct,,
L04_looking_sideways_take06.mp4,L04_looking_sideways_take06,looking_sideways,A3,L04,1,24,98,0.960076806,3.920313625,61,2.440195216,4,4,TRUE,TRUE,8,looking_sideways,suspicious,0.986486486,1.000080006,7.000560045,manual_clip,L04_looking_sideways_take06,/home/sagemaker-user/exam_proctoring_dataset/02_clips/looking_sideways/L04_looking_sideways_take06.mp4,images/L04_looking_sideways_take06/win_001_midframe_0061.jpg,correct,,
L04_looking_sideways_take06.mp4,L04_looking_sideways_take06,looking_sideways,A3,L04,2,48,122,1.920153612,4.880390431,85,3.400272022,4,4,TRUE,TRUE,8,looking_sideways,suspicious,1,1.000080006,7.000560045,manual_clip,L04_looking_sideways_take06,/home/sagemaker-user/exam_proctoring_dataset/02_clips/looking_sideways/L04_looking_sideways_take06.mp4,images/L04_looking_sideways_take06/win_002_midframe_0085.jpg,correct,,
L04_looking_sideways_take06.mp4,L04_looking_sideways_take06,looking_sideways,A3,L04,3,72,146,2.880230418,5.840467237,109,4.360348828,4,4,TRUE,TRUE,8,looking_sideways,suspicious,1,1.000080006,7.000560045,manual_clip,L04_looking_sideways_take06,/home/sagemaker-user/exam_proctoring_dataset/02_clips/looking_sideways/L04_looking_sideways_take06.mp4,images/L04_looking_sideways_take06/win_003_midframe_0109.jpg,correct,,
L04_looking_sideways_take06.mp4,L04_looking_sideways_take06,looking_sideways,A3,L04,4,96,170,3.840307225,6.800544044,133,5.320425634,4,4,TRUE,TRUE,8,looking_sideways,suspicious,1,1.000080006,7.000560045,manual_clip,L04_looking_sideways_take06,/home/sagemaker-user/exam_proctoring_dataset/02_clips/looking_sideways/L04_looking_sideways_take06.mp4,images/L04_looking_sideways_take06/win_004_midframe_0133.jpg,correct,,
L04_looking_sideways_take06.mp4,L04_looking_sideways_take06,looking_sideways,A3,L04,5,120,194,4.800384031,7.76062085,157,6.28050244,4,4,TRUE,TRUE,8,looking_sideways,suspicious,0.743243243,1.000080006,7.000560045,manual_clip,L04_looking_sideways_take06,/home/sagemaker-user/exam_proctoring_dataset/02_clips/looking_sideways/L04_looking_sideways_take06.mp4,images/L04_looking_sideways_take06/win_005_midframe_0157.jpg,correct,,
L04_looking_sideways_take06.mp4,L04_looking_sideways_take06,looking_sideways,A3,L04,6,144,218,5.760460837,8.720697656,181,7.240579246,4,4,TRUE,TRUE,8,normal,normal,0.418918919,1.000080006,7.000560045,manual_clip,L04_looking_sideways_take06,/home/sagemaker-user/exam_proctoring_dataset/02_clips/looking_sideways/L04_looking_sideways_take06.mp4,images/L04_looking_sideways_take06/win_006_midframe_0181.jpg,correct,,
L04_looking_sideways_take06.mp4,L04_looking_sideways_take06,looking_sideways,A3,L04,7,168,242,6.720537643,9.680774462,205,8.200656052,4,4,TRUE,TRUE,8,normal,normal,0.094594595,1.000080006,7.000560045,manual_clip,L04_looking_sideways_take06,/home/sagemaker-user/exam_proctoring_dataset/02_clips/looking_sideways/L04_looking_sideways_take06.mp4,images/L04_looking_sideways_take06/win_007_midframe_0205.jpg,correct,,
L04_looking_sideways_take07.mp4,L04_looking_sideways_take07,looking_sideways,A2,L04,0,0,74,0,2.960236819,37,1.480118409,2,2,TRUE,TRUE,8,normal,normal,0,3.000240019,9.000720058,manual_clip,L04_looking_sideways_take07,/home/sagemaker-user/exam_proctoring_dataset/02_clips/looking_sideways/L04_looking_sideways_take07.mp4,images/L04_looking_sideways_take07/win_000_midframe_0037.jpg,correct,,
L04_looking_sideways_take07.mp4,L04_looking_sideways_take07,looking_sideways,A2,L04,1,24,98,0.960076806,3.920313625,61,2.440195216,2,2,TRUE,TRUE,8,normal,normal,0.310810811,3.000240019,9.000720058,manual_clip,L04_looking_sideways_take07,/home/sagemaker-user/exam_proctoring_dataset/02_clips/looking_sideways/L04_looking_sideways_take07.mp4,images/L04_looking_sideways_take07/win_001_midframe_0061.jpg,correct,,
L04_looking_sideways_take07.mp4,L04_looking_sideways_take07,looking_sideways,A2,L04,2,48,122,1.920153612,4.880390431,85,3.400272022,2,2,TRUE,TRUE,8,looking_sideways,suspicious,0.635135135,3.000240019,9.000720058,manual_clip,L04_looking_sideways_take07,/home/sagemaker-user/exam_proctoring_dataset/02_clips/looking_sideways/L04_looking_sideways_take07.mp4,images/L04_looking_sideways_take07/win_002_midframe_0085.jpg,correct,,
L04_looking_sideways_take07.mp4,L04_looking_sideways_take07,looking_sideways,A2,L04,3,72,146,2.880230418,5.840467237,109,4.360348828,2,2,TRUE,TRUE,8,looking_sideways,suspicious,0.959459459,3.000240019,9.000720058,manual_clip,L04_looking_sideways_take07,/home/sagemaker-user/exam_proctoring_dataset/02_clips/looking_sideways/L04_looking_sideways_take07.mp4,images/L04_looking_sideways_take07/win_003_midframe_0109.jpg,correct,,
L04_looking_sideways_take07.mp4,L04_looking_sideways_take07,looking_sideways,A2,L04,4,96,170,3.840307225,6.800544044,133,5.320425634,2,2,TRUE,TRUE,8,looking_sideways,suspicious,1,3.000240019,9.000720058,manual_clip,L04_looking_sideways_take07,/home/sagemaker-user/exam_proctoring_dataset/02_clips/looking_sideways/L04_looking_sideways_take07.mp4,images/L04_looking_sideways_take07/win_004_midframe_0133.jpg,correct,,
L04_looking_sideways_take07.mp4,L04_looking_sideways_take07,looking_sideways,A2,L04,5,120,194,4.800384031,7.76062085,157,6.28050244,2,2,TRUE,TRUE,8,looking_sideways,suspicious,1,3.000240019,9.000720058,manual_clip,L04_looking_sideways_take07,/home/sagemaker-user/exam_proctoring_dataset/02_clips/looking_sideways/L04_looking_sideways_take07.mp4,images/L04_looking_sideways_take07/win_005_midframe_0157.jpg,correct,,
L04_looking_sideways_take07.mp4,L04_looking_sideways_take07,looking_sideways,A2,L04,6,144,218,5.760460837,8.720697656,181,7.240579246,2,2,TRUE,TRUE,8,looking_sideways,suspicious,1,3.000240019,9.000720058,manual_clip,L04_looking_sideways_take07,/home/sagemaker-user/exam_proctoring_dataset/02_clips/looking_sideways/L04_looking_sideways_take07.mp4,images/L04_looking_sideways_take07/win_006_midframe_0181.jpg,correct,,
L04_looking_sideways_take07.mp4,L04_looking_sideways_take07,looking_sideways,A2,L04,7,168,242,6.720537643,9.680774462,205,8.200656052,2,2,TRUE,TRUE,8,looking_sideways,suspicious,0.77027027,3.000240019,9.000720058,manual_clip,L04_looking_sideways_take07,/home/sagemaker-user/exam_proctoring_dataset/02_clips/looking_sideways/L04_looking_sideways_take07.mp4,images/L04_looking_sideways_take07/win_007_midframe_0205.jpg,correct,,
L04_looking_sideways_take08.mp4,L04_looking_sideways_take08,looking_sideways,A1,L04,0,0,74,0,2.960236819,37,1.480118409,0,0,TRUE,TRUE,8,normal,normal,0,3.000240019,9.000720058,manual_clip,L04_looking_sideways_take08,/home/sagemaker-user/exam_proctoring_dataset/02_clips/looking_sideways/L04_looking_sideways_take08.mp4,images/L04_looking_sideways_take08/win_000_midframe_0037.jpg,correct,,
L04_looking_sideways_take08.mp4,L04_looking_sideways_take08,looking_sideways,A1,L04,1,24,98,0.960076806,3.920313625,61,2.440195216,0,0,TRUE,TRUE,8,normal,normal,0.310810811,3.000240019,9.000720058,manual_clip,L04_looking_sideways_take08,/home/sagemaker-user/exam_proctoring_dataset/02_clips/looking_sideways/L04_looking_sideways_take08.mp4,images/L04_looking_sideways_take08/win_001_midframe_0061.jpg,correct,,
L04_looking_sideways_take08.mp4,L04_looking_sideways_take08,looking_sideways,A1,L04,2,48,122,1.920153612,4.880390431,85,3.400272022,0,0,TRUE,TRUE,8,looking_sideways,suspicious,0.635135135,3.000240019,9.000720058,manual_clip,L04_looking_sideways_take08,/home/sagemaker-user/exam_proctoring_dataset/02_clips/looking_sideways/L04_looking_sideways_take08.mp4,images/L04_looking_sideways_take08/win_002_midframe_0085.jpg,correct,,
L04_looking_sideways_take08.mp4,L04_looking_sideways_take08,looking_sideways,A1,L04,3,72,146,2.880230418,5.840467237,109,4.360348828,0,0,TRUE,TRUE,8,looking_sideways,suspicious,0.959459459,3.000240019,9.000720058,manual_clip,L04_looking_sideways_take08,/home/sagemaker-user/exam_proctoring_dataset/02_clips/looking_sideways/L04_looking_sideways_take08.mp4,images/L04_looking_sideways_take08/win_003_midframe_0109.jpg,correct,,
L04_looking_sideways_take08.mp4,L04_looking_sideways_take08,looking_sideways,A1,L04,4,96,170,3.840307225,6.800544044,133,5.320425634,0,0,TRUE,TRUE,8,looking_sideways,suspicious,1,3.000240019,9.000720058,manual_clip,L04_looking_sideways_take08,/home/sagemaker-user/exam_proctoring_dataset/02_clips/looking_sideways/L04_looking_sideways_take08.mp4,images/L04_looking_sideways_take08/win_004_midframe_0133.jpg,correct,,
L04_looking_sideways_take08.mp4,L04_looking_sideways_take08,looking_sideways,A1,L04,5,120,194,4.800384031,7.76062085,157,6.28050244,0,0,TRUE,TRUE,8,looking_sideways,suspicious,1,3.000240019,9.000720058,manual_clip,L04_looking_sideways_take08,/home/sagemaker-user/exam_proctoring_dataset/02_clips/looking_sideways/L04_looking_sideways_take08.mp4,images/L04_looking_sideways_take08/win_005_midframe_0157.jpg,correct,,
L04_looking_sideways_take08.mp4,L04_looking_sideways_take08,looking_sideways,A1,L04,6,144,218,5.760460837,8.720697656,181,7.240579246,0,0,TRUE,TRUE,8,looking_sideways,suspicious,1,3.000240019,9.000720058,manual_clip,L04_looking_sideways_take08,/home/sagemaker-user/exam_proctoring_dataset/02_clips/looking_sideways/L04_looking_sideways_take08.mp4,images/L04_looking_sideways_take08/win_006_midframe_0181.jpg,correct,,
L04_looking_sideways_take08.mp4,L04_looking_sideways_take08,looking_sideways,A1,L04,7,168,242,6.720537643,9.680774462,205,8.200656052,0,0,TRUE,TRUE,8,looking_sideways,suspicious,0.77027027,3.000240019,9.000720058,manual_clip,L04_looking_sideways_take08,/home/sagemaker-user/exam_proctoring_dataset/02_clips/looking_sideways/L04_looking_sideways_take08.mp4,images/L04_looking_sideways_take08/win_007_midframe_0205.jpg,correct,,
L05_looking_sideways_take01.mp4,L05_looking_sideways_take01,looking_sideways,A1,L05,0,0,74,0,2.962962963,37,1.481481481,0,0,TRUE,TRUE,7,normal,normal,0,3.003003003,9.009009009,manual_clip,L05_looking_sideways_take01,/home/sagemaker-user/exam_proctoring_dataset/02_clips/looking_sideways/L05_looking_sideways_take01.mp4,images/L05_looking_sideways_take01/win_000_midframe_0037.jpg,correct,,
L05_looking_sideways_take01.mp4,L05_looking_sideways_take01,looking_sideways,A1,L05,1,24,98,0.960960961,3.923923924,61,2.442442442,0,0,TRUE,TRUE,7,normal,normal,0.310810811,3.003003003,9.009009009,manual_clip,L05_looking_sideways_take01,/home/sagemaker-user/exam_proctoring_dataset/02_clips/looking_sideways/L05_looking_sideways_take01.mp4,images/L05_looking_sideways_take01/win_001_midframe_0061.jpg,correct,,
L05_looking_sideways_take01.mp4,L05_looking_sideways_take01,looking_sideways,A1,L05,2,48,122,1.921921922,4.884884885,85,3.403403403,0,0,TRUE,TRUE,7,looking_sideways,suspicious,0.635135135,3.003003003,9.009009009,manual_clip,L05_looking_sideways_take01,/home/sagemaker-user/exam_proctoring_dataset/02_clips/looking_sideways/L05_looking_sideways_take01.mp4,images/L05_looking_sideways_take01/win_002_midframe_0085.jpg,correct,,
L05_looking_sideways_take01.mp4,L05_looking_sideways_take01,looking_sideways,A1,L05,3,72,146,2.882882883,5.845845846,109,4.364364364,0,0,TRUE,TRUE,7,looking_sideways,suspicious,0.959459459,3.003003003,9.009009009,manual_clip,L05_looking_sideways_take01,/home/sagemaker-user/exam_proctoring_dataset/02_clips/looking_sideways/L05_looking_sideways_take01.mp4,images/L05_looking_sideways_take01/win_003_midframe_0109.jpg,correct,,
L05_looking_sideways_take01.mp4,L05_looking_sideways_take01,looking_sideways,A1,L05,4,96,170,3.843843844,6.806806807,133,5.325325325,0,0,TRUE,TRUE,7,looking_sideways,suspicious,1,3.003003003,9.009009009,manual_clip,L05_looking_sideways_take01,/home/sagemaker-user/exam_proctoring_dataset/02_clips/looking_sideways/L05_looking_sideways_take01.mp4,images/L05_looking_sideways_take01/win_004_midframe_0133.jpg,correct,,
L05_looking_sideways_take01.mp4,L05_looking_sideways_take01,looking_sideways,A1,L05,5,120,194,4.804804805,7.767767768,157,6.286286286,0,0,TRUE,TRUE,8,looking_sideways,suspicious,1,3.003003003,9.009009009,manual_clip,L05_looking_sideways_take01,/home/sagemaker-user/exam_proctoring_dataset/02_clips/looking_sideways/L05_looking_sideways_take01.mp4,images/L05_looking_sideways_take01/win_005_midframe_0157.jpg,correct,,
L05_looking_sideways_take01.mp4,L05_looking_sideways_take01,looking_sideways,A1,L05,6,144,218,5.765765766,8.728728729,181,7.247247247,0,0,TRUE,TRUE,8,looking_sideways,suspicious,1,3.003003003,9.009009009,manual_clip,L05_looking_sideways_take01,/home/sagemaker-user/exam_proctoring_dataset/02_clips/looking_sideways/L05_looking_sideways_take01.mp4,images/L05_looking_sideways_take01/win_006_midframe_0181.jpg,correct,,
L05_looking_sideways_take01.mp4,L05_looking_sideways_take01,looking_sideways,A1,L05,7,168,242,6.726726727,9.68968969,205,8.208208208,0,0,TRUE,TRUE,7,looking_sideways,suspicious,0.77027027,3.003003003,9.009009009,manual_clip,L05_looking_sideways_take01,/home/sagemaker-user/exam_proctoring_dataset/02_clips/looking_sideways/L05_looking_sideways_take01.mp4,images/L05_looking_sideways_take01/win_007_midframe_0205.jpg,correct,,
L05_looking_sideways_take02.mp4,L05_looking_sideways_take02,looking_sideways,A2,L05,0,0,74,0,2.962962963,37,1.481481481,2,2,TRUE,TRUE,7,normal,normal,0,3.003003003,9.009009009,manual_clip,L05_looking_sideways_take02,/home/sagemaker-user/exam_proctoring_dataset/02_clips/looking_sideways/L05_looking_sideways_take02.mp4,images/L05_looking_sideways_take02/win_000_midframe_0037.jpg,correct,,
L05_looking_sideways_take02.mp4,L05_looking_sideways_take02,looking_sideways,A2,L05,1,24,98,0.960960961,3.923923924,61,2.442442442,2,2,TRUE,TRUE,8,normal,normal,0.310810811,3.003003003,9.009009009,manual_clip,L05_looking_sideways_take02,/home/sagemaker-user/exam_proctoring_dataset/02_clips/looking_sideways/L05_looking_sideways_take02.mp4,images/L05_looking_sideways_take02/win_001_midframe_0061.jpg,correct,,
L05_looking_sideways_take02.mp4,L05_looking_sideways_take02,looking_sideways,A2,L05,2,48,122,1.921921922,4.884884885,85,3.403403403,2,2,TRUE,TRUE,7,looking_sideways,suspicious,0.635135135,3.003003003,9.009009009,manual_clip,L05_looking_sideways_take02,/home/sagemaker-user/exam_proctoring_dataset/02_clips/looking_sideways/L05_looking_sideways_take02.mp4,images/L05_looking_sideways_take02/win_002_midframe_0085.jpg,correct,,
L05_looking_sideways_take02.mp4,L05_looking_sideways_take02,looking_sideways,A2,L05,3,72,146,2.882882883,5.845845846,109,4.364364364,2,2,TRUE,TRUE,7,looking_sideways,suspicious,0.959459459,3.003003003,9.009009009,manual_clip,L05_looking_sideways_take02,/home/sagemaker-user/exam_proctoring_dataset/02_clips/looking_sideways/L05_looking_sideways_take02.mp4,images/L05_looking_sideways_take02/win_003_midframe_0109.jpg,correct,,
L05_looking_sideways_take02.mp4,L05_looking_sideways_take02,looking_sideways,A2,L05,4,96,170,3.843843844,6.806806807,133,5.325325325,2,2,TRUE,TRUE,7,looking_sideways,suspicious,1,3.003003003,9.009009009,manual_clip,L05_looking_sideways_take02,/home/sagemaker-user/exam_proctoring_dataset/02_clips/looking_sideways/L05_looking_sideways_take02.mp4,images/L05_looking_sideways_take02/win_004_midframe_0133.jpg,correct,,
L05_looking_sideways_take02.mp4,L05_looking_sideways_take02,looking_sideways,A2,L05,5,120,194,4.804804805,7.767767768,157,6.286286286,2,2,TRUE,TRUE,7,looking_sideways,suspicious,1,3.003003003,9.009009009,manual_clip,L05_looking_sideways_take02,/home/sagemaker-user/exam_proctoring_dataset/02_clips/looking_sideways/L05_looking_sideways_take02.mp4,images/L05_looking_sideways_take02/win_005_midframe_0157.jpg,correct,,
L05_looking_sideways_take02.mp4,L05_looking_sideways_take02,looking_sideways,A2,L05,6,144,218,5.765765766,8.728728729,181,7.247247247,2,2,TRUE,TRUE,7,looking_sideways,suspicious,1,3.003003003,9.009009009,manual_clip,L05_looking_sideways_take02,/home/sagemaker-user/exam_proctoring_dataset/02_clips/looking_sideways/L05_looking_sideways_take02.mp4,images/L05_looking_sideways_take02/win_006_midframe_0181.jpg,correct,,
L05_looking_sideways_take02.mp4,L05_looking_sideways_take02,looking_sideways,A2,L05,7,168,242,6.726726727,9.68968969,205,8.208208208,2,2,TRUE,TRUE,8,looking_sideways,suspicious,0.77027027,3.003003003,9.009009009,manual_clip,L05_looking_sideways_take02,/home/sagemaker-user/exam_proctoring_dataset/02_clips/looking_sideways/L05_looking_sideways_take02.mp4,images/L05_looking_sideways_take02/win_007_midframe_0205.jpg,correct,,
L05_looking_sideways_take03.mp4,L05_looking_sideways_take03,looking_sideways,A3,L05,0,0,74,0,2.962962963,37,1.481481481,4,4,TRUE,TRUE,7,normal,normal,0,4.004004004,9.009009009,manual_clip,L05_looking_sideways_take03,/home/sagemaker-user/exam_proctoring_dataset/02_clips/looking_sideways/L05_looking_sideways_take03.mp4,images/L05_looking_sideways_take03/win_000_midframe_0037.jpg,correct,,
L05_looking_sideways_take03.mp4,L05_looking_sideways_take03,looking_sideways,A3,L05,1,24,98,0.960960961,3.923923924,61,2.442442442,4,4,TRUE,TRUE,7,normal,normal,0,4.004004004,9.009009009,manual_clip,L05_looking_sideways_take03,/home/sagemaker-user/exam_proctoring_dataset/02_clips/looking_sideways/L05_looking_sideways_take03.mp4,images/L05_looking_sideways_take03/win_001_midframe_0061.jpg,correct,,
L05_looking_sideways_take03.mp4,L05_looking_sideways_take03,looking_sideways,A3,L05,2,48,122,1.921921922,4.884884885,85,3.403403403,4,4,TRUE,TRUE,7,normal,normal,0.297297297,4.004004004,9.009009009,manual_clip,L05_looking_sideways_take03,/home/sagemaker-user/exam_proctoring_dataset/02_clips/looking_sideways/L05_looking_sideways_take03.mp4,images/L05_looking_sideways_take03/win_002_midframe_0085.jpg,correct,,
L05_looking_sideways_take03.mp4,L05_looking_sideways_take03,looking_sideways,A3,L05,3,72,146,2.882882883,5.845845846,109,4.364364364,4,4,TRUE,TRUE,7,looking_sideways,suspicious,0.621621622,4.004004004,9.009009009,manual_clip,L05_looking_sideways_take03,/home/sagemaker-user/exam_proctoring_dataset/02_clips/looking_sideways/L05_looking_sideways_take03.mp4,images/L05_looking_sideways_take03/win_003_midframe_0109.jpg,correct,,
L05_looking_sideways_take03.mp4,L05_looking_sideways_take03,looking_sideways,A3,L05,4,96,170,3.843843844,6.806806807,133,5.325325325,4,4,TRUE,TRUE,7,looking_sideways,suspicious,0.945945946,4.004004004,9.009009009,manual_clip,L05_looking_sideways_take03,/home/sagemaker-user/exam_proctoring_dataset/02_clips/looking_sideways/L05_looking_sideways_take03.mp4,images/L05_looking_sideways_take03/win_004_midframe_0133.jpg,correct,,
L05_looking_sideways_take03.mp4,L05_looking_sideways_take03,looking_sideways,A3,L05,5,120,194,4.804804805,7.767767768,157,6.286286286,4,4,TRUE,TRUE,7,looking_sideways,suspicious,1,4.004004004,9.009009009,manual_clip,L05_looking_sideways_take03,/home/sagemaker-user/exam_proctoring_dataset/02_clips/looking_sideways/L05_looking_sideways_take03.mp4,images/L05_looking_sideways_take03/win_005_midframe_0157.jpg,correct,,
L05_looking_sideways_take03.mp4,L05_looking_sideways_take03,looking_sideways,A3,L05,6,144,218,5.765765766,8.728728729,181,7.247247247,4,4,TRUE,TRUE,7,looking_sideways,suspicious,1,4.004004004,9.009009009,manual_clip,L05_looking_sideways_take03,/home/sagemaker-user/exam_proctoring_dataset/02_clips/looking_sideways/L05_looking_sideways_take03.mp4,images/L05_looking_sideways_take03/win_006_midframe_0181.jpg,correct,,
L05_looking_sideways_take03.mp4,L05_looking_sideways_take03,looking_sideways,A3,L05,7,168,242,6.726726727,9.68968969,205,8.208208208,4,4,TRUE,TRUE,7,looking_sideways,suspicious,0.77027027,4.004004004,9.009009009,manual_clip,L05_looking_sideways_take03,/home/sagemaker-user/exam_proctoring_dataset/02_clips/looking_sideways/L05_looking_sideways_take03.mp4,images/L05_looking_sideways_take03/win_007_midframe_0205.jpg,correct,,
L05_looking_sideways_take04.mp4,L05_looking_sideways_take04,looking_sideways,A4,L05,0,0,74,0,2.962962963,37,1.481481481,5,5,TRUE,TRUE,7,normal,normal,0,4.004004004,9.009009009,manual_clip,L05_looking_sideways_take04,/home/sagemaker-user/exam_proctoring_dataset/02_clips/looking_sideways/L05_looking_sideways_take04.mp4,images/L05_looking_sideways_take04/win_000_midframe_0037.jpg,correct,,check by vaibhav
L05_looking_sideways_take04.mp4,L05_looking_sideways_take04,looking_sideways,A4,L05,1,24,98,0.960960961,3.923923924,61,2.442442442,5,5,TRUE,TRUE,7,normal,normal,0,4.004004004,9.009009009,manual_clip,L05_looking_sideways_take04,/home/sagemaker-user/exam_proctoring_dataset/02_clips/looking_sideways/L05_looking_sideways_take04.mp4,images/L05_looking_sideways_take04/win_001_midframe_0061.jpg,correct,,check by vaibhav
L05_looking_sideways_take04.mp4,L05_looking_sideways_take04,looking_sideways,A4,L05,2,48,122,1.921921922,4.884884885,85,3.403403403,5,5,TRUE,TRUE,7,normal,normal,0.297297297,4.004004004,9.009009009,manual_clip,L05_looking_sideways_take04,/home/sagemaker-user/exam_proctoring_dataset/02_clips/looking_sideways/L05_looking_sideways_take04.mp4,images/L05_looking_sideways_take04/win_002_midframe_0085.jpg,correct,,check by vaibhav
L05_looking_sideways_take04.mp4,L05_looking_sideways_take04,looking_sideways,A4,L05,3,72,146,2.882882883,5.845845846,109,4.364364364,5,6,FALSE,TRUE,8,looking_sideways,suspicious,0.621621622,4.004004004,9.009009009,manual_clip,L05_looking_sideways_take04,/home/sagemaker-user/exam_proctoring_dataset/02_clips/looking_sideways/L05_looking_sideways_take04.mp4,images/L05_looking_sideways_take04/win_003_midframe_0109.jpg,exclude,,mismatch
L05_looking_sideways_take04.mp4,L05_looking_sideways_take04,looking_sideways,A4,L05,4,96,170,3.843843844,6.806806807,133,5.325325325,5,5,TRUE,TRUE,6,looking_sideways,suspicious,0.945945946,4.004004004,9.009009009,manual_clip,L05_looking_sideways_take04,/home/sagemaker-user/exam_proctoring_dataset/02_clips/looking_sideways/L05_looking_sideways_take04.mp4,images/L05_looking_sideways_take04/win_004_midframe_0133.jpg,correct,,
L05_looking_sideways_take04.mp4,L05_looking_sideways_take04,looking_sideways,A4,L05,5,120,194,4.804804805,7.767767768,157,6.286286286,5,-1,FALSE,TRUE,6,looking_sideways,suspicious,1,4.004004004,9.009009009,manual_clip,L05_looking_sideways_take04,/home/sagemaker-user/exam_proctoring_dataset/02_clips/looking_sideways/L05_looking_sideways_take04.mp4,images/L05_looking_sideways_take04/win_005_midframe_0157.jpg,exclude,,mismatch
L05_looking_sideways_take04.mp4,L05_looking_sideways_take04,looking_sideways,A4,L05,6,144,218,5.765765766,8.728728729,181,7.247247247,5,-1,FALSE,TRUE,6,looking_sideways,suspicious,1,4.004004004,9.009009009,manual_clip,L05_looking_sideways_take04,/home/sagemaker-user/exam_proctoring_dataset/02_clips/looking_sideways/L05_looking_sideways_take04.mp4,images/L05_looking_sideways_take04/win_006_midframe_0181.jpg,exclude,,mismatch
L05_looking_sideways_take04.mp4,L05_looking_sideways_take04,looking_sideways,A4,L05,7,168,242,6.726726727,9.68968969,205,8.208208208,5,-1,FALSE,TRUE,6,looking_sideways,suspicious,0.77027027,4.004004004,9.009009009,manual_clip,L05_looking_sideways_take04,/home/sagemaker-user/exam_proctoring_dataset/02_clips/looking_sideways/L05_looking_sideways_take04.mp4,images/L05_looking_sideways_take04/win_007_midframe_0205.jpg,exclude,,mismatch
L05_looking_sideways_take05.mp4,L05_looking_sideways_take05,looking_sideways,B1,L05,0,0,74,0,2.962962963,37,1.481481481,1,1,TRUE,TRUE,7,normal,normal,0,3.003003003,7.007007007,manual_clip,L05_looking_sideways_take05,/home/sagemaker-user/exam_proctoring_dataset/02_clips/looking_sideways/L05_looking_sideways_take05.mp4,images/L05_looking_sideways_take05/win_000_midframe_0037.jpg,correct,,
L05_looking_sideways_take05.mp4,L05_looking_sideways_take05,looking_sideways,B1,L05,1,24,98,0.960960961,3.923923924,61,2.442442442,1,1,TRUE,TRUE,7,normal,normal,0.310810811,3.003003003,7.007007007,manual_clip,L05_looking_sideways_take05,/home/sagemaker-user/exam_proctoring_dataset/02_clips/looking_sideways/L05_looking_sideways_take05.mp4,images/L05_looking_sideways_take05/win_001_midframe_0061.jpg,correct,,
L05_looking_sideways_take05.mp4,L05_looking_sideways_take05,looking_sideways,B1,L05,2,48,122,1.921921922,4.884884885,85,3.403403403,1,1,TRUE,TRUE,7,looking_sideways,suspicious,0.635135135,3.003003003,7.007007007,manual_clip,L05_looking_sideways_take05,/home/sagemaker-user/exam_proctoring_dataset/02_clips/looking_sideways/L05_looking_sideways_take05.mp4,images/L05_looking_sideways_take05/win_002_midframe_0085.jpg,correct,,
L05_looking_sideways_take05.mp4,L05_looking_sideways_take05,looking_sideways,B1,L05,3,72,146,2.882882883,5.845845846,109,4.364364364,1,1,TRUE,TRUE,7,looking_sideways,suspicious,0.959459459,3.003003003,7.007007007,manual_clip,L05_looking_sideways_take05,/home/sagemaker-user/exam_proctoring_dataset/02_clips/looking_sideways/L05_looking_sideways_take05.mp4,images/L05_looking_sideways_take05/win_003_midframe_0109.jpg,correct,,
L05_looking_sideways_take05.mp4,L05_looking_sideways_take05,looking_sideways,B1,L05,4,96,170,3.843843844,6.806806807,133,5.325325325,1,1,TRUE,TRUE,7,looking_sideways,suspicious,1,3.003003003,7.007007007,manual_clip,L05_looking_sideways_take05,/home/sagemaker-user/exam_proctoring_dataset/02_clips/looking_sideways/L05_looking_sideways_take05.mp4,images/L05_looking_sideways_take05/win_004_midframe_0133.jpg,correct,,
L05_looking_sideways_take05.mp4,L05_looking_sideways_take05,looking_sideways,B1,L05,5,120,194,4.804804805,7.767767768,157,6.286286286,1,1,TRUE,TRUE,7,looking_sideways,suspicious,0.743243243,3.003003003,7.007007007,manual_clip,L05_looking_sideways_take05,/home/sagemaker-user/exam_proctoring_dataset/02_clips/looking_sideways/L05_looking_sideways_take05.mp4,images/L05_looking_sideways_take05/win_005_midframe_0157.jpg,correct,,
L05_looking_sideways_take05.mp4,L05_looking_sideways_take05,looking_sideways,B1,L05,6,144,218,5.765765766,8.728728729,181,7.247247247,1,1,TRUE,TRUE,7,normal,normal,0.418918919,3.003003003,7.007007007,manual_clip,L05_looking_sideways_take05,/home/sagemaker-user/exam_proctoring_dataset/02_clips/looking_sideways/L05_looking_sideways_take05.mp4,images/L05_looking_sideways_take05/win_006_midframe_0181.jpg,correct,,
L05_looking_sideways_take05.mp4,L05_looking_sideways_take05,looking_sideways,B1,L05,7,168,242,6.726726727,9.68968969,205,8.208208208,1,1,TRUE,TRUE,7,normal,normal,0.094594595,3.003003003,7.007007007,manual_clip,L05_looking_sideways_take05,/home/sagemaker-user/exam_proctoring_dataset/02_clips/looking_sideways/L05_looking_sideways_take05.mp4,images/L05_looking_sideways_take05/win_007_midframe_0205.jpg,correct,,
L05_looking_sideways_take06.mp4,L05_looking_sideways_take06,looking_sideways,B2,L05,0,0,74,0,2.962962963,37,1.481481481,3,3,TRUE,TRUE,7,normal,normal,0,3.003003003,9.009009009,manual_clip,L05_looking_sideways_take06,/home/sagemaker-user/exam_proctoring_dataset/02_clips/looking_sideways/L05_looking_sideways_take06.mp4,images/L05_looking_sideways_take06/win_000_midframe_0037.jpg,correct,,
L05_looking_sideways_take06.mp4,L05_looking_sideways_take06,looking_sideways,B2,L05,1,24,98,0.960960961,3.923923924,61,2.442442442,3,3,TRUE,TRUE,7,normal,normal,0.310810811,3.003003003,9.009009009,manual_clip,L05_looking_sideways_take06,/home/sagemaker-user/exam_proctoring_dataset/02_clips/looking_sideways/L05_looking_sideways_take06.mp4,images/L05_looking_sideways_take06/win_001_midframe_0061.jpg,correct,,
L05_looking_sideways_take06.mp4,L05_looking_sideways_take06,looking_sideways,B2,L05,2,48,122,1.921921922,4.884884885,85,3.403403403,3,3,TRUE,TRUE,7,looking_sideways,suspicious,0.635135135,3.003003003,9.009009009,manual_clip,L05_looking_sideways_take06,/home/sagemaker-user/exam_proctoring_dataset/02_clips/looking_sideways/L05_looking_sideways_take06.mp4,images/L05_looking_sideways_take06/win_002_midframe_0085.jpg,correct,,
L05_looking_sideways_take06.mp4,L05_looking_sideways_take06,looking_sideways,B2,L05,3,72,146,2.882882883,5.845845846,109,4.364364364,3,3,TRUE,TRUE,7,looking_sideways,suspicious,0.959459459,3.003003003,9.009009009,manual_clip,L05_looking_sideways_take06,/home/sagemaker-user/exam_proctoring_dataset/02_clips/looking_sideways/L05_looking_sideways_take06.mp4,images/L05_looking_sideways_take06/win_003_midframe_0109.jpg,correct,,
L05_looking_sideways_take06.mp4,L05_looking_sideways_take06,looking_sideways,B2,L05,4,96,170,3.843843844,6.806806807,133,5.325325325,3,3,TRUE,TRUE,7,looking_sideways,suspicious,1,3.003003003,9.009009009,manual_clip,L05_looking_sideways_take06,/home/sagemaker-user/exam_proctoring_dataset/02_clips/looking_sideways/L05_looking_sideways_take06.mp4,images/L05_looking_sideways_take06/win_004_midframe_0133.jpg,correct,,
L05_looking_sideways_take06.mp4,L05_looking_sideways_take06,looking_sideways,B2,L05,5,120,194,4.804804805,7.767767768,157,6.286286286,3,3,TRUE,TRUE,7,looking_sideways,suspicious,1,3.003003003,9.009009009,manual_clip,L05_looking_sideways_take06,/home/sagemaker-user/exam_proctoring_dataset/02_clips/looking_sideways/L05_looking_sideways_take06.mp4,images/L05_looking_sideways_take06/win_005_midframe_0157.jpg,correct,,
L05_looking_sideways_take06.mp4,L05_looking_sideways_take06,looking_sideways,B2,L05,6,144,218,5.765765766,8.728728729,181,7.247247247,3,3,TRUE,TRUE,7,looking_sideways,suspicious,1,3.003003003,9.009009009,manual_clip,L05_looking_sideways_take06,/home/sagemaker-user/exam_proctoring_dataset/02_clips/looking_sideways/L05_looking_sideways_take06.mp4,images/L05_looking_sideways_take06/win_006_midframe_0181.jpg,correct,,
L05_looking_sideways_take06.mp4,L05_looking_sideways_take06,looking_sideways,B2,L05,7,168,242,6.726726727,9.68968969,205,8.208208208,3,3,TRUE,TRUE,7,looking_sideways,suspicious,0.77027027,3.003003003,9.009009009,manual_clip,L05_looking_sideways_take06,/home/sagemaker-user/exam_proctoring_dataset/02_clips/looking_sideways/L05_looking_sideways_take06.mp4,images/L05_looking_sideways_take06/win_007_midframe_0205.jpg,correct,,
L05_looking_sideways_take07.mp4,L05_looking_sideways_take07,looking_sideways,B3,L05,0,0,74,0,2.962962963,37,1.481481481,6,6,TRUE,TRUE,7,normal,normal,0,4.004004004,9.009009009,manual_clip,L05_looking_sideways_take07,/home/sagemaker-user/exam_proctoring_dataset/02_clips/looking_sideways/L05_looking_sideways_take07.mp4,images/L05_looking_sideways_take07/win_000_midframe_0037.jpg,exclude,,"Box is on B4 , it should be on B3 "
L05_looking_sideways_take07.mp4,L05_looking_sideways_take07,looking_sideways,B3,L05,1,24,98,0.960960961,3.923923924,61,2.442442442,6,6,TRUE,TRUE,7,normal,normal,0,4.004004004,9.009009009,manual_clip,L05_looking_sideways_take07,/home/sagemaker-user/exam_proctoring_dataset/02_clips/looking_sideways/L05_looking_sideways_take07.mp4,images/L05_looking_sideways_take07/win_001_midframe_0061.jpg,exclude,,"Box is on B4 , it should be on B4"
L05_looking_sideways_take07.mp4,L05_looking_sideways_take07,looking_sideways,B3,L05,2,48,122,1.921921922,4.884884885,85,3.403403403,6,6,TRUE,TRUE,7,normal,normal,0.297297297,4.004004004,9.009009009,manual_clip,L05_looking_sideways_take07,/home/sagemaker-user/exam_proctoring_dataset/02_clips/looking_sideways/L05_looking_sideways_take07.mp4,images/L05_looking_sideways_take07/win_002_midframe_0085.jpg,exclude,,"Box is on B4 , it should be on B5"
L05_looking_sideways_take07.mp4,L05_looking_sideways_take07,looking_sideways,B3,L05,3,72,146,2.882882883,5.845845846,109,4.364364364,6,6,TRUE,TRUE,7,looking_sideways,suspicious,0.621621622,4.004004004,9.009009009,manual_clip,L05_looking_sideways_take07,/home/sagemaker-user/exam_proctoring_dataset/02_clips/looking_sideways/L05_looking_sideways_take07.mp4,images/L05_looking_sideways_take07/win_003_midframe_0109.jpg,exclude,,"Box is on B4 , it should be on B6"
L05_looking_sideways_take07.mp4,L05_looking_sideways_take07,looking_sideways,B3,L05,4,96,170,3.843843844,6.806806807,133,5.325325325,6,6,TRUE,TRUE,7,looking_sideways,suspicious,0.945945946,4.004004004,9.009009009,manual_clip,L05_looking_sideways_take07,/home/sagemaker-user/exam_proctoring_dataset/02_clips/looking_sideways/L05_looking_sideways_take07.mp4,images/L05_looking_sideways_take07/win_004_midframe_0133.jpg,exclude,,"Box is on B4 , it should be on B7"
L05_looking_sideways_take07.mp4,L05_looking_sideways_take07,looking_sideways,B3,L05,5,120,194,4.804804805,7.767767768,157,6.286286286,6,6,TRUE,TRUE,7,looking_sideways,suspicious,1,4.004004004,9.009009009,manual_clip,L05_looking_sideways_take07,/home/sagemaker-user/exam_proctoring_dataset/02_clips/looking_sideways/L05_looking_sideways_take07.mp4,images/L05_looking_sideways_take07/win_005_midframe_0157.jpg,exclude,,"Box is on B4 , it should be on B8"
L05_looking_sideways_take07.mp4,L05_looking_sideways_take07,looking_sideways,B3,L05,6,144,218,5.765765766,8.728728729,181,7.247247247,6,6,TRUE,TRUE,7,looking_sideways,suspicious,1,4.004004004,9.009009009,manual_clip,L05_looking_sideways_take07,/home/sagemaker-user/exam_proctoring_dataset/02_clips/looking_sideways/L05_looking_sideways_take07.mp4,images/L05_looking_sideways_take07/win_006_midframe_0181.jpg,exclude,,"Box is on B4 , it should be on B9"
L05_looking_sideways_take07.mp4,L05_looking_sideways_take07,looking_sideways,B3,L05,7,168,242,6.726726727,9.68968969,205,8.208208208,6,5,FALSE,TRUE,8,looking_sideways,suspicious,0.77027027,4.004004004,9.009009009,manual_clip,L05_looking_sideways_take07,/home/sagemaker-user/exam_proctoring_dataset/02_clips/looking_sideways/L05_looking_sideways_take07.mp4,images/L05_looking_sideways_take07/win_007_midframe_0205.jpg,exclude,,mismatch
L06_looking_sideways_take01.mp4,L06_looking_sideways_take01,looking_sideways,A1,L06,0,0,74,0,2.961065984,37,1.480532992,0,0,TRUE,TRUE,7,normal,normal,0,5.001800648,9.003241167,manual_clip,L06_looking_sideways_take01,/home/sagemaker-user/exam_proctoring_dataset/02_clips/looking_sideways/L06_looking_sideways_take01.mp4,images/L06_looking_sideways_take01/win_000_midframe_0037.jpg,correct,,
L06_looking_sideways_take01.mp4,L06_looking_sideways_take01,looking_sideways,A1,L06,1,24,98,0.960345724,3.921411708,61,2.440878716,0,0,TRUE,TRUE,7,normal,normal,0,5.001800648,9.003241167,manual_clip,L06_looking_sideways_take01,/home/sagemaker-user/exam_proctoring_dataset/02_clips/looking_sideways/L06_looking_sideways_take01.mp4,images/L06_looking_sideways_take01/win_001_midframe_0061.jpg,correct,,
L06_looking_sideways_take01.mp4,L06_looking_sideways_take01,looking_sideways,A1,L06,2,48,122,1.920691449,4.881757433,85,3.401224441,0,0,TRUE,TRUE,7,normal,normal,0,5.001800648,9.003241167,manual_clip,L06_looking_sideways_take01,/home/sagemaker-user/exam_proctoring_dataset/02_clips/looking_sideways/L06_looking_sideways_take01.mp4,images/L06_looking_sideways_take01/win_002_midframe_0085.jpg,correct,,
L06_looking_sideways_take01.mp4,L06_looking_sideways_take01,looking_sideways,A1,L06,3,72,146,2.881037173,5.842103157,109,4.361570165,0,0,TRUE,TRUE,7,normal,normal,0.283783784,5.001800648,9.003241167,manual_clip,L06_looking_sideways_take01,/home/sagemaker-user/exam_proctoring_dataset/02_clips/looking_sideways/L06_looking_sideways_take01.mp4,images/L06_looking_sideways_take01/win_003_midframe_0109.jpg,correct,,
L06_looking_sideways_take01.mp4,L06_looking_sideways_take01,looking_sideways,A1,L06,4,96,170,3.841382898,6.802448882,133,5.32191589,0,0,TRUE,TRUE,7,looking_sideways,suspicious,0.608108108,5.001800648,9.003241167,manual_clip,L06_looking_sideways_take01,/home/sagemaker-user/exam_proctoring_dataset/02_clips/looking_sideways/L06_looking_sideways_take01.mp4,images/L06_looking_sideways_take01/win_004_midframe_0133.jpg,correct,,
L06_looking_sideways_take01.mp4,L06_looking_sideways_take01,looking_sideways,A1,L06,5,120,194,4.801728622,7.762794606,157,6.282261614,0,0,TRUE,TRUE,7,looking_sideways,suspicious,0.932432432,5.001800648,9.003241167,manual_clip,L06_looking_sideways_take01,/home/sagemaker-user/exam_proctoring_dataset/02_clips/looking_sideways/L06_looking_sideways_take01.mp4,images/L06_looking_sideways_take01/win_005_midframe_0157.jpg,correct,,
L06_looking_sideways_take01.mp4,L06_looking_sideways_take01,looking_sideways,A1,L06,6,144,218,5.762074347,8.723140331,181,7.242607339,0,0,TRUE,TRUE,7,looking_sideways,suspicious,1,5.001800648,9.003241167,manual_clip,L06_looking_sideways_take01,/home/sagemaker-user/exam_proctoring_dataset/02_clips/looking_sideways/L06_looking_sideways_take01.mp4,images/L06_looking_sideways_take01/win_006_midframe_0181.jpg,correct,,
L06_looking_sideways_take01.mp4,L06_looking_sideways_take01,looking_sideways,A1,L06,7,168,242,6.722420071,9.683486055,205,8.202953063,0,0,TRUE,TRUE,7,looking_sideways,suspicious,0.77027027,5.001800648,9.003241167,manual_clip,L06_looking_sideways_take01,/home/sagemaker-user/exam_proctoring_dataset/02_clips/looking_sideways/L06_looking_sideways_take01.mp4,images/L06_looking_sideways_take01/win_007_midframe_0205.jpg,correct,,
L06_looking_sideways_take03.mp4,L06_looking_sideways_take03,looking_sideways,A3,L06,0,0,74,0,2.961065984,37,1.480532992,4,4,TRUE,TRUE,7,normal,normal,0,4.001440519,9.003241167,manual_clip,L06_looking_sideways_take03,/home/sagemaker-user/exam_proctoring_dataset/02_clips/looking_sideways/L06_looking_sideways_take03.mp4,images/L06_looking_sideways_take03/win_000_midframe_0037.jpg,correct,,
L06_looking_sideways_take03.mp4,L06_looking_sideways_take03,looking_sideways,A3,L06,1,24,98,0.960345724,3.921411708,61,2.440878716,4,4,TRUE,TRUE,7,normal,normal,0,4.001440519,9.003241167,manual_clip,L06_looking_sideways_take03,/home/sagemaker-user/exam_proctoring_dataset/02_clips/looking_sideways/L06_looking_sideways_take03.mp4,images/L06_looking_sideways_take03/win_001_midframe_0061.jpg,correct,,
L06_looking_sideways_take03.mp4,L06_looking_sideways_take03,looking_sideways,A3,L06,2,48,122,1.920691449,4.881757433,85,3.401224441,4,4,TRUE,TRUE,7,normal,normal,0.297297297,4.001440519,9.003241167,manual_clip,L06_looking_sideways_take03,/home/sagemaker-user/exam_proctoring_dataset/02_clips/looking_sideways/L06_looking_sideways_take03.mp4,images/L06_looking_sideways_take03/win_002_midframe_0085.jpg,correct,,
L06_looking_sideways_take03.mp4,L06_looking_sideways_take03,looking_sideways,A3,L06,3,72,146,2.881037173,5.842103157,109,4.361570165,4,4,TRUE,TRUE,7,looking_sideways,suspicious,0.621621622,4.001440519,9.003241167,manual_clip,L06_looking_sideways_take03,/home/sagemaker-user/exam_proctoring_dataset/02_clips/looking_sideways/L06_looking_sideways_take03.mp4,images/L06_looking_sideways_take03/win_003_midframe_0109.jpg,correct,,
L06_looking_sideways_take03.mp4,L06_looking_sideways_take03,looking_sideways,A3,L06,4,96,170,3.841382898,6.802448882,133,5.32191589,4,4,TRUE,TRUE,7,looking_sideways,suspicious,0.945945946,4.001440519,9.003241167,manual_clip,L06_looking_sideways_take03,/home/sagemaker-user/exam_proctoring_dataset/02_clips/looking_sideways/L06_looking_sideways_take03.mp4,images/L06_looking_sideways_take03/win_004_midframe_0133.jpg,correct,,
L06_looking_sideways_take03.mp4,L06_looking_sideways_take03,looking_sideways,A3,L06,5,120,194,4.801728622,7.762794606,157,6.282261614,4,4,TRUE,TRUE,7,looking_sideways,suspicious,1,4.001440519,9.003241167,manual_clip,L06_looking_sideways_take03,/home/sagemaker-user/exam_proctoring_dataset/02_clips/looking_sideways/L06_looking_sideways_take03.mp4,images/L06_looking_sideways_take03/win_005_midframe_0157.jpg,correct,,
L06_looking_sideways_take03.mp4,L06_looking_sideways_take03,looking_sideways,A3,L06,6,144,218,5.762074347,8.723140331,181,7.242607339,4,4,TRUE,TRUE,7,looking_sideways,suspicious,1,4.001440519,9.003241167,manual_clip,L06_looking_sideways_take03,/home/sagemaker-user/exam_proctoring_dataset/02_clips/looking_sideways/L06_looking_sideways_take03.mp4,images/L06_looking_sideways_take03/win_006_midframe_0181.jpg,correct,,
L06_looking_sideways_take03.mp4,L06_looking_sideways_take03,looking_sideways,A3,L06,7,168,242,6.722420071,9.683486055,205,8.202953063,4,4,TRUE,TRUE,7,looking_sideways,suspicious,0.77027027,4.001440519,9.003241167,manual_clip,L06_looking_sideways_take03,/home/sagemaker-user/exam_proctoring_dataset/02_clips/looking_sideways/L06_looking_sideways_take03.mp4,images/L06_looking_sideways_take03/win_007_midframe_0205.jpg,correct,,
L06_looking_sideways_take04.mp4,L06_looking_sideways_take04,looking_sideways,A4,L06,0,0,74,0,2.961065984,37,1.480532992,6,6,TRUE,TRUE,7,normal,normal,0,3.001080389,8.002881037,manual_clip,L06_looking_sideways_take04,/home/sagemaker-user/exam_proctoring_dataset/02_clips/looking_sideways/L06_looking_sideways_take04.mp4,images/L06_looking_sideways_take04/win_000_midframe_0037.jpg,correct,,
L06_looking_sideways_take04.mp4,L06_looking_sideways_take04,looking_sideways,A4,L06,1,24,98,0.960345724,3.921411708,61,2.440878716,6,6,TRUE,TRUE,7,normal,normal,0.310810811,3.001080389,8.002881037,manual_clip,L06_looking_sideways_take04,/home/sagemaker-user/exam_proctoring_dataset/02_clips/looking_sideways/L06_looking_sideways_take04.mp4,images/L06_looking_sideways_take04/win_001_midframe_0061.jpg,correct,,
L06_looking_sideways_take04.mp4,L06_looking_sideways_take04,looking_sideways,A4,L06,2,48,122,1.920691449,4.881757433,85,3.401224441,6,6,TRUE,TRUE,7,looking_sideways,suspicious,0.635135135,3.001080389,8.002881037,manual_clip,L06_looking_sideways_take04,/home/sagemaker-user/exam_proctoring_dataset/02_clips/looking_sideways/L06_looking_sideways_take04.mp4,images/L06_looking_sideways_take04/win_002_midframe_0085.jpg,correct,,
L06_looking_sideways_take04.mp4,L06_looking_sideways_take04,looking_sideways,A4,L06,3,72,146,2.881037173,5.842103157,109,4.361570165,6,6,TRUE,TRUE,7,looking_sideways,suspicious,0.959459459,3.001080389,8.002881037,manual_clip,L06_looking_sideways_take04,/home/sagemaker-user/exam_proctoring_dataset/02_clips/looking_sideways/L06_looking_sideways_take04.mp4,images/L06_looking_sideways_take04/win_003_midframe_0109.jpg,correct,,
L06_looking_sideways_take04.mp4,L06_looking_sideways_take04,looking_sideways,A4,L06,4,96,170,3.841382898,6.802448882,133,5.32191589,6,6,TRUE,TRUE,7,looking_sideways,suspicious,1,3.001080389,8.002881037,manual_clip,L06_looking_sideways_take04,/home/sagemaker-user/exam_proctoring_dataset/02_clips/looking_sideways/L06_looking_sideways_take04.mp4,images/L06_looking_sideways_take04/win_004_midframe_0133.jpg,correct,,
L06_looking_sideways_take04.mp4,L06_looking_sideways_take04,looking_sideways,A4,L06,5,120,194,4.801728622,7.762794606,157,6.282261614,6,6,TRUE,TRUE,7,looking_sideways,suspicious,1,3.001080389,8.002881037,manual_clip,L06_looking_sideways_take04,/home/sagemaker-user/exam_proctoring_dataset/02_clips/looking_sideways/L06_looking_sideways_take04.mp4,images/L06_looking_sideways_take04/win_005_midframe_0157.jpg,correct,,
L06_looking_sideways_take04.mp4,L06_looking_sideways_take04,looking_sideways,A4,L06,6,144,218,5.762074347,8.723140331,181,7.242607339,6,6,TRUE,TRUE,7,looking_sideways,suspicious,0.756756757,3.001080389,8.002881037,manual_clip,L06_looking_sideways_take04,/home/sagemaker-user/exam_proctoring_dataset/02_clips/looking_sideways/L06_looking_sideways_take04.mp4,images/L06_looking_sideways_take04/win_006_midframe_0181.jpg,correct,,
L06_looking_sideways_take04.mp4,L06_looking_sideways_take04,looking_sideways,A4,L06,7,168,242,6.722420071,9.683486055,205,8.202953063,6,6,TRUE,TRUE,7,normal,normal,0.432432432,3.001080389,8.002881037,manual_clip,L06_looking_sideways_take04,/home/sagemaker-user/exam_proctoring_dataset/02_clips/looking_sideways/L06_looking_sideways_take04.mp4,images/L06_looking_sideways_take04/win_007_midframe_0205.jpg,correct,,
L06_looking_sideways_take06.mp4,L06_looking_sideways_take06,looking_sideways,B2,L06,0,0,74,0,2.961065984,37,1.480532992,3,3,TRUE,TRUE,7,normal,normal,0,4.001440519,9.003241167,manual_clip,L06_looking_sideways_take06,/home/sagemaker-user/exam_proctoring_dataset/02_clips/looking_sideways/L06_looking_sideways_take06.mp4,images/L06_looking_sideways_take06/win_000_midframe_0037.jpg,correct,,
L06_looking_sideways_take06.mp4,L06_looking_sideways_take06,looking_sideways,B2,L06,1,24,98,0.960345724,3.921411708,61,2.440878716,3,3,TRUE,TRUE,7,normal,normal,0,4.001440519,9.003241167,manual_clip,L06_looking_sideways_take06,/home/sagemaker-user/exam_proctoring_dataset/02_clips/looking_sideways/L06_looking_sideways_take06.mp4,images/L06_looking_sideways_take06/win_001_midframe_0061.jpg,correct,,
L06_looking_sideways_take06.mp4,L06_looking_sideways_take06,looking_sideways,B2,L06,2,48,122,1.920691449,4.881757433,85,3.401224441,3,3,TRUE,TRUE,7,normal,normal,0.297297297,4.001440519,9.003241167,manual_clip,L06_looking_sideways_take06,/home/sagemaker-user/exam_proctoring_dataset/02_clips/looking_sideways/L06_looking_sideways_take06.mp4,images/L06_looking_sideways_take06/win_002_midframe_0085.jpg,correct,,
L06_looking_sideways_take06.mp4,L06_looking_sideways_take06,looking_sideways,B2,L06,3,72,146,2.881037173,5.842103157,109,4.361570165,3,3,TRUE,TRUE,7,looking_sideways,suspicious,0.621621622,4.001440519,9.003241167,manual_clip,L06_looking_sideways_take06,/home/sagemaker-user/exam_proctoring_dataset/02_clips/looking_sideways/L06_looking_sideways_take06.mp4,images/L06_looking_sideways_take06/win_003_midframe_0109.jpg,correct,,
L06_looking_sideways_take06.mp4,L06_looking_sideways_take06,looking_sideways,B2,L06,4,96,170,3.841382898,6.802448882,133,5.32191589,3,3,TRUE,TRUE,7,looking_sideways,suspicious,0.945945946,4.001440519,9.003241167,manual_clip,L06_looking_sideways_take06,/home/sagemaker-user/exam_proctoring_dataset/02_clips/looking_sideways/L06_looking_sideways_take06.mp4,images/L06_looking_sideways_take06/win_004_midframe_0133.jpg,correct,,
L06_looking_sideways_take06.mp4,L06_looking_sideways_take06,looking_sideways,B2,L06,5,120,194,4.801728622,7.762794606,157,6.282261614,3,3,TRUE,TRUE,7,looking_sideways,suspicious,1,4.001440519,9.003241167,manual_clip,L06_looking_sideways_take06,/home/sagemaker-user/exam_proctoring_dataset/02_clips/looking_sideways/L06_looking_sideways_take06.mp4,images/L06_looking_sideways_take06/win_005_midframe_0157.jpg,correct,,
L06_looking_sideways_take06.mp4,L06_looking_sideways_take06,looking_sideways,B2,L06,6,144,218,5.762074347,8.723140331,181,7.242607339,3,3,TRUE,TRUE,7,looking_sideways,suspicious,1,4.001440519,9.003241167,manual_clip,L06_looking_sideways_take06,/home/sagemaker-user/exam_proctoring_dataset/02_clips/looking_sideways/L06_looking_sideways_take06.mp4,images/L06_looking_sideways_take06/win_006_midframe_0181.jpg,correct,,
L06_looking_sideways_take06.mp4,L06_looking_sideways_take06,looking_sideways,B2,L06,7,168,242,6.722420071,9.683486055,205,8.202953063,3,3,TRUE,TRUE,8,looking_sideways,suspicious,0.77027027,4.001440519,9.003241167,manual_clip,L06_looking_sideways_take06,/home/sagemaker-user/exam_proctoring_dataset/02_clips/looking_sideways/L06_looking_sideways_take06.mp4,images/L06_looking_sideways_take06/win_007_midframe_0205.jpg,correct,,
L06_looking_sideways_take07.mp4,L06_looking_sideways_take07,looking_sideways,B3,L06,0,0,74,0,2.961065984,37,1.480532992,5,5,TRUE,TRUE,8,normal,normal,0,3.001080389,9.003241167,manual_clip,L06_looking_sideways_take07,/home/sagemaker-user/exam_proctoring_dataset/02_clips/looking_sideways/L06_looking_sideways_take07.mp4,images/L06_looking_sideways_take07/win_000_midframe_0037.jpg,correct,,
L06_looking_sideways_take07.mp4,L06_looking_sideways_take07,looking_sideways,B3,L06,1,24,98,0.960345724,3.921411708,61,2.440878716,5,5,TRUE,TRUE,7,normal,normal,0.310810811,3.001080389,9.003241167,manual_clip,L06_looking_sideways_take07,/home/sagemaker-user/exam_proctoring_dataset/02_clips/looking_sideways/L06_looking_sideways_take07.mp4,images/L06_looking_sideways_take07/win_001_midframe_0061.jpg,correct,,
L06_looking_sideways_take07.mp4,L06_looking_sideways_take07,looking_sideways,B3,L06,2,48,122,1.920691449,4.881757433,85,3.401224441,5,5,TRUE,TRUE,8,looking_sideways,suspicious,0.635135135,3.001080389,9.003241167,manual_clip,L06_looking_sideways_take07,/home/sagemaker-user/exam_proctoring_dataset/02_clips/looking_sideways/L06_looking_sideways_take07.mp4,images/L06_looking_sideways_take07/win_002_midframe_0085.jpg,correct,,
L06_looking_sideways_take07.mp4,L06_looking_sideways_take07,looking_sideways,B3,L06,3,72,146,2.881037173,5.842103157,109,4.361570165,5,5,TRUE,TRUE,8,looking_sideways,suspicious,0.959459459,3.001080389,9.003241167,manual_clip,L06_looking_sideways_take07,/home/sagemaker-user/exam_proctoring_dataset/02_clips/looking_sideways/L06_looking_sideways_take07.mp4,images/L06_looking_sideways_take07/win_003_midframe_0109.jpg,correct,,
L06_looking_sideways_take07.mp4,L06_looking_sideways_take07,looking_sideways,B3,L06,4,96,170,3.841382898,6.802448882,133,5.32191589,5,5,TRUE,TRUE,8,looking_sideways,suspicious,1,3.001080389,9.003241167,manual_clip,L06_looking_sideways_take07,/home/sagemaker-user/exam_proctoring_dataset/02_clips/looking_sideways/L06_looking_sideways_take07.mp4,images/L06_looking_sideways_take07/win_004_midframe_0133.jpg,correct,,
L06_looking_sideways_take07.mp4,L06_looking_sideways_take07,looking_sideways,B3,L06,5,120,194,4.801728622,7.762794606,157,6.282261614,5,5,TRUE,TRUE,8,looking_sideways,suspicious,1,3.001080389,9.003241167,manual_clip,L06_looking_sideways_take07,/home/sagemaker-user/exam_proctoring_dataset/02_clips/looking_sideways/L06_looking_sideways_take07.mp4,images/L06_looking_sideways_take07/win_005_midframe_0157.jpg,correct,,
L06_looking_sideways_take07.mp4,L06_looking_sideways_take07,looking_sideways,B3,L06,6,144,218,5.762074347,8.723140331,181,7.242607339,5,5,TRUE,TRUE,8,looking_sideways,suspicious,1,3.001080389,9.003241167,manual_clip,L06_looking_sideways_take07,/home/sagemaker-user/exam_proctoring_dataset/02_clips/looking_sideways/L06_looking_sideways_take07.mp4,images/L06_looking_sideways_take07/win_006_midframe_0181.jpg,correct,,
L06_looking_sideways_take07.mp4,L06_looking_sideways_take07,looking_sideways,B3,L06,7,168,242,6.722420071,9.683486055,205,8.202953063,5,5,TRUE,TRUE,7,looking_sideways,suspicious,0.77027027,3.001080389,9.003241167,manual_clip,L06_looking_sideways_take07,/home/sagemaker-user/exam_proctoring_dataset/02_clips/looking_sideways/L06_looking_sideways_take07.mp4,images/L06_looking_sideways_take07/win_007_midframe_0205.jpg,correct,,
L07_looking_sideways_take01.mp4,L07_looking_sideways_take01,looking_sideways,A1,L07,0,0,74,0,2.960355243,37,1.480177621,0,0,TRUE,TRUE,7,normal,normal,0,3.000360043,9.00108013,manual_clip,L07_looking_sideways_take01,/home/sagemaker-user/exam_proctoring_dataset/02_clips/looking_sideways/L07_looking_sideways_take01.mp4,images/L07_looking_sideways_take01/win_000_midframe_0037.jpg,correct,,
L07_looking_sideways_take01.mp4,L07_looking_sideways_take01,looking_sideways,A1,L07,1,24,98,0.960115214,3.920470456,61,2.440292835,0,0,TRUE,TRUE,7,normal,normal,0.310810811,3.000360043,9.00108013,manual_clip,L07_looking_sideways_take01,/home/sagemaker-user/exam_proctoring_dataset/02_clips/looking_sideways/L07_looking_sideways_take01.mp4,images/L07_looking_sideways_take01/win_001_midframe_0061.jpg,correct,,
L07_looking_sideways_take01.mp4,L07_looking_sideways_take01,looking_sideways,A1,L07,2,48,122,1.920230428,4.88058567,85,3.400408049,0,0,TRUE,TRUE,7,looking_sideways,suspicious,0.635135135,3.000360043,9.00108013,manual_clip,L07_looking_sideways_take01,/home/sagemaker-user/exam_proctoring_dataset/02_clips/looking_sideways/L07_looking_sideways_take01.mp4,images/L07_looking_sideways_take01/win_002_midframe_0085.jpg,correct,,
L07_looking_sideways_take01.mp4,L07_looking_sideways_take01,looking_sideways,A1,L07,3,72,146,2.880345641,5.840700884,109,4.360523263,0,0,TRUE,TRUE,7,looking_sideways,suspicious,0.959459459,3.000360043,9.00108013,manual_clip,L07_looking_sideways_take01,/home/sagemaker-user/exam_proctoring_dataset/02_clips/looking_sideways/L07_looking_sideways_take01.mp4,images/L07_looking_sideways_take01/win_003_midframe_0109.jpg,correct,,
L07_looking_sideways_take01.mp4,L07_looking_sideways_take01,looking_sideways,A1,L07,4,96,170,3.840460855,6.800816098,133,5.320638477,0,0,TRUE,TRUE,7,looking_sideways,suspicious,1,3.000360043,9.00108013,manual_clip,L07_looking_sideways_take01,/home/sagemaker-user/exam_proctoring_dataset/02_clips/looking_sideways/L07_looking_sideways_take01.mp4,images/L07_looking_sideways_take01/win_004_midframe_0133.jpg,correct,,
L07_looking_sideways_take01.mp4,L07_looking_sideways_take01,looking_sideways,A1,L07,5,120,194,4.800576069,7.760931312,157,6.28075369,0,0,TRUE,TRUE,7,looking_sideways,suspicious,1,3.000360043,9.00108013,manual_clip,L07_looking_sideways_take01,/home/sagemaker-user/exam_proctoring_dataset/02_clips/looking_sideways/L07_looking_sideways_take01.mp4,images/L07_looking_sideways_take01/win_005_midframe_0157.jpg,correct,,
L07_looking_sideways_take01.mp4,L07_looking_sideways_take01,looking_sideways,A1,L07,6,144,218,5.760691283,8.721046526,181,7.240868904,0,0,TRUE,TRUE,8,looking_sideways,suspicious,1,3.000360043,9.00108013,manual_clip,L07_looking_sideways_take01,/home/sagemaker-user/exam_proctoring_dataset/02_clips/looking_sideways/L07_looking_sideways_take01.mp4,images/L07_looking_sideways_take01/win_006_midframe_0181.jpg,correct,,
L07_looking_sideways_take01.mp4,L07_looking_sideways_take01,looking_sideways,A1,L07,7,168,242,6.720806497,9.681161739,205,8.200984118,0,0,TRUE,TRUE,7,looking_sideways,suspicious,0.77027027,3.000360043,9.00108013,manual_clip,L07_looking_sideways_take01,/home/sagemaker-user/exam_proctoring_dataset/02_clips/looking_sideways/L07_looking_sideways_take01.mp4,images/L07_looking_sideways_take01/win_007_midframe_0205.jpg,correct,,
L07_looking_sideways_take02.mp4,L07_looking_sideways_take02,looking_sideways,A2,L07,0,0,74,0,2.960355243,37,1.480177621,2,2,TRUE,TRUE,7,normal,normal,0,3.000360043,8.000960115,manual_clip,L07_looking_sideways_take02,/home/sagemaker-user/exam_proctoring_dataset/02_clips/looking_sideways/L07_looking_sideways_take02.mp4,images/L07_looking_sideways_take02/win_000_midframe_0037.jpg,correct,,
L07_looking_sideways_take02.mp4,L07_looking_sideways_take02,looking_sideways,A2,L07,1,24,98,0.960115214,3.920470456,61,2.440292835,2,2,TRUE,TRUE,7,normal,normal,0.310810811,3.000360043,8.000960115,manual_clip,L07_looking_sideways_take02,/home/sagemaker-user/exam_proctoring_dataset/02_clips/looking_sideways/L07_looking_sideways_take02.mp4,images/L07_looking_sideways_take02/win_001_midframe_0061.jpg,correct,,
L07_looking_sideways_take02.mp4,L07_looking_sideways_take02,looking_sideways,A2,L07,2,48,122,1.920230428,4.88058567,85,3.400408049,2,2,TRUE,TRUE,8,looking_sideways,suspicious,0.635135135,3.000360043,8.000960115,manual_clip,L07_looking_sideways_take02,/home/sagemaker-user/exam_proctoring_dataset/02_clips/looking_sideways/L07_looking_sideways_take02.mp4,images/L07_looking_sideways_take02/win_002_midframe_0085.jpg,correct,,
L07_looking_sideways_take02.mp4,L07_looking_sideways_take02,looking_sideways,A2,L07,3,72,146,2.880345641,5.840700884,109,4.360523263,2,2,TRUE,TRUE,8,looking_sideways,suspicious,0.959459459,3.000360043,8.000960115,manual_clip,L07_looking_sideways_take02,/home/sagemaker-user/exam_proctoring_dataset/02_clips/looking_sideways/L07_looking_sideways_take02.mp4,images/L07_looking_sideways_take02/win_003_midframe_0109.jpg,correct,,
L07_looking_sideways_take02.mp4,L07_looking_sideways_take02,looking_sideways,A2,L07,4,96,170,3.840460855,6.800816098,133,5.320638477,2,2,TRUE,TRUE,7,looking_sideways,suspicious,1,3.000360043,8.000960115,manual_clip,L07_looking_sideways_take02,/home/sagemaker-user/exam_proctoring_dataset/02_clips/looking_sideways/L07_looking_sideways_take02.mp4,images/L07_looking_sideways_take02/win_004_midframe_0133.jpg,correct,,
L07_looking_sideways_take02.mp4,L07_looking_sideways_take02,looking_sideways,A2,L07,5,120,194,4.800576069,7.760931312,157,6.28075369,2,2,TRUE,TRUE,7,looking_sideways,suspicious,1,3.000360043,8.000960115,manual_clip,L07_looking_sideways_take02,/home/sagemaker-user/exam_proctoring_dataset/02_clips/looking_sideways/L07_looking_sideways_take02.mp4,images/L07_looking_sideways_take02/win_005_midframe_0157.jpg,correct,,
L07_looking_sideways_take02.mp4,L07_looking_sideways_take02,looking_sideways,A2,L07,6,144,218,5.760691283,8.721046526,181,7.240868904,2,2,TRUE,TRUE,7,looking_sideways,suspicious,0.756756757,3.000360043,8.000960115,manual_clip,L07_looking_sideways_take02,/home/sagemaker-user/exam_proctoring_dataset/02_clips/looking_sideways/L07_looking_sideways_take02.mp4,images/L07_looking_sideways_take02/win_006_midframe_0181.jpg,correct,,
L07_looking_sideways_take02.mp4,L07_looking_sideways_take02,looking_sideways,A2,L07,7,168,242,6.720806497,9.681161739,205,8.200984118,2,2,TRUE,TRUE,7,normal,normal,0.432432432,3.000360043,8.000960115,manual_clip,L07_looking_sideways_take02,/home/sagemaker-user/exam_proctoring_dataset/02_clips/looking_sideways/L07_looking_sideways_take02.mp4,images/L07_looking_sideways_take02/win_007_midframe_0205.jpg,correct,,
L07_looking_sideways_take03.mp4,L07_looking_sideways_take03,looking_sideways,A3,L07,0,0,74,0,2.960355243,37,1.480177621,4,4,TRUE,TRUE,7,normal,normal,0,3.000360043,9.00108013,manual_clip,L07_looking_sideways_take03,/home/sagemaker-user/exam_proctoring_dataset/02_clips/looking_sideways/L07_looking_sideways_take03.mp4,images/L07_looking_sideways_take03/win_000_midframe_0037.jpg,correct,,
L07_looking_sideways_take03.mp4,L07_looking_sideways_take03,looking_sideways,A3,L07,1,24,98,0.960115214,3.920470456,61,2.440292835,4,4,TRUE,TRUE,8,normal,normal,0.310810811,3.000360043,9.00108013,manual_clip,L07_looking_sideways_take03,/home/sagemaker-user/exam_proctoring_dataset/02_clips/looking_sideways/L07_looking_sideways_take03.mp4,images/L07_looking_sideways_take03/win_001_midframe_0061.jpg,correct,,
L07_looking_sideways_take03.mp4,L07_looking_sideways_take03,looking_sideways,A3,L07,2,48,122,1.920230428,4.88058567,85,3.400408049,4,4,TRUE,TRUE,7,looking_sideways,suspicious,0.635135135,3.000360043,9.00108013,manual_clip,L07_looking_sideways_take03,/home/sagemaker-user/exam_proctoring_dataset/02_clips/looking_sideways/L07_looking_sideways_take03.mp4,images/L07_looking_sideways_take03/win_002_midframe_0085.jpg,correct,,
L07_looking_sideways_take03.mp4,L07_looking_sideways_take03,looking_sideways,A3,L07,3,72,146,2.880345641,5.840700884,109,4.360523263,4,4,TRUE,TRUE,7,looking_sideways,suspicious,0.959459459,3.000360043,9.00108013,manual_clip,L07_looking_sideways_take03,/home/sagemaker-user/exam_proctoring_dataset/02_clips/looking_sideways/L07_looking_sideways_take03.mp4,images/L07_looking_sideways_take03/win_003_midframe_0109.jpg,correct,,
L07_looking_sideways_take03.mp4,L07_looking_sideways_take03,looking_sideways,A3,L07,4,96,170,3.840460855,6.800816098,133,5.320638477,4,4,TRUE,TRUE,8,looking_sideways,suspicious,1,3.000360043,9.00108013,manual_clip,L07_looking_sideways_take03,/home/sagemaker-user/exam_proctoring_dataset/02_clips/looking_sideways/L07_looking_sideways_take03.mp4,images/L07_looking_sideways_take03/win_004_midframe_0133.jpg,correct,,
L07_looking_sideways_take03.mp4,L07_looking_sideways_take03,looking_sideways,A3,L07,5,120,194,4.800576069,7.760931312,157,6.28075369,4,4,TRUE,TRUE,7,looking_sideways,suspicious,1,3.000360043,9.00108013,manual_clip,L07_looking_sideways_take03,/home/sagemaker-user/exam_proctoring_dataset/02_clips/looking_sideways/L07_looking_sideways_take03.mp4,images/L07_looking_sideways_take03/win_005_midframe_0157.jpg,correct,,
L07_looking_sideways_take03.mp4,L07_looking_sideways_take03,looking_sideways,A3,L07,6,144,218,5.760691283,8.721046526,181,7.240868904,4,4,TRUE,TRUE,8,looking_sideways,suspicious,1,3.000360043,9.00108013,manual_clip,L07_looking_sideways_take03,/home/sagemaker-user/exam_proctoring_dataset/02_clips/looking_sideways/L07_looking_sideways_take03.mp4,images/L07_looking_sideways_take03/win_006_midframe_0181.jpg,correct,,
L07_looking_sideways_take03.mp4,L07_looking_sideways_take03,looking_sideways,A3,L07,7,168,242,6.720806497,9.681161739,205,8.200984118,4,4,TRUE,TRUE,8,looking_sideways,suspicious,0.77027027,3.000360043,9.00108013,manual_clip,L07_looking_sideways_take03,/home/sagemaker-user/exam_proctoring_dataset/02_clips/looking_sideways/L07_looking_sideways_take03.mp4,images/L07_looking_sideways_take03/win_007_midframe_0205.jpg,correct,,
L07_looking_sideways_take04.mp4,L07_looking_sideways_take04,looking_sideways,A4,L07,0,0,74,0,2.960355243,37,1.480177621,6,6,TRUE,TRUE,7,normal,normal,0,3.000360043,9.00108013,manual_clip,L07_looking_sideways_take04,/home/sagemaker-user/exam_proctoring_dataset/02_clips/looking_sideways/L07_looking_sideways_take04.mp4,images/L07_looking_sideways_take04/win_000_midframe_0037.jpg,correct,,
L07_looking_sideways_take04.mp4,L07_looking_sideways_take04,looking_sideways,A4,L07,1,24,98,0.960115214,3.920470456,61,2.440292835,6,6,TRUE,TRUE,7,normal,normal,0.310810811,3.000360043,9.00108013,manual_clip,L07_looking_sideways_take04,/home/sagemaker-user/exam_proctoring_dataset/02_clips/looking_sideways/L07_looking_sideways_take04.mp4,images/L07_looking_sideways_take04/win_001_midframe_0061.jpg,correct,,
L07_looking_sideways_take04.mp4,L07_looking_sideways_take04,looking_sideways,A4,L07,2,48,122,1.920230428,4.88058567,85,3.400408049,6,6,TRUE,TRUE,8,looking_sideways,suspicious,0.635135135,3.000360043,9.00108013,manual_clip,L07_looking_sideways_take04,/home/sagemaker-user/exam_proctoring_dataset/02_clips/looking_sideways/L07_looking_sideways_take04.mp4,images/L07_looking_sideways_take04/win_002_midframe_0085.jpg,correct,,
L07_looking_sideways_take04.mp4,L07_looking_sideways_take04,looking_sideways,A4,L07,3,72,146,2.880345641,5.840700884,109,4.360523263,6,6,TRUE,TRUE,7,looking_sideways,suspicious,0.959459459,3.000360043,9.00108013,manual_clip,L07_looking_sideways_take04,/home/sagemaker-user/exam_proctoring_dataset/02_clips/looking_sideways/L07_looking_sideways_take04.mp4,images/L07_looking_sideways_take04/win_003_midframe_0109.jpg,correct,,
L07_looking_sideways_take04.mp4,L07_looking_sideways_take04,looking_sideways,A4,L07,4,96,170,3.840460855,6.800816098,133,5.320638477,6,6,TRUE,TRUE,7,looking_sideways,suspicious,1,3.000360043,9.00108013,manual_clip,L07_looking_sideways_take04,/home/sagemaker-user/exam_proctoring_dataset/02_clips/looking_sideways/L07_looking_sideways_take04.mp4,images/L07_looking_sideways_take04/win_004_midframe_0133.jpg,correct,,
L07_looking_sideways_take04.mp4,L07_looking_sideways_take04,looking_sideways,A4,L07,5,120,194,4.800576069,7.760931312,157,6.28075369,6,6,TRUE,TRUE,7,looking_sideways,suspicious,1,3.000360043,9.00108013,manual_clip,L07_looking_sideways_take04,/home/sagemaker-user/exam_proctoring_dataset/02_clips/looking_sideways/L07_looking_sideways_take04.mp4,images/L07_looking_sideways_take04/win_005_midframe_0157.jpg,correct,,
L07_looking_sideways_take04.mp4,L07_looking_sideways_take04,looking_sideways,A4,L07,6,144,218,5.760691283,8.721046526,181,7.240868904,6,6,TRUE,TRUE,7,looking_sideways,suspicious,1,3.000360043,9.00108013,manual_clip,L07_looking_sideways_take04,/home/sagemaker-user/exam_proctoring_dataset/02_clips/looking_sideways/L07_looking_sideways_take04.mp4,images/L07_looking_sideways_take04/win_006_midframe_0181.jpg,correct,,
L07_looking_sideways_take04.mp4,L07_looking_sideways_take04,looking_sideways,A4,L07,7,168,242,6.720806497,9.681161739,205,8.200984118,6,6,TRUE,TRUE,7,looking_sideways,suspicious,0.77027027,3.000360043,9.00108013,manual_clip,L07_looking_sideways_take04,/home/sagemaker-user/exam_proctoring_dataset/02_clips/looking_sideways/L07_looking_sideways_take04.mp4,images/L07_looking_sideways_take04/win_007_midframe_0205.jpg,correct,,
L07_looking_sideways_take07.mp4,L07_looking_sideways_take07,looking_sideways,B3,L07,0,0,74,0,2.960355243,37,1.480177621,5,5,TRUE,TRUE,8,normal,normal,0,3.000360043,9.00108013,manual_clip,L07_looking_sideways_take07,/home/sagemaker-user/exam_proctoring_dataset/02_clips/looking_sideways/L07_looking_sideways_take07.mp4,images/L07_looking_sideways_take07/win_000_midframe_0037.jpg,correct,,
L07_looking_sideways_take07.mp4,L07_looking_sideways_take07,looking_sideways,B3,L07,1,24,98,0.960115214,3.920470456,61,2.440292835,5,5,TRUE,TRUE,8,normal,normal,0.310810811,3.000360043,9.00108013,manual_clip,L07_looking_sideways_take07,/home/sagemaker-user/exam_proctoring_dataset/02_clips/looking_sideways/L07_looking_sideways_take07.mp4,images/L07_looking_sideways_take07/win_001_midframe_0061.jpg,correct,,
L07_looking_sideways_take07.mp4,L07_looking_sideways_take07,looking_sideways,B3,L07,2,48,122,1.920230428,4.88058567,85,3.400408049,5,5,TRUE,TRUE,8,looking_sideways,suspicious,0.635135135,3.000360043,9.00108013,manual_clip,L07_looking_sideways_take07,/home/sagemaker-user/exam_proctoring_dataset/02_clips/looking_sideways/L07_looking_sideways_take07.mp4,images/L07_looking_sideways_take07/win_002_midframe_0085.jpg,correct,,
L07_looking_sideways_take07.mp4,L07_looking_sideways_take07,looking_sideways,B3,L07,3,72,146,2.880345641,5.840700884,109,4.360523263,5,5,TRUE,TRUE,7,looking_sideways,suspicious,0.959459459,3.000360043,9.00108013,manual_clip,L07_looking_sideways_take07,/home/sagemaker-user/exam_proctoring_dataset/02_clips/looking_sideways/L07_looking_sideways_take07.mp4,images/L07_looking_sideways_take07/win_003_midframe_0109.jpg,correct,,
L07_looking_sideways_take07.mp4,L07_looking_sideways_take07,looking_sideways,B3,L07,4,96,170,3.840460855,6.800816098,133,5.320638477,5,5,TRUE,TRUE,7,looking_sideways,suspicious,1,3.000360043,9.00108013,manual_clip,L07_looking_sideways_take07,/home/sagemaker-user/exam_proctoring_dataset/02_clips/looking_sideways/L07_looking_sideways_take07.mp4,images/L07_looking_sideways_take07/win_004_midframe_0133.jpg,correct,,
L07_looking_sideways_take07.mp4,L07_looking_sideways_take07,looking_sideways,B3,L07,5,120,194,4.800576069,7.760931312,157,6.28075369,5,5,TRUE,TRUE,7,looking_sideways,suspicious,1,3.000360043,9.00108013,manual_clip,L07_looking_sideways_take07,/home/sagemaker-user/exam_proctoring_dataset/02_clips/looking_sideways/L07_looking_sideways_take07.mp4,images/L07_looking_sideways_take07/win_005_midframe_0157.jpg,correct,,
L07_looking_sideways_take07.mp4,L07_looking_sideways_take07,looking_sideways,B3,L07,6,144,218,5.760691283,8.721046526,181,7.240868904,5,5,TRUE,TRUE,7,looking_sideways,suspicious,1,3.000360043,9.00108013,manual_clip,L07_looking_sideways_take07,/home/sagemaker-user/exam_proctoring_dataset/02_clips/looking_sideways/L07_looking_sideways_take07.mp4,images/L07_looking_sideways_take07/win_006_midframe_0181.jpg,correct,,
L07_looking_sideways_take07.mp4,L07_looking_sideways_take07,looking_sideways,B3,L07,7,168,242,6.720806497,9.681161739,205,8.200984118,5,5,TRUE,TRUE,7,looking_sideways,suspicious,0.77027027,3.000360043,9.00108013,manual_clip,L07_looking_sideways_take07,/home/sagemaker-user/exam_proctoring_dataset/02_clips/looking_sideways/L07_looking_sideways_take07.mp4,images/L07_looking_sideways_take07/win_007_midframe_0205.jpg,correct,,
L07_looking_sideways_take08.mp4,L07_looking_sideways_take08,looking_sideways,B4,L07,0,0,74,0,2.960355243,37,1.480177621,7,-1,FALSE,FALSE,7,normal,normal,0,4.000480058,9.00108013,manual_clip,L07_looking_sideways_take08,/home/sagemaker-user/exam_proctoring_dataset/02_clips/looking_sideways/L07_looking_sideways_take08.mp4,images/L07_looking_sideways_take08/win_000_midframe_0037.jpg,correct,,
L07_looking_sideways_take08.mp4,L07_looking_sideways_take08,looking_sideways,B4,L07,1,24,98,0.960115214,3.920470456,61,2.440292835,7,7,TRUE,TRUE,8,normal,normal,0,4.000480058,9.00108013,manual_clip,L07_looking_sideways_take08,/home/sagemaker-user/exam_proctoring_dataset/02_clips/looking_sideways/L07_looking_sideways_take08.mp4,images/L07_looking_sideways_take08/win_001_midframe_0061.jpg,correct,,
L07_looking_sideways_take08.mp4,L07_looking_sideways_take08,looking_sideways,B4,L07,2,48,122,1.920230428,4.88058567,85,3.400408049,7,7,TRUE,TRUE,8,normal,normal,0.297297297,4.000480058,9.00108013,manual_clip,L07_looking_sideways_take08,/home/sagemaker-user/exam_proctoring_dataset/02_clips/looking_sideways/L07_looking_sideways_take08.mp4,images/L07_looking_sideways_take08/win_002_midframe_0085.jpg,correct,,
L07_looking_sideways_take08.mp4,L07_looking_sideways_take08,looking_sideways,B4,L07,3,72,146,2.880345641,5.840700884,109,4.360523263,7,7,TRUE,TRUE,8,looking_sideways,suspicious,0.621621622,4.000480058,9.00108013,manual_clip,L07_looking_sideways_take08,/home/sagemaker-user/exam_proctoring_dataset/02_clips/looking_sideways/L07_looking_sideways_take08.mp4,images/L07_looking_sideways_take08/win_003_midframe_0109.jpg,correct,,
L07_looking_sideways_take08.mp4,L07_looking_sideways_take08,looking_sideways,B4,L07,4,96,170,3.840460855,6.800816098,133,5.320638477,7,7,TRUE,TRUE,8,looking_sideways,suspicious,0.945945946,4.000480058,9.00108013,manual_clip,L07_looking_sideways_take08,/home/sagemaker-user/exam_proctoring_dataset/02_clips/looking_sideways/L07_looking_sideways_take08.mp4,images/L07_looking_sideways_take08/win_004_midframe_0133.jpg,correct,,
L07_looking_sideways_take08.mp4,L07_looking_sideways_take08,looking_sideways,B4,L07,5,120,194,4.800576069,7.760931312,157,6.28075369,7,7,TRUE,TRUE,8,looking_sideways,suspicious,1,4.000480058,9.00108013,manual_clip,L07_looking_sideways_take08,/home/sagemaker-user/exam_proctoring_dataset/02_clips/looking_sideways/L07_looking_sideways_take08.mp4,images/L07_looking_sideways_take08/win_005_midframe_0157.jpg,correct,,
L07_looking_sideways_take08.mp4,L07_looking_sideways_take08,looking_sideways,B4,L07,6,144,218,5.760691283,8.721046526,181,7.240868904,7,7,TRUE,TRUE,8,looking_sideways,suspicious,1,4.000480058,9.00108013,manual_clip,L07_looking_sideways_take08,/home/sagemaker-user/exam_proctoring_dataset/02_clips/looking_sideways/L07_looking_sideways_take08.mp4,images/L07_looking_sideways_take08/win_006_midframe_0181.jpg,correct,,
L07_looking_sideways_take08.mp4,L07_looking_sideways_take08,looking_sideways,B4,L07,7,168,242,6.720806497,9.681161739,205,8.200984118,7,7,TRUE,TRUE,8,looking_sideways,suspicious,0.77027027,4.000480058,9.00108013,manual_clip,L07_looking_sideways_take08,/home/sagemaker-user/exam_proctoring_dataset/02_clips/looking_sideways/L07_looking_sideways_take08.mp4,images/L07_looking_sideways_take08/win_007_midframe_0205.jpg,correct,,
L08_looking_sideways_take01.mp4,L08_looking_sideways_take01,looking_sideways,A1,L08,0,0,74,0,2.960829032,37,1.480414516,0,0,TRUE,TRUE,8,normal,normal,0,3.000840235,6.001680471,manual_clip,L08_looking_sideways_take01,/home/sagemaker-user/exam_proctoring_dataset/02_clips/looking_sideways/L08_looking_sideways_take01.mp4,images/L08_looking_sideways_take01/win_000_midframe_0037.jpg,correct,,
L08_looking_sideways_take01.mp4,L08_looking_sideways_take01,looking_sideways,A1,L08,1,24,98,0.960268875,3.921097907,61,2.440683391,0,0,TRUE,TRUE,8,normal,normal,0.310810811,3.000840235,6.001680471,manual_clip,L08_looking_sideways_take01,/home/sagemaker-user/exam_proctoring_dataset/02_clips/looking_sideways/L08_looking_sideways_take01.mp4,images/L08_looking_sideways_take01/win_001_midframe_0061.jpg,correct,,
L08_looking_sideways_take01.mp4,L08_looking_sideways_take01,looking_sideways,A1,L08,2,48,122,1.920537751,4.881366783,85,3.400952267,0,0,TRUE,TRUE,8,looking_sideways,suspicious,0.635135135,3.000840235,6.001680471,manual_clip,L08_looking_sideways_take01,/home/sagemaker-user/exam_proctoring_dataset/02_clips/looking_sideways/L08_looking_sideways_take01.mp4,images/L08_looking_sideways_take01/win_002_midframe_0085.jpg,correct,,
L08_looking_sideways_take01.mp4,L08_looking_sideways_take01,looking_sideways,A1,L08,3,72,146,2.880806626,5.841635658,109,4.361221142,0,0,TRUE,TRUE,8,looking_sideways,suspicious,0.959459459,3.000840235,6.001680471,manual_clip,L08_looking_sideways_take01,/home/sagemaker-user/exam_proctoring_dataset/02_clips/looking_sideways/L08_looking_sideways_take01.mp4,images/L08_looking_sideways_take01/win_003_midframe_0109.jpg,correct,,
L08_looking_sideways_take01.mp4,L08_looking_sideways_take01,looking_sideways,A1,L08,4,96,170,3.841075501,6.801904533,133,5.321490017,0,0,TRUE,TRUE,7,looking_sideways,suspicious,0.72972973,3.000840235,6.001680471,manual_clip,L08_looking_sideways_take01,/home/sagemaker-user/exam_proctoring_dataset/02_clips/looking_sideways/L08_looking_sideways_take01.mp4,images/L08_looking_sideways_take01/win_004_midframe_0133.jpg,correct,,
L08_looking_sideways_take01.mp4,L08_looking_sideways_take01,looking_sideways,A1,L08,5,120,194,4.801344376,7.762173409,157,6.281758892,0,0,TRUE,TRUE,8,normal,normal,0.405405405,3.000840235,6.001680471,manual_clip,L08_looking_sideways_take01,/home/sagemaker-user/exam_proctoring_dataset/02_clips/looking_sideways/L08_looking_sideways_take01.mp4,images/L08_looking_sideways_take01/win_005_midframe_0157.jpg,correct,,
L08_looking_sideways_take01.mp4,L08_looking_sideways_take01,looking_sideways,A1,L08,6,144,218,5.761613252,8.722442284,181,7.242027768,0,0,TRUE,TRUE,7,normal,normal,0.081081081,3.000840235,6.001680471,manual_clip,L08_looking_sideways_take01,/home/sagemaker-user/exam_proctoring_dataset/02_clips/looking_sideways/L08_looking_sideways_take01.mp4,images/L08_looking_sideways_take01/win_006_midframe_0181.jpg,correct,,
L08_looking_sideways_take01.mp4,L08_looking_sideways_take01,looking_sideways,A1,L08,7,168,242,6.721882127,9.682711159,205,8.202296643,0,0,TRUE,TRUE,7,normal,normal,0,3.000840235,6.001680471,manual_clip,L08_looking_sideways_take01,/home/sagemaker-user/exam_proctoring_dataset/02_clips/looking_sideways/L08_looking_sideways_take01.mp4,images/L08_looking_sideways_take01/win_007_midframe_0205.jpg,correct,,
L08_looking_sideways_take02.mp4,L08_looking_sideways_take02,looking_sideways,A2,L08,0,0,74,0,2.960829032,37,1.480414516,2,2,TRUE,TRUE,7,normal,normal,0,3.000840235,8.002240627,manual_clip,L08_looking_sideways_take02,/home/sagemaker-user/exam_proctoring_dataset/02_clips/looking_sideways/L08_looking_sideways_take02.mp4,images/L08_looking_sideways_take02/win_000_midframe_0037.jpg,correct,,
L08_looking_sideways_take02.mp4,L08_looking_sideways_take02,looking_sideways,A2,L08,1,24,98,0.960268875,3.921097907,61,2.440683391,2,2,TRUE,TRUE,7,normal,normal,0.310810811,3.000840235,8.002240627,manual_clip,L08_looking_sideways_take02,/home/sagemaker-user/exam_proctoring_dataset/02_clips/looking_sideways/L08_looking_sideways_take02.mp4,images/L08_looking_sideways_take02/win_001_midframe_0061.jpg,correct,,
L08_looking_sideways_take02.mp4,L08_looking_sideways_take02,looking_sideways,A2,L08,2,48,122,1.920537751,4.881366783,85,3.400952267,2,2,TRUE,TRUE,8,looking_sideways,suspicious,0.635135135,3.000840235,8.002240627,manual_clip,L08_looking_sideways_take02,/home/sagemaker-user/exam_proctoring_dataset/02_clips/looking_sideways/L08_looking_sideways_take02.mp4,images/L08_looking_sideways_take02/win_002_midframe_0085.jpg,correct,,
L08_looking_sideways_take02.mp4,L08_looking_sideways_take02,looking_sideways,A2,L08,3,72,146,2.880806626,5.841635658,109,4.361221142,2,2,TRUE,TRUE,7,looking_sideways,suspicious,0.959459459,3.000840235,8.002240627,manual_clip,L08_looking_sideways_take02,/home/sagemaker-user/exam_proctoring_dataset/02_clips/looking_sideways/L08_looking_sideways_take02.mp4,images/L08_looking_sideways_take02/win_003_midframe_0109.jpg,correct,,
L08_looking_sideways_take02.mp4,L08_looking_sideways_take02,looking_sideways,A2,L08,4,96,170,3.841075501,6.801904533,133,5.321490017,2,2,TRUE,TRUE,7,looking_sideways,suspicious,1,3.000840235,8.002240627,manual_clip,L08_looking_sideways_take02,/home/sagemaker-user/exam_proctoring_dataset/02_clips/looking_sideways/L08_looking_sideways_take02.mp4,images/L08_looking_sideways_take02/win_004_midframe_0133.jpg,correct,,
L08_looking_sideways_take02.mp4,L08_looking_sideways_take02,looking_sideways,A2,L08,5,120,194,4.801344376,7.762173409,157,6.281758892,2,2,TRUE,TRUE,7,looking_sideways,suspicious,1,3.000840235,8.002240627,manual_clip,L08_looking_sideways_take02,/home/sagemaker-user/exam_proctoring_dataset/02_clips/looking_sideways/L08_looking_sideways_take02.mp4,images/L08_looking_sideways_take02/win_005_midframe_0157.jpg,correct,,
L08_looking_sideways_take02.mp4,L08_looking_sideways_take02,looking_sideways,A2,L08,6,144,218,5.761613252,8.722442284,181,7.242027768,2,2,TRUE,TRUE,7,looking_sideways,suspicious,0.756756757,3.000840235,8.002240627,manual_clip,L08_looking_sideways_take02,/home/sagemaker-user/exam_proctoring_dataset/02_clips/looking_sideways/L08_looking_sideways_take02.mp4,images/L08_looking_sideways_take02/win_006_midframe_0181.jpg,correct,,
L08_looking_sideways_take02.mp4,L08_looking_sideways_take02,looking_sideways,A2,L08,7,168,242,6.721882127,9.682711159,205,8.202296643,2,2,TRUE,TRUE,7,normal,normal,0.432432432,3.000840235,8.002240627,manual_clip,L08_looking_sideways_take02,/home/sagemaker-user/exam_proctoring_dataset/02_clips/looking_sideways/L08_looking_sideways_take02.mp4,images/L08_looking_sideways_take02/win_007_midframe_0205.jpg,correct,,
L08_looking_sideways_take03.mp4,L08_looking_sideways_take03,looking_sideways,A3,L08,0,0,74,0,2.960829032,37,1.480414516,4,4,TRUE,TRUE,7,looking_sideways,suspicious,0.662162162,1.000280078,8.002240627,manual_clip,L08_looking_sideways_take03,/home/sagemaker-user/exam_proctoring_dataset/02_clips/looking_sideways/L08_looking_sideways_take03.mp4,images/L08_looking_sideways_take03/win_000_midframe_0037.jpg,correct,,
L08_looking_sideways_take03.mp4,L08_looking_sideways_take03,looking_sideways,A3,L08,1,24,98,0.960268875,3.921097907,61,2.440683391,4,4,TRUE,TRUE,8,looking_sideways,suspicious,0.986486486,1.000280078,8.002240627,manual_clip,L08_looking_sideways_take03,/home/sagemaker-user/exam_proctoring_dataset/02_clips/looking_sideways/L08_looking_sideways_take03.mp4,images/L08_looking_sideways_take03/win_001_midframe_0061.jpg,correct,,
L08_looking_sideways_take03.mp4,L08_looking_sideways_take03,looking_sideways,A3,L08,2,48,122,1.920537751,4.881366783,85,3.400952267,4,4,TRUE,TRUE,8,looking_sideways,suspicious,1,1.000280078,8.002240627,manual_clip,L08_looking_sideways_take03,/home/sagemaker-user/exam_proctoring_dataset/02_clips/looking_sideways/L08_looking_sideways_take03.mp4,images/L08_looking_sideways_take03/win_002_midframe_0085.jpg,correct,,
L08_looking_sideways_take03.mp4,L08_looking_sideways_take03,looking_sideways,A3,L08,3,72,146,2.880806626,5.841635658,109,4.361221142,4,4,TRUE,TRUE,8,looking_sideways,suspicious,1,1.000280078,8.002240627,manual_clip,L08_looking_sideways_take03,/home/sagemaker-user/exam_proctoring_dataset/02_clips/looking_sideways/L08_looking_sideways_take03.mp4,images/L08_looking_sideways_take03/win_003_midframe_0109.jpg,correct,,
L08_looking_sideways_take03.mp4,L08_looking_sideways_take03,looking_sideways,A3,L08,4,96,170,3.841075501,6.801904533,133,5.321490017,4,4,TRUE,TRUE,8,looking_sideways,suspicious,1,1.000280078,8.002240627,manual_clip,L08_looking_sideways_take03,/home/sagemaker-user/exam_proctoring_dataset/02_clips/looking_sideways/L08_looking_sideways_take03.mp4,images/L08_looking_sideways_take03/win_004_midframe_0133.jpg,correct,,
L08_looking_sideways_take03.mp4,L08_looking_sideways_take03,looking_sideways,A3,L08,5,120,194,4.801344376,7.762173409,157,6.281758892,4,4,TRUE,TRUE,8,looking_sideways,suspicious,1,1.000280078,8.002240627,manual_clip,L08_looking_sideways_take03,/home/sagemaker-user/exam_proctoring_dataset/02_clips/looking_sideways/L08_looking_sideways_take03.mp4,images/L08_looking_sideways_take03/win_005_midframe_0157.jpg,correct,,
L08_looking_sideways_take03.mp4,L08_looking_sideways_take03,looking_sideways,A3,L08,6,144,218,5.761613252,8.722442284,181,7.242027768,4,4,TRUE,TRUE,8,looking_sideways,suspicious,0.756756757,1.000280078,8.002240627,manual_clip,L08_looking_sideways_take03,/home/sagemaker-user/exam_proctoring_dataset/02_clips/looking_sideways/L08_looking_sideways_take03.mp4,images/L08_looking_sideways_take03/win_006_midframe_0181.jpg,correct,,
L08_looking_sideways_take03.mp4,L08_looking_sideways_take03,looking_sideways,A3,L08,7,168,242,6.721882127,9.682711159,205,8.202296643,4,4,TRUE,TRUE,8,normal,normal,0.432432432,1.000280078,8.002240627,manual_clip,L08_looking_sideways_take03,/home/sagemaker-user/exam_proctoring_dataset/02_clips/looking_sideways/L08_looking_sideways_take03.mp4,images/L08_looking_sideways_take03/win_007_midframe_0205.jpg,correct,,
L08_looking_sideways_take05.mp4,L08_looking_sideways_take05,looking_sideways,B1,L08,0,0,74,0,2.960829032,37,1.480414516,1,1,TRUE,TRUE,8,normal,normal,0,4.001120314,9.002520706,manual_clip,L08_looking_sideways_take05,/home/sagemaker-user/exam_proctoring_dataset/02_clips/looking_sideways/L08_looking_sideways_take05.mp4,images/L08_looking_sideways_take05/win_000_midframe_0037.jpg,correct,,
L08_looking_sideways_take05.mp4,L08_looking_sideways_take05,looking_sideways,B1,L08,1,24,98,0.960268875,3.921097907,61,2.440683391,1,1,TRUE,TRUE,8,normal,normal,0,4.001120314,9.002520706,manual_clip,L08_looking_sideways_take05,/home/sagemaker-user/exam_proctoring_dataset/02_clips/looking_sideways/L08_looking_sideways_take05.mp4,images/L08_looking_sideways_take05/win_001_midframe_0061.jpg,correct,,
L08_looking_sideways_take05.mp4,L08_looking_sideways_take05,looking_sideways,B1,L08,2,48,122,1.920537751,4.881366783,85,3.400952267,1,1,TRUE,TRUE,8,normal,normal,0.297297297,4.001120314,9.002520706,manual_clip,L08_looking_sideways_take05,/home/sagemaker-user/exam_proctoring_dataset/02_clips/looking_sideways/L08_looking_sideways_take05.mp4,images/L08_looking_sideways_take05/win_002_midframe_0085.jpg,correct,,
L08_looking_sideways_take05.mp4,L08_looking_sideways_take05,looking_sideways,B1,L08,3,72,146,2.880806626,5.841635658,109,4.361221142,1,1,TRUE,TRUE,8,looking_sideways,suspicious,0.621621622,4.001120314,9.002520706,manual_clip,L08_looking_sideways_take05,/home/sagemaker-user/exam_proctoring_dataset/02_clips/looking_sideways/L08_looking_sideways_take05.mp4,images/L08_looking_sideways_take05/win_003_midframe_0109.jpg,correct,,
L08_looking_sideways_take05.mp4,L08_looking_sideways_take05,looking_sideways,B1,L08,4,96,170,3.841075501,6.801904533,133,5.321490017,1,1,TRUE,TRUE,8,looking_sideways,suspicious,0.945945946,4.001120314,9.002520706,manual_clip,L08_looking_sideways_take05,/home/sagemaker-user/exam_proctoring_dataset/02_clips/looking_sideways/L08_looking_sideways_take05.mp4,images/L08_looking_sideways_take05/win_004_midframe_0133.jpg,correct,,
L08_looking_sideways_take05.mp4,L08_looking_sideways_take05,looking_sideways,B1,L08,5,120,194,4.801344376,7.762173409,157,6.281758892,1,1,TRUE,TRUE,8,looking_sideways,suspicious,1,4.001120314,9.002520706,manual_clip,L08_looking_sideways_take05,/home/sagemaker-user/exam_proctoring_dataset/02_clips/looking_sideways/L08_looking_sideways_take05.mp4,images/L08_looking_sideways_take05/win_005_midframe_0157.jpg,correct,,
L08_looking_sideways_take05.mp4,L08_looking_sideways_take05,looking_sideways,B1,L08,6,144,218,5.761613252,8.722442284,181,7.242027768,1,1,TRUE,TRUE,8,looking_sideways,suspicious,1,4.001120314,9.002520706,manual_clip,L08_looking_sideways_take05,/home/sagemaker-user/exam_proctoring_dataset/02_clips/looking_sideways/L08_looking_sideways_take05.mp4,images/L08_looking_sideways_take05/win_006_midframe_0181.jpg,correct,,
L08_looking_sideways_take05.mp4,L08_looking_sideways_take05,looking_sideways,B1,L08,7,168,242,6.721882127,9.682711159,205,8.202296643,1,1,TRUE,TRUE,8,looking_sideways,suspicious,0.77027027,4.001120314,9.002520706,manual_clip,L08_looking_sideways_take05,/home/sagemaker-user/exam_proctoring_dataset/02_clips/looking_sideways/L08_looking_sideways_take05.mp4,images/L08_looking_sideways_take05/win_007_midframe_0205.jpg,correct,,
L08_looking_sideways_take06.mp4,L08_looking_sideways_take06,looking_sideways,B2,L08,0,0,74,0,2.960829032,37,1.480414516,3,3,TRUE,TRUE,8,normal,normal,0,4.001120314,9.002520706,manual_clip,L08_looking_sideways_take06,/home/sagemaker-user/exam_proctoring_dataset/02_clips/looking_sideways/L08_looking_sideways_take06.mp4,images/L08_looking_sideways_take06/win_000_midframe_0037.jpg,correct,,
L08_looking_sideways_take06.mp4,L08_looking_sideways_take06,looking_sideways,B2,L08,1,24,98,0.960268875,3.921097907,61,2.440683391,3,3,TRUE,TRUE,8,normal,normal,0,4.001120314,9.002520706,manual_clip,L08_looking_sideways_take06,/home/sagemaker-user/exam_proctoring_dataset/02_clips/looking_sideways/L08_looking_sideways_take06.mp4,images/L08_looking_sideways_take06/win_001_midframe_0061.jpg,correct,,
L08_looking_sideways_take06.mp4,L08_looking_sideways_take06,looking_sideways,B2,L08,2,48,122,1.920537751,4.881366783,85,3.400952267,3,3,TRUE,TRUE,8,normal,normal,0.297297297,4.001120314,9.002520706,manual_clip,L08_looking_sideways_take06,/home/sagemaker-user/exam_proctoring_dataset/02_clips/looking_sideways/L08_looking_sideways_take06.mp4,images/L08_looking_sideways_take06/win_002_midframe_0085.jpg,correct,,
L08_looking_sideways_take06.mp4,L08_looking_sideways_take06,looking_sideways,B2,L08,3,72,146,2.880806626,5.841635658,109,4.361221142,3,3,TRUE,TRUE,8,looking_sideways,suspicious,0.621621622,4.001120314,9.002520706,manual_clip,L08_looking_sideways_take06,/home/sagemaker-user/exam_proctoring_dataset/02_clips/looking_sideways/L08_looking_sideways_take06.mp4,images/L08_looking_sideways_take06/win_003_midframe_0109.jpg,correct,,
L08_looking_sideways_take06.mp4,L08_looking_sideways_take06,looking_sideways,B2,L08,4,96,170,3.841075501,6.801904533,133,5.321490017,3,3,TRUE,TRUE,8,looking_sideways,suspicious,0.945945946,4.001120314,9.002520706,manual_clip,L08_looking_sideways_take06,/home/sagemaker-user/exam_proctoring_dataset/02_clips/looking_sideways/L08_looking_sideways_take06.mp4,images/L08_looking_sideways_take06/win_004_midframe_0133.jpg,correct,,
L08_looking_sideways_take06.mp4,L08_looking_sideways_take06,looking_sideways,B2,L08,5,120,194,4.801344376,7.762173409,157,6.281758892,3,3,TRUE,TRUE,8,looking_sideways,suspicious,1,4.001120314,9.002520706,manual_clip,L08_looking_sideways_take06,/home/sagemaker-user/exam_proctoring_dataset/02_clips/looking_sideways/L08_looking_sideways_take06.mp4,images/L08_looking_sideways_take06/win_005_midframe_0157.jpg,correct,,
L08_looking_sideways_take06.mp4,L08_looking_sideways_take06,looking_sideways,B2,L08,6,144,218,5.761613252,8.722442284,181,7.242027768,3,3,TRUE,TRUE,8,looking_sideways,suspicious,1,4.001120314,9.002520706,manual_clip,L08_looking_sideways_take06,/home/sagemaker-user/exam_proctoring_dataset/02_clips/looking_sideways/L08_looking_sideways_take06.mp4,images/L08_looking_sideways_take06/win_006_midframe_0181.jpg,correct,,
L08_looking_sideways_take06.mp4,L08_looking_sideways_take06,looking_sideways,B2,L08,7,168,242,6.721882127,9.682711159,205,8.202296643,3,3,TRUE,TRUE,8,looking_sideways,suspicious,0.77027027,4.001120314,9.002520706,manual_clip,L08_looking_sideways_take06,/home/sagemaker-user/exam_proctoring_dataset/02_clips/looking_sideways/L08_looking_sideways_take06.mp4,images/L08_looking_sideways_take06/win_007_midframe_0205.jpg,correct,,
L08_looking_sideways_take07.mp4,L08_looking_sideways_take07,looking_sideways,B3,L08,0,0,74,0,2.960829032,37,1.480414516,5,5,TRUE,TRUE,8,normal,normal,0,4.001120314,9.002520706,manual_clip,L08_looking_sideways_take07,/home/sagemaker-user/exam_proctoring_dataset/02_clips/looking_sideways/L08_looking_sideways_take07.mp4,images/L08_looking_sideways_take07/win_000_midframe_0037.jpg,correct,,
L08_looking_sideways_take07.mp4,L08_looking_sideways_take07,looking_sideways,B3,L08,1,24,98,0.960268875,3.921097907,61,2.440683391,5,5,TRUE,TRUE,8,normal,normal,0,4.001120314,9.002520706,manual_clip,L08_looking_sideways_take07,/home/sagemaker-user/exam_proctoring_dataset/02_clips/looking_sideways/L08_looking_sideways_take07.mp4,images/L08_looking_sideways_take07/win_001_midframe_0061.jpg,correct,,
L08_looking_sideways_take07.mp4,L08_looking_sideways_take07,looking_sideways,B3,L08,2,48,122,1.920537751,4.881366783,85,3.400952267,5,5,TRUE,TRUE,8,normal,normal,0.297297297,4.001120314,9.002520706,manual_clip,L08_looking_sideways_take07,/home/sagemaker-user/exam_proctoring_dataset/02_clips/looking_sideways/L08_looking_sideways_take07.mp4,images/L08_looking_sideways_take07/win_002_midframe_0085.jpg,correct,,
L08_looking_sideways_take07.mp4,L08_looking_sideways_take07,looking_sideways,B3,L08,3,72,146,2.880806626,5.841635658,109,4.361221142,5,5,TRUE,TRUE,8,looking_sideways,suspicious,0.621621622,4.001120314,9.002520706,manual_clip,L08_looking_sideways_take07,/home/sagemaker-user/exam_proctoring_dataset/02_clips/looking_sideways/L08_looking_sideways_take07.mp4,images/L08_looking_sideways_take07/win_003_midframe_0109.jpg,correct,,
L08_looking_sideways_take07.mp4,L08_looking_sideways_take07,looking_sideways,B3,L08,4,96,170,3.841075501,6.801904533,133,5.321490017,5,5,TRUE,TRUE,8,looking_sideways,suspicious,0.945945946,4.001120314,9.002520706,manual_clip,L08_looking_sideways_take07,/home/sagemaker-user/exam_proctoring_dataset/02_clips/looking_sideways/L08_looking_sideways_take07.mp4,images/L08_looking_sideways_take07/win_004_midframe_0133.jpg,correct,,
L08_looking_sideways_take07.mp4,L08_looking_sideways_take07,looking_sideways,B3,L08,5,120,194,4.801344376,7.762173409,157,6.281758892,5,5,TRUE,TRUE,8,looking_sideways,suspicious,1,4.001120314,9.002520706,manual_clip,L08_looking_sideways_take07,/home/sagemaker-user/exam_proctoring_dataset/02_clips/looking_sideways/L08_looking_sideways_take07.mp4,images/L08_looking_sideways_take07/win_005_midframe_0157.jpg,correct,,
L08_looking_sideways_take07.mp4,L08_looking_sideways_take07,looking_sideways,B3,L08,6,144,218,5.761613252,8.722442284,181,7.242027768,5,5,TRUE,TRUE,8,looking_sideways,suspicious,1,4.001120314,9.002520706,manual_clip,L08_looking_sideways_take07,/home/sagemaker-user/exam_proctoring_dataset/02_clips/looking_sideways/L08_looking_sideways_take07.mp4,images/L08_looking_sideways_take07/win_006_midframe_0181.jpg,correct,,
L08_looking_sideways_take07.mp4,L08_looking_sideways_take07,looking_sideways,B3,L08,7,168,242,6.721882127,9.682711159,205,8.202296643,5,5,TRUE,TRUE,8,looking_sideways,suspicious,0.77027027,4.001120314,9.002520706,manual_clip,L08_looking_sideways_take07,/home/sagemaker-user/exam_proctoring_dataset/02_clips/looking_sideways/L08_looking_sideways_take07.mp4,images/L08_looking_sideways_take07/win_007_midframe_0205.jpg,correct,,
L08_looking_sideways_take08.mp4,L08_looking_sideways_take08,looking_sideways,B4,L08,0,0,74,0,2.960829032,37,1.480414516,7,7,TRUE,TRUE,8,normal,normal,0,4.001120314,9.002520706,manual_clip,L08_looking_sideways_take08,/home/sagemaker-user/exam_proctoring_dataset/02_clips/looking_sideways/L08_looking_sideways_take08.mp4,images/L08_looking_sideways_take08/win_000_midframe_0037.jpg,correct,,
L08_looking_sideways_take08.mp4,L08_looking_sideways_take08,looking_sideways,B4,L08,1,24,98,0.960268875,3.921097907,61,2.440683391,7,7,TRUE,TRUE,8,normal,normal,0,4.001120314,9.002520706,manual_clip,L08_looking_sideways_take08,/home/sagemaker-user/exam_proctoring_dataset/02_clips/looking_sideways/L08_looking_sideways_take08.mp4,images/L08_looking_sideways_take08/win_001_midframe_0061.jpg,correct,,
L08_looking_sideways_take08.mp4,L08_looking_sideways_take08,looking_sideways,B4,L08,2,48,122,1.920537751,4.881366783,85,3.400952267,7,7,TRUE,TRUE,8,normal,normal,0.297297297,4.001120314,9.002520706,manual_clip,L08_looking_sideways_take08,/home/sagemaker-user/exam_proctoring_dataset/02_clips/looking_sideways/L08_looking_sideways_take08.mp4,images/L08_looking_sideways_take08/win_002_midframe_0085.jpg,correct,,
L08_looking_sideways_take08.mp4,L08_looking_sideways_take08,looking_sideways,B4,L08,3,72,146,2.880806626,5.841635658,109,4.361221142,7,7,TRUE,TRUE,8,looking_sideways,suspicious,0.621621622,4.001120314,9.002520706,manual_clip,L08_looking_sideways_take08,/home/sagemaker-user/exam_proctoring_dataset/02_clips/looking_sideways/L08_looking_sideways_take08.mp4,images/L08_looking_sideways_take08/win_003_midframe_0109.jpg,correct,,
L08_looking_sideways_take08.mp4,L08_looking_sideways_take08,looking_sideways,B4,L08,4,96,170,3.841075501,6.801904533,133,5.321490017,7,7,TRUE,TRUE,8,looking_sideways,suspicious,0.945945946,4.001120314,9.002520706,manual_clip,L08_looking_sideways_take08,/home/sagemaker-user/exam_proctoring_dataset/02_clips/looking_sideways/L08_looking_sideways_take08.mp4,images/L08_looking_sideways_take08/win_004_midframe_0133.jpg,correct,,
L08_looking_sideways_take08.mp4,L08_looking_sideways_take08,looking_sideways,B4,L08,5,120,194,4.801344376,7.762173409,157,6.281758892,7,7,TRUE,TRUE,8,looking_sideways,suspicious,1,4.001120314,9.002520706,manual_clip,L08_looking_sideways_take08,/home/sagemaker-user/exam_proctoring_dataset/02_clips/looking_sideways/L08_looking_sideways_take08.mp4,images/L08_looking_sideways_take08/win_005_midframe_0157.jpg,correct,,
L08_looking_sideways_take08.mp4,L08_looking_sideways_take08,looking_sideways,B4,L08,6,144,218,5.761613252,8.722442284,181,7.242027768,7,7,TRUE,TRUE,8,looking_sideways,suspicious,1,4.001120314,9.002520706,manual_clip,L08_looking_sideways_take08,/home/sagemaker-user/exam_proctoring_dataset/02_clips/looking_sideways/L08_looking_sideways_take08.mp4,images/L08_looking_sideways_take08/win_006_midframe_0181.jpg,correct,,
L08_looking_sideways_take08.mp4,L08_looking_sideways_take08,looking_sideways,B4,L08,7,168,242,6.721882127,9.682711159,205,8.202296643,7,7,TRUE,TRUE,8,looking_sideways,suspicious,0.77027027,4.001120314,9.002520706,manual_clip,L08_looking_sideways_take08,/home/sagemaker-user/exam_proctoring_dataset/02_clips/looking_sideways/L08_looking_sideways_take08.mp4,images/L08_looking_sideways_take08/win_007_midframe_0205.jpg,correct,,
LE01_leaning_to_neighbor_take01.mp4,LE01_leaning_to_neighbor_take01,leaning_to_neighbor,A1,LE01,0,0,74,0,2.960710571,37,1.480355285,0,0,TRUE,TRUE,8,normal,normal,0,3.000720173,8.001920461,manual_clip,LE01_leaning_to_neighbor_take01,/home/sagemaker-user/exam_proctoring_dataset/02_clips/leaning_to_neighbor/LE01_leaning_to_neighbor_take01.mp4,images/LE01_leaning_to_neighbor_take01/win_000_midframe_0037.jpg,correct,,
LE01_leaning_to_neighbor_take01.mp4,LE01_leaning_to_neighbor_take01,leaning_to_neighbor,A1,LE01,1,24,98,0.960230455,3.920941026,61,2.440585741,0,0,TRUE,TRUE,8,normal,normal,0.310810811,3.000720173,8.001920461,manual_clip,LE01_leaning_to_neighbor_take01,/home/sagemaker-user/exam_proctoring_dataset/02_clips/leaning_to_neighbor/LE01_leaning_to_neighbor_take01.mp4,images/LE01_leaning_to_neighbor_take01/win_001_midframe_0061.jpg,correct,,
LE01_leaning_to_neighbor_take01.mp4,LE01_leaning_to_neighbor_take01,leaning_to_neighbor,A1,LE01,2,48,122,1.920460911,4.881171481,85,3.400816196,0,0,TRUE,TRUE,8,leaning_to_neighbor,suspicious,0.635135135,3.000720173,8.001920461,manual_clip,LE01_leaning_to_neighbor_take01,/home/sagemaker-user/exam_proctoring_dataset/02_clips/leaning_to_neighbor/LE01_leaning_to_neighbor_take01.mp4,images/LE01_leaning_to_neighbor_take01/win_002_midframe_0085.jpg,correct,,
LE01_leaning_to_neighbor_take01.mp4,LE01_leaning_to_neighbor_take01,leaning_to_neighbor,A1,LE01,3,72,146,2.880691366,5.841401936,109,4.361046651,0,0,TRUE,TRUE,8,leaning_to_neighbor,suspicious,0.959459459,3.000720173,8.001920461,manual_clip,LE01_leaning_to_neighbor_take01,/home/sagemaker-user/exam_proctoring_dataset/02_clips/leaning_to_neighbor/LE01_leaning_to_neighbor_take01.mp4,images/LE01_leaning_to_neighbor_take01/win_003_midframe_0109.jpg,correct,,
LE01_leaning_to_neighbor_take01.mp4,LE01_leaning_to_neighbor_take01,leaning_to_neighbor,A1,LE01,4,96,170,3.840921821,6.801632392,133,5.321277107,0,0,TRUE,TRUE,8,leaning_to_neighbor,suspicious,1,3.000720173,8.001920461,manual_clip,LE01_leaning_to_neighbor_take01,/home/sagemaker-user/exam_proctoring_dataset/02_clips/leaning_to_neighbor/LE01_leaning_to_neighbor_take01.mp4,images/LE01_leaning_to_neighbor_take01/win_004_midframe_0133.jpg,correct,,
LE01_leaning_to_neighbor_take01.mp4,LE01_leaning_to_neighbor_take01,leaning_to_neighbor,A1,LE01,5,120,194,4.801152277,7.761862847,157,6.281507562,0,0,TRUE,TRUE,8,leaning_to_neighbor,suspicious,1,3.000720173,8.001920461,manual_clip,LE01_leaning_to_neighbor_take01,/home/sagemaker-user/exam_proctoring_dataset/02_clips/leaning_to_neighbor/LE01_leaning_to_neighbor_take01.mp4,images/LE01_leaning_to_neighbor_take01/win_005_midframe_0157.jpg,correct,,
LE01_leaning_to_neighbor_take01.mp4,LE01_leaning_to_neighbor_take01,leaning_to_neighbor,A1,LE01,6,144,218,5.761382732,8.722093302,181,7.241738017,0,0,TRUE,TRUE,8,leaning_to_neighbor,suspicious,0.756756757,3.000720173,8.001920461,manual_clip,LE01_leaning_to_neighbor_take01,/home/sagemaker-user/exam_proctoring_dataset/02_clips/leaning_to_neighbor/LE01_leaning_to_neighbor_take01.mp4,images/LE01_leaning_to_neighbor_take01/win_006_midframe_0181.jpg,correct,,
LE01_leaning_to_neighbor_take01.mp4,LE01_leaning_to_neighbor_take01,leaning_to_neighbor,A1,LE01,7,168,242,6.721613187,9.682323758,205,8.201968472,0,0,TRUE,TRUE,8,normal,normal,0.432432432,3.000720173,8.001920461,manual_clip,LE01_leaning_to_neighbor_take01,/home/sagemaker-user/exam_proctoring_dataset/02_clips/leaning_to_neighbor/LE01_leaning_to_neighbor_take01.mp4,images/LE01_leaning_to_neighbor_take01/win_007_midframe_0205.jpg,correct,,
LE01_leaning_to_neighbor_take02.mp4,LE01_leaning_to_neighbor_take02,leaning_to_neighbor,A2,LE01,0,0,74,0,2.960710571,37,1.480355285,2,2,TRUE,TRUE,8,normal,normal,0,3.000720173,8.001920461,manual_clip,LE01_leaning_to_neighbor_take02,/home/sagemaker-user/exam_proctoring_dataset/02_clips/leaning_to_neighbor/LE01_leaning_to_neighbor_take02.mp4,images/LE01_leaning_to_neighbor_take02/win_000_midframe_0037.jpg,correct,,
LE01_leaning_to_neighbor_take02.mp4,LE01_leaning_to_neighbor_take02,leaning_to_neighbor,A2,LE01,1,24,98,0.960230455,3.920941026,61,2.440585741,2,2,TRUE,TRUE,8,normal,normal,0.310810811,3.000720173,8.001920461,manual_clip,LE01_leaning_to_neighbor_take02,/home/sagemaker-user/exam_proctoring_dataset/02_clips/leaning_to_neighbor/LE01_leaning_to_neighbor_take02.mp4,images/LE01_leaning_to_neighbor_take02/win_001_midframe_0061.jpg,correct,,
LE01_leaning_to_neighbor_take02.mp4,LE01_leaning_to_neighbor_take02,leaning_to_neighbor,A2,LE01,2,48,122,1.920460911,4.881171481,85,3.400816196,2,2,TRUE,TRUE,8,leaning_to_neighbor,suspicious,0.635135135,3.000720173,8.001920461,manual_clip,LE01_leaning_to_neighbor_take02,/home/sagemaker-user/exam_proctoring_dataset/02_clips/leaning_to_neighbor/LE01_leaning_to_neighbor_take02.mp4,images/LE01_leaning_to_neighbor_take02/win_002_midframe_0085.jpg,correct,,
LE01_leaning_to_neighbor_take02.mp4,LE01_leaning_to_neighbor_take02,leaning_to_neighbor,A2,LE01,3,72,146,2.880691366,5.841401936,109,4.361046651,2,2,TRUE,TRUE,8,leaning_to_neighbor,suspicious,0.959459459,3.000720173,8.001920461,manual_clip,LE01_leaning_to_neighbor_take02,/home/sagemaker-user/exam_proctoring_dataset/02_clips/leaning_to_neighbor/LE01_leaning_to_neighbor_take02.mp4,images/LE01_leaning_to_neighbor_take02/win_003_midframe_0109.jpg,correct,,
LE01_leaning_to_neighbor_take02.mp4,LE01_leaning_to_neighbor_take02,leaning_to_neighbor,A2,LE01,4,96,170,3.840921821,6.801632392,133,5.321277107,2,2,TRUE,TRUE,8,leaning_to_neighbor,suspicious,1,3.000720173,8.001920461,manual_clip,LE01_leaning_to_neighbor_take02,/home/sagemaker-user/exam_proctoring_dataset/02_clips/leaning_to_neighbor/LE01_leaning_to_neighbor_take02.mp4,images/LE01_leaning_to_neighbor_take02/win_004_midframe_0133.jpg,correct,,
LE01_leaning_to_neighbor_take02.mp4,LE01_leaning_to_neighbor_take02,leaning_to_neighbor,A2,LE01,5,120,194,4.801152277,7.761862847,157,6.281507562,2,2,TRUE,TRUE,8,leaning_to_neighbor,suspicious,1,3.000720173,8.001920461,manual_clip,LE01_leaning_to_neighbor_take02,/home/sagemaker-user/exam_proctoring_dataset/02_clips/leaning_to_neighbor/LE01_leaning_to_neighbor_take02.mp4,images/LE01_leaning_to_neighbor_take02/win_005_midframe_0157.jpg,correct,,
LE01_leaning_to_neighbor_take02.mp4,LE01_leaning_to_neighbor_take02,leaning_to_neighbor,A2,LE01,6,144,218,5.761382732,8.722093302,181,7.241738017,2,2,TRUE,TRUE,8,leaning_to_neighbor,suspicious,0.756756757,3.000720173,8.001920461,manual_clip,LE01_leaning_to_neighbor_take02,/home/sagemaker-user/exam_proctoring_dataset/02_clips/leaning_to_neighbor/LE01_leaning_to_neighbor_take02.mp4,images/LE01_leaning_to_neighbor_take02/win_006_midframe_0181.jpg,correct,,
LE01_leaning_to_neighbor_take02.mp4,LE01_leaning_to_neighbor_take02,leaning_to_neighbor,A2,LE01,7,168,242,6.721613187,9.682323758,205,8.201968472,2,2,TRUE,TRUE,8,normal,normal,0.432432432,3.000720173,8.001920461,manual_clip,LE01_leaning_to_neighbor_take02,/home/sagemaker-user/exam_proctoring_dataset/02_clips/leaning_to_neighbor/LE01_leaning_to_neighbor_take02.mp4,images/LE01_leaning_to_neighbor_take02/win_007_midframe_0205.jpg,correct,,
LE01_leaning_to_neighbor_take03.mp4,LE01_leaning_to_neighbor_take03,leaning_to_neighbor,A3,LE01,0,0,74,0,2.960710571,37,1.480355285,4,4,TRUE,TRUE,8,normal,normal,0.324324324,2.000480115,9.002160519,manual_clip,LE01_leaning_to_neighbor_take03,/home/sagemaker-user/exam_proctoring_dataset/02_clips/leaning_to_neighbor/LE01_leaning_to_neighbor_take03.mp4,images/LE01_leaning_to_neighbor_take03/win_000_midframe_0037.jpg,correct,,
LE01_leaning_to_neighbor_take03.mp4,LE01_leaning_to_neighbor_take03,leaning_to_neighbor,A3,LE01,1,24,98,0.960230455,3.920941026,61,2.440585741,4,4,TRUE,TRUE,8,leaning_to_neighbor,suspicious,0.648648649,2.000480115,9.002160519,manual_clip,LE01_leaning_to_neighbor_take03,/home/sagemaker-user/exam_proctoring_dataset/02_clips/leaning_to_neighbor/LE01_leaning_to_neighbor_take03.mp4,images/LE01_leaning_to_neighbor_take03/win_001_midframe_0061.jpg,correct,,
LE01_leaning_to_neighbor_take03.mp4,LE01_leaning_to_neighbor_take03,leaning_to_neighbor,A3,LE01,2,48,122,1.920460911,4.881171481,85,3.400816196,4,4,TRUE,TRUE,8,leaning_to_neighbor,suspicious,0.972972973,2.000480115,9.002160519,manual_clip,LE01_leaning_to_neighbor_take03,/home/sagemaker-user/exam_proctoring_dataset/02_clips/leaning_to_neighbor/LE01_leaning_to_neighbor_take03.mp4,images/LE01_leaning_to_neighbor_take03/win_002_midframe_0085.jpg,correct,,
LE01_leaning_to_neighbor_take03.mp4,LE01_leaning_to_neighbor_take03,leaning_to_neighbor,A3,LE01,3,72,146,2.880691366,5.841401936,109,4.361046651,4,4,TRUE,TRUE,8,leaning_to_neighbor,suspicious,1,2.000480115,9.002160519,manual_clip,LE01_leaning_to_neighbor_take03,/home/sagemaker-user/exam_proctoring_dataset/02_clips/leaning_to_neighbor/LE01_leaning_to_neighbor_take03.mp4,images/LE01_leaning_to_neighbor_take03/win_003_midframe_0109.jpg,correct,,
LE01_leaning_to_neighbor_take03.mp4,LE01_leaning_to_neighbor_take03,leaning_to_neighbor,A3,LE01,4,96,170,3.840921821,6.801632392,133,5.321277107,4,4,TRUE,TRUE,8,leaning_to_neighbor,suspicious,1,2.000480115,9.002160519,manual_clip,LE01_leaning_to_neighbor_take03,/home/sagemaker-user/exam_proctoring_dataset/02_clips/leaning_to_neighbor/LE01_leaning_to_neighbor_take03.mp4,images/LE01_leaning_to_neighbor_take03/win_004_midframe_0133.jpg,correct,,
LE01_leaning_to_neighbor_take03.mp4,LE01_leaning_to_neighbor_take03,leaning_to_neighbor,A3,LE01,5,120,194,4.801152277,7.761862847,157,6.281507562,4,4,TRUE,TRUE,8,leaning_to_neighbor,suspicious,1,2.000480115,9.002160519,manual_clip,LE01_leaning_to_neighbor_take03,/home/sagemaker-user/exam_proctoring_dataset/02_clips/leaning_to_neighbor/LE01_leaning_to_neighbor_take03.mp4,images/LE01_leaning_to_neighbor_take03/win_005_midframe_0157.jpg,correct,,
LE01_leaning_to_neighbor_take03.mp4,LE01_leaning_to_neighbor_take03,leaning_to_neighbor,A3,LE01,6,144,218,5.761382732,8.722093302,181,7.241738017,4,4,TRUE,TRUE,8,leaning_to_neighbor,suspicious,1,2.000480115,9.002160519,manual_clip,LE01_leaning_to_neighbor_take03,/home/sagemaker-user/exam_proctoring_dataset/02_clips/leaning_to_neighbor/LE01_leaning_to_neighbor_take03.mp4,images/LE01_leaning_to_neighbor_take03/win_006_midframe_0181.jpg,correct,,
LE01_leaning_to_neighbor_take03.mp4,LE01_leaning_to_neighbor_take03,leaning_to_neighbor,A3,LE01,7,168,242,6.721613187,9.682323758,205,8.201968472,4,4,TRUE,TRUE,8,leaning_to_neighbor,suspicious,0.77027027,2.000480115,9.002160519,manual_clip,LE01_leaning_to_neighbor_take03,/home/sagemaker-user/exam_proctoring_dataset/02_clips/leaning_to_neighbor/LE01_leaning_to_neighbor_take03.mp4,images/LE01_leaning_to_neighbor_take03/win_007_midframe_0205.jpg,correct,,
LE01_leaning_to_neighbor_take04.mp4,LE01_leaning_to_neighbor_take04,leaning_to_neighbor,A4,LE01,0,0,74,0,2.960710571,37,1.480355285,6,6,TRUE,TRUE,8,normal,normal,0,4.00096023,9.002160519,manual_clip,LE01_leaning_to_neighbor_take04,/home/sagemaker-user/exam_proctoring_dataset/02_clips/leaning_to_neighbor/LE01_leaning_to_neighbor_take04.mp4,images/LE01_leaning_to_neighbor_take04/win_000_midframe_0037.jpg,correct,,
LE01_leaning_to_neighbor_take04.mp4,LE01_leaning_to_neighbor_take04,leaning_to_neighbor,A4,LE01,1,24,98,0.960230455,3.920941026,61,2.440585741,6,6,TRUE,TRUE,8,normal,normal,0,4.00096023,9.002160519,manual_clip,LE01_leaning_to_neighbor_take04,/home/sagemaker-user/exam_proctoring_dataset/02_clips/leaning_to_neighbor/LE01_leaning_to_neighbor_take04.mp4,images/LE01_leaning_to_neighbor_take04/win_001_midframe_0061.jpg,correct,,
LE01_leaning_to_neighbor_take04.mp4,LE01_leaning_to_neighbor_take04,leaning_to_neighbor,A4,LE01,2,48,122,1.920460911,4.881171481,85,3.400816196,6,6,TRUE,TRUE,8,normal,normal,0.297297297,4.00096023,9.002160519,manual_clip,LE01_leaning_to_neighbor_take04,/home/sagemaker-user/exam_proctoring_dataset/02_clips/leaning_to_neighbor/LE01_leaning_to_neighbor_take04.mp4,images/LE01_leaning_to_neighbor_take04/win_002_midframe_0085.jpg,correct,,
LE01_leaning_to_neighbor_take04.mp4,LE01_leaning_to_neighbor_take04,leaning_to_neighbor,A4,LE01,3,72,146,2.880691366,5.841401936,109,4.361046651,6,5,FALSE,TRUE,7,leaning_to_neighbor,suspicious,0.621621622,4.00096023,9.002160519,manual_clip,LE01_leaning_to_neighbor_take04,/home/sagemaker-user/exam_proctoring_dataset/02_clips/leaning_to_neighbor/LE01_leaning_to_neighbor_take04.mp4,images/LE01_leaning_to_neighbor_take04/win_003_midframe_0109.jpg,exclude,A4,Mismatch
LE01_leaning_to_neighbor_take04.mp4,LE01_leaning_to_neighbor_take04,leaning_to_neighbor,A4,LE01,4,96,170,3.840921821,6.801632392,133,5.321277107,6,6,TRUE,TRUE,8,leaning_to_neighbor,suspicious,0.945945946,4.00096023,9.002160519,manual_clip,LE01_leaning_to_neighbor_take04,/home/sagemaker-user/exam_proctoring_dataset/02_clips/leaning_to_neighbor/LE01_leaning_to_neighbor_take04.mp4,images/LE01_leaning_to_neighbor_take04/win_004_midframe_0133.jpg,correct,,
LE01_leaning_to_neighbor_take04.mp4,LE01_leaning_to_neighbor_take04,leaning_to_neighbor,A4,LE01,5,120,194,4.801152277,7.761862847,157,6.281507562,6,6,TRUE,TRUE,8,leaning_to_neighbor,suspicious,1,4.00096023,9.002160519,manual_clip,LE01_leaning_to_neighbor_take04,/home/sagemaker-user/exam_proctoring_dataset/02_clips/leaning_to_neighbor/LE01_leaning_to_neighbor_take04.mp4,images/LE01_leaning_to_neighbor_take04/win_005_midframe_0157.jpg,correct,,
LE01_leaning_to_neighbor_take04.mp4,LE01_leaning_to_neighbor_take04,leaning_to_neighbor,A4,LE01,6,144,218,5.761382732,8.722093302,181,7.241738017,6,6,TRUE,TRUE,8,leaning_to_neighbor,suspicious,1,4.00096023,9.002160519,manual_clip,LE01_leaning_to_neighbor_take04,/home/sagemaker-user/exam_proctoring_dataset/02_clips/leaning_to_neighbor/LE01_leaning_to_neighbor_take04.mp4,images/LE01_leaning_to_neighbor_take04/win_006_midframe_0181.jpg,correct,,
LE01_leaning_to_neighbor_take04.mp4,LE01_leaning_to_neighbor_take04,leaning_to_neighbor,A4,LE01,7,168,242,6.721613187,9.682323758,205,8.201968472,6,6,TRUE,TRUE,8,leaning_to_neighbor,suspicious,0.77027027,4.00096023,9.002160519,manual_clip,LE01_leaning_to_neighbor_take04,/home/sagemaker-user/exam_proctoring_dataset/02_clips/leaning_to_neighbor/LE01_leaning_to_neighbor_take04.mp4,images/LE01_leaning_to_neighbor_take04/win_007_midframe_0205.jpg,correct,,
LE01_leaning_to_neighbor_take05.mp4,LE01_leaning_to_neighbor_take05,leaning_to_neighbor,B1,LE01,0,0,74,0,2.960710571,37,1.480355285,1,1,TRUE,TRUE,8,normal,normal,0,3.000720173,9.002160519,manual_clip,LE01_leaning_to_neighbor_take05,/home/sagemaker-user/exam_proctoring_dataset/02_clips/leaning_to_neighbor/LE01_leaning_to_neighbor_take05.mp4,images/LE01_leaning_to_neighbor_take05/win_000_midframe_0037.jpg,correct,,
LE01_leaning_to_neighbor_take05.mp4,LE01_leaning_to_neighbor_take05,leaning_to_neighbor,B1,LE01,1,24,98,0.960230455,3.920941026,61,2.440585741,1,1,TRUE,TRUE,8,normal,normal,0.310810811,3.000720173,9.002160519,manual_clip,LE01_leaning_to_neighbor_take05,/home/sagemaker-user/exam_proctoring_dataset/02_clips/leaning_to_neighbor/LE01_leaning_to_neighbor_take05.mp4,images/LE01_leaning_to_neighbor_take05/win_001_midframe_0061.jpg,correct,,
LE01_leaning_to_neighbor_take05.mp4,LE01_leaning_to_neighbor_take05,leaning_to_neighbor,B1,LE01,2,48,122,1.920460911,4.881171481,85,3.400816196,1,1,TRUE,TRUE,8,leaning_to_neighbor,suspicious,0.635135135,3.000720173,9.002160519,manual_clip,LE01_leaning_to_neighbor_take05,/home/sagemaker-user/exam_proctoring_dataset/02_clips/leaning_to_neighbor/LE01_leaning_to_neighbor_take05.mp4,images/LE01_leaning_to_neighbor_take05/win_002_midframe_0085.jpg,correct,,
LE01_leaning_to_neighbor_take05.mp4,LE01_leaning_to_neighbor_take05,leaning_to_neighbor,B1,LE01,3,72,146,2.880691366,5.841401936,109,4.361046651,1,1,TRUE,TRUE,8,leaning_to_neighbor,suspicious,0.959459459,3.000720173,9.002160519,manual_clip,LE01_leaning_to_neighbor_take05,/home/sagemaker-user/exam_proctoring_dataset/02_clips/leaning_to_neighbor/LE01_leaning_to_neighbor_take05.mp4,images/LE01_leaning_to_neighbor_take05/win_003_midframe_0109.jpg,correct,,
LE01_leaning_to_neighbor_take05.mp4,LE01_leaning_to_neighbor_take05,leaning_to_neighbor,B1,LE01,4,96,170,3.840921821,6.801632392,133,5.321277107,1,1,TRUE,TRUE,8,leaning_to_neighbor,suspicious,1,3.000720173,9.002160519,manual_clip,LE01_leaning_to_neighbor_take05,/home/sagemaker-user/exam_proctoring_dataset/02_clips/leaning_to_neighbor/LE01_leaning_to_neighbor_take05.mp4,images/LE01_leaning_to_neighbor_take05/win_004_midframe_0133.jpg,correct,,
LE01_leaning_to_neighbor_take05.mp4,LE01_leaning_to_neighbor_take05,leaning_to_neighbor,B1,LE01,5,120,194,4.801152277,7.761862847,157,6.281507562,1,1,TRUE,TRUE,8,leaning_to_neighbor,suspicious,1,3.000720173,9.002160519,manual_clip,LE01_leaning_to_neighbor_take05,/home/sagemaker-user/exam_proctoring_dataset/02_clips/leaning_to_neighbor/LE01_leaning_to_neighbor_take05.mp4,images/LE01_leaning_to_neighbor_take05/win_005_midframe_0157.jpg,correct,,
LE01_leaning_to_neighbor_take05.mp4,LE01_leaning_to_neighbor_take05,leaning_to_neighbor,B1,LE01,6,144,218,5.761382732,8.722093302,181,7.241738017,1,1,TRUE,TRUE,8,leaning_to_neighbor,suspicious,1,3.000720173,9.002160519,manual_clip,LE01_leaning_to_neighbor_take05,/home/sagemaker-user/exam_proctoring_dataset/02_clips/leaning_to_neighbor/LE01_leaning_to_neighbor_take05.mp4,images/LE01_leaning_to_neighbor_take05/win_006_midframe_0181.jpg,correct,,
LE01_leaning_to_neighbor_take05.mp4,LE01_leaning_to_neighbor_take05,leaning_to_neighbor,B1,LE01,7,168,242,6.721613187,9.682323758,205,8.201968472,1,1,TRUE,TRUE,8,leaning_to_neighbor,suspicious,0.77027027,3.000720173,9.002160519,manual_clip,LE01_leaning_to_neighbor_take05,/home/sagemaker-user/exam_proctoring_dataset/02_clips/leaning_to_neighbor/LE01_leaning_to_neighbor_take05.mp4,images/LE01_leaning_to_neighbor_take05/win_007_midframe_0205.jpg,correct,,
LE01_leaning_to_neighbor_take06.mp4,LE01_leaning_to_neighbor_take06,leaning_to_neighbor,B2,LE01,0,0,74,0,2.960710571,37,1.480355285,3,3,TRUE,TRUE,8,normal,normal,0,4.00096023,9.002160519,manual_clip,LE01_leaning_to_neighbor_take06,/home/sagemaker-user/exam_proctoring_dataset/02_clips/leaning_to_neighbor/LE01_leaning_to_neighbor_take06.mp4,images/LE01_leaning_to_neighbor_take06/win_000_midframe_0037.jpg,correct,,
LE01_leaning_to_neighbor_take06.mp4,LE01_leaning_to_neighbor_take06,leaning_to_neighbor,B2,LE01,1,24,98,0.960230455,3.920941026,61,2.440585741,3,3,TRUE,TRUE,8,normal,normal,0,4.00096023,9.002160519,manual_clip,LE01_leaning_to_neighbor_take06,/home/sagemaker-user/exam_proctoring_dataset/02_clips/leaning_to_neighbor/LE01_leaning_to_neighbor_take06.mp4,images/LE01_leaning_to_neighbor_take06/win_001_midframe_0061.jpg,correct,,
LE01_leaning_to_neighbor_take06.mp4,LE01_leaning_to_neighbor_take06,leaning_to_neighbor,B2,LE01,2,48,122,1.920460911,4.881171481,85,3.400816196,3,3,TRUE,TRUE,8,normal,normal,0.297297297,4.00096023,9.002160519,manual_clip,LE01_leaning_to_neighbor_take06,/home/sagemaker-user/exam_proctoring_dataset/02_clips/leaning_to_neighbor/LE01_leaning_to_neighbor_take06.mp4,images/LE01_leaning_to_neighbor_take06/win_002_midframe_0085.jpg,correct,,
LE01_leaning_to_neighbor_take06.mp4,LE01_leaning_to_neighbor_take06,leaning_to_neighbor,B2,LE01,3,72,146,2.880691366,5.841401936,109,4.361046651,3,3,TRUE,TRUE,8,leaning_to_neighbor,suspicious,0.621621622,4.00096023,9.002160519,manual_clip,LE01_leaning_to_neighbor_take06,/home/sagemaker-user/exam_proctoring_dataset/02_clips/leaning_to_neighbor/LE01_leaning_to_neighbor_take06.mp4,images/LE01_leaning_to_neighbor_take06/win_003_midframe_0109.jpg,correct,,
LE01_leaning_to_neighbor_take06.mp4,LE01_leaning_to_neighbor_take06,leaning_to_neighbor,B2,LE01,4,96,170,3.840921821,6.801632392,133,5.321277107,3,3,TRUE,TRUE,8,leaning_to_neighbor,suspicious,0.945945946,4.00096023,9.002160519,manual_clip,LE01_leaning_to_neighbor_take06,/home/sagemaker-user/exam_proctoring_dataset/02_clips/leaning_to_neighbor/LE01_leaning_to_neighbor_take06.mp4,images/LE01_leaning_to_neighbor_take06/win_004_midframe_0133.jpg,correct,,
LE01_leaning_to_neighbor_take06.mp4,LE01_leaning_to_neighbor_take06,leaning_to_neighbor,B2,LE01,5,120,194,4.801152277,7.761862847,157,6.281507562,3,3,TRUE,TRUE,7,leaning_to_neighbor,suspicious,1,4.00096023,9.002160519,manual_clip,LE01_leaning_to_neighbor_take06,/home/sagemaker-user/exam_proctoring_dataset/02_clips/leaning_to_neighbor/LE01_leaning_to_neighbor_take06.mp4,images/LE01_leaning_to_neighbor_take06/win_005_midframe_0157.jpg,correct,,
LE01_leaning_to_neighbor_take06.mp4,LE01_leaning_to_neighbor_take06,leaning_to_neighbor,B2,LE01,6,144,218,5.761382732,8.722093302,181,7.241738017,3,3,TRUE,TRUE,7,leaning_to_neighbor,suspicious,1,4.00096023,9.002160519,manual_clip,LE01_leaning_to_neighbor_take06,/home/sagemaker-user/exam_proctoring_dataset/02_clips/leaning_to_neighbor/LE01_leaning_to_neighbor_take06.mp4,images/LE01_leaning_to_neighbor_take06/win_006_midframe_0181.jpg,correct,,
LE01_leaning_to_neighbor_take06.mp4,LE01_leaning_to_neighbor_take06,leaning_to_neighbor,B2,LE01,7,168,242,6.721613187,9.682323758,205,8.201968472,3,3,TRUE,TRUE,8,leaning_to_neighbor,suspicious,0.77027027,4.00096023,9.002160519,manual_clip,LE01_leaning_to_neighbor_take06,/home/sagemaker-user/exam_proctoring_dataset/02_clips/leaning_to_neighbor/LE01_leaning_to_neighbor_take06.mp4,images/LE01_leaning_to_neighbor_take06/win_007_midframe_0205.jpg,correct,,
LE01_leaning_to_neighbor_take07.mp4,LE01_leaning_to_neighbor_take07,leaning_to_neighbor,B3,LE01,0,0,74,0,2.960710571,37,1.480355285,6,5,FALSE,TRUE,8,normal,normal,0,4.00096023,9.002160519,manual_clip,LE01_leaning_to_neighbor_take07,/home/sagemaker-user/exam_proctoring_dataset/02_clips/leaning_to_neighbor/LE01_leaning_to_neighbor_take07.mp4,images/LE01_leaning_to_neighbor_take07/win_000_midframe_0037.jpg,correct,,
LE01_leaning_to_neighbor_take07.mp4,LE01_leaning_to_neighbor_take07,leaning_to_neighbor,B3,LE01,1,24,98,0.960230455,3.920941026,61,2.440585741,6,5,FALSE,TRUE,8,normal,normal,0,4.00096023,9.002160519,manual_clip,LE01_leaning_to_neighbor_take07,/home/sagemaker-user/exam_proctoring_dataset/02_clips/leaning_to_neighbor/LE01_leaning_to_neighbor_take07.mp4,images/LE01_leaning_to_neighbor_take07/win_001_midframe_0061.jpg,correct,,
LE01_leaning_to_neighbor_take07.mp4,LE01_leaning_to_neighbor_take07,leaning_to_neighbor,B3,LE01,2,48,122,1.920460911,4.881171481,85,3.400816196,6,5,FALSE,TRUE,8,normal,normal,0.297297297,4.00096023,9.002160519,manual_clip,LE01_leaning_to_neighbor_take07,/home/sagemaker-user/exam_proctoring_dataset/02_clips/leaning_to_neighbor/LE01_leaning_to_neighbor_take07.mp4,images/LE01_leaning_to_neighbor_take07/win_002_midframe_0085.jpg,correct,,
LE01_leaning_to_neighbor_take07.mp4,LE01_leaning_to_neighbor_take07,leaning_to_neighbor,B3,LE01,3,72,146,2.880691366,5.841401936,109,4.361046651,6,5,FALSE,TRUE,8,leaning_to_neighbor,suspicious,0.621621622,4.00096023,9.002160519,manual_clip,LE01_leaning_to_neighbor_take07,/home/sagemaker-user/exam_proctoring_dataset/02_clips/leaning_to_neighbor/LE01_leaning_to_neighbor_take07.mp4,images/LE01_leaning_to_neighbor_take07/win_003_midframe_0109.jpg,correct,,
LE01_leaning_to_neighbor_take07.mp4,LE01_leaning_to_neighbor_take07,leaning_to_neighbor,B3,LE01,4,96,170,3.840921821,6.801632392,133,5.321277107,6,5,FALSE,TRUE,8,leaning_to_neighbor,suspicious,0.945945946,4.00096023,9.002160519,manual_clip,LE01_leaning_to_neighbor_take07,/home/sagemaker-user/exam_proctoring_dataset/02_clips/leaning_to_neighbor/LE01_leaning_to_neighbor_take07.mp4,images/LE01_leaning_to_neighbor_take07/win_004_midframe_0133.jpg,correct,,
LE01_leaning_to_neighbor_take07.mp4,LE01_leaning_to_neighbor_take07,leaning_to_neighbor,B3,LE01,5,120,194,4.801152277,7.761862847,157,6.281507562,6,6,TRUE,TRUE,7,leaning_to_neighbor,suspicious,1,4.00096023,9.002160519,manual_clip,LE01_leaning_to_neighbor_take07,/home/sagemaker-user/exam_proctoring_dataset/02_clips/leaning_to_neighbor/LE01_leaning_to_neighbor_take07.mp4,images/LE01_leaning_to_neighbor_take07/win_005_midframe_0157.jpg,correct,,
LE01_leaning_to_neighbor_take07.mp4,LE01_leaning_to_neighbor_take07,leaning_to_neighbor,B3,LE01,6,144,218,5.761382732,8.722093302,181,7.241738017,6,6,TRUE,TRUE,7,leaning_to_neighbor,suspicious,1,4.00096023,9.002160519,manual_clip,LE01_leaning_to_neighbor_take07,/home/sagemaker-user/exam_proctoring_dataset/02_clips/leaning_to_neighbor/LE01_leaning_to_neighbor_take07.mp4,images/LE01_leaning_to_neighbor_take07/win_006_midframe_0181.jpg,correct,,
LE01_leaning_to_neighbor_take07.mp4,LE01_leaning_to_neighbor_take07,leaning_to_neighbor,B3,LE01,7,168,242,6.721613187,9.682323758,205,8.201968472,6,6,TRUE,TRUE,7,leaning_to_neighbor,suspicious,0.77027027,4.00096023,9.002160519,manual_clip,LE01_leaning_to_neighbor_take07,/home/sagemaker-user/exam_proctoring_dataset/02_clips/leaning_to_neighbor/LE01_leaning_to_neighbor_take07.mp4,images/LE01_leaning_to_neighbor_take07/win_007_midframe_0205.jpg,correct,,
LE01_leaning_to_neighbor_take08.mp4,LE01_leaning_to_neighbor_take08,leaning_to_neighbor,B4,LE01,0,0,74,0,2.960710571,37,1.480355285,7,7,TRUE,TRUE,8,normal,normal,0,3.000720173,8.001920461,manual_clip,LE01_leaning_to_neighbor_take08,/home/sagemaker-user/exam_proctoring_dataset/02_clips/leaning_to_neighbor/LE01_leaning_to_neighbor_take08.mp4,images/LE01_leaning_to_neighbor_take08/win_000_midframe_0037.jpg,correct,,
LE01_leaning_to_neighbor_take08.mp4,LE01_leaning_to_neighbor_take08,leaning_to_neighbor,B4,LE01,1,24,98,0.960230455,3.920941026,61,2.440585741,7,7,TRUE,TRUE,8,normal,normal,0.310810811,3.000720173,8.001920461,manual_clip,LE01_leaning_to_neighbor_take08,/home/sagemaker-user/exam_proctoring_dataset/02_clips/leaning_to_neighbor/LE01_leaning_to_neighbor_take08.mp4,images/LE01_leaning_to_neighbor_take08/win_001_midframe_0061.jpg,correct,,
LE01_leaning_to_neighbor_take08.mp4,LE01_leaning_to_neighbor_take08,leaning_to_neighbor,B4,LE01,2,48,122,1.920460911,4.881171481,85,3.400816196,7,7,TRUE,TRUE,8,leaning_to_neighbor,suspicious,0.635135135,3.000720173,8.001920461,manual_clip,LE01_leaning_to_neighbor_take08,/home/sagemaker-user/exam_proctoring_dataset/02_clips/leaning_to_neighbor/LE01_leaning_to_neighbor_take08.mp4,images/LE01_leaning_to_neighbor_take08/win_002_midframe_0085.jpg,correct,,
LE01_leaning_to_neighbor_take08.mp4,LE01_leaning_to_neighbor_take08,leaning_to_neighbor,B4,LE01,3,72,146,2.880691366,5.841401936,109,4.361046651,7,7,TRUE,TRUE,8,leaning_to_neighbor,suspicious,0.959459459,3.000720173,8.001920461,manual_clip,LE01_leaning_to_neighbor_take08,/home/sagemaker-user/exam_proctoring_dataset/02_clips/leaning_to_neighbor/LE01_leaning_to_neighbor_take08.mp4,images/LE01_leaning_to_neighbor_take08/win_003_midframe_0109.jpg,correct,,
LE01_leaning_to_neighbor_take08.mp4,LE01_leaning_to_neighbor_take08,leaning_to_neighbor,B4,LE01,4,96,170,3.840921821,6.801632392,133,5.321277107,7,7,TRUE,TRUE,8,leaning_to_neighbor,suspicious,1,3.000720173,8.001920461,manual_clip,LE01_leaning_to_neighbor_take08,/home/sagemaker-user/exam_proctoring_dataset/02_clips/leaning_to_neighbor/LE01_leaning_to_neighbor_take08.mp4,images/LE01_leaning_to_neighbor_take08/win_004_midframe_0133.jpg,correct,,
LE01_leaning_to_neighbor_take08.mp4,LE01_leaning_to_neighbor_take08,leaning_to_neighbor,B4,LE01,5,120,194,4.801152277,7.761862847,157,6.281507562,7,7,TRUE,TRUE,8,leaning_to_neighbor,suspicious,1,3.000720173,8.001920461,manual_clip,LE01_leaning_to_neighbor_take08,/home/sagemaker-user/exam_proctoring_dataset/02_clips/leaning_to_neighbor/LE01_leaning_to_neighbor_take08.mp4,images/LE01_leaning_to_neighbor_take08/win_005_midframe_0157.jpg,correct,,
LE01_leaning_to_neighbor_take08.mp4,LE01_leaning_to_neighbor_take08,leaning_to_neighbor,B4,LE01,6,144,218,5.761382732,8.722093302,181,7.241738017,7,7,TRUE,TRUE,8,leaning_to_neighbor,suspicious,0.756756757,3.000720173,8.001920461,manual_clip,LE01_leaning_to_neighbor_take08,/home/sagemaker-user/exam_proctoring_dataset/02_clips/leaning_to_neighbor/LE01_leaning_to_neighbor_take08.mp4,images/LE01_leaning_to_neighbor_take08/win_006_midframe_0181.jpg,correct,,
LE01_leaning_to_neighbor_take08.mp4,LE01_leaning_to_neighbor_take08,leaning_to_neighbor,B4,LE01,7,168,242,6.721613187,9.682323758,205,8.201968472,7,7,TRUE,TRUE,8,normal,normal,0.432432432,3.000720173,8.001920461,manual_clip,LE01_leaning_to_neighbor_take08,/home/sagemaker-user/exam_proctoring_dataset/02_clips/leaning_to_neighbor/LE01_leaning_to_neighbor_take08.mp4,images/LE01_leaning_to_neighbor_take08/win_007_midframe_0205.jpg,correct,,
LE02_leaning_to_neighbor_take01.mp4,LE02_leaning_to_neighbor_take01,leaning_to_neighbor,A1,LE02,0,0,74,0,2.961184474,37,1.480592237,0,0,TRUE,TRUE,8,normal,normal,0,3.00120048,9.003601441,manual_clip,LE02_leaning_to_neighbor_take01,/home/sagemaker-user/exam_proctoring_dataset/02_clips/leaning_to_neighbor/LE02_leaning_to_neighbor_take01.mp4,images/LE02_leaning_to_neighbor_take01/win_000_midframe_0037.jpg,correct,,
LE02_leaning_to_neighbor_take01.mp4,LE02_leaning_to_neighbor_take01,leaning_to_neighbor,A1,LE02,1,24,98,0.960384154,3.921568627,61,2.440976391,0,0,TRUE,TRUE,8,normal,normal,0.310810811,3.00120048,9.003601441,manual_clip,LE02_leaning_to_neighbor_take01,/home/sagemaker-user/exam_proctoring_dataset/02_clips/leaning_to_neighbor/LE02_leaning_to_neighbor_take01.mp4,images/LE02_leaning_to_neighbor_take01/win_001_midframe_0061.jpg,correct,,
LE02_leaning_to_neighbor_take01.mp4,LE02_leaning_to_neighbor_take01,leaning_to_neighbor,A1,LE02,2,48,122,1.920768307,4.881952781,85,3.401360544,0,0,TRUE,TRUE,8,leaning_to_neighbor,suspicious,0.635135135,3.00120048,9.003601441,manual_clip,LE02_leaning_to_neighbor_take01,/home/sagemaker-user/exam_proctoring_dataset/02_clips/leaning_to_neighbor/LE02_leaning_to_neighbor_take01.mp4,images/LE02_leaning_to_neighbor_take01/win_002_midframe_0085.jpg,correct,,
LE02_leaning_to_neighbor_take01.mp4,LE02_leaning_to_neighbor_take01,leaning_to_neighbor,A1,LE02,3,72,146,2.881152461,5.842336935,109,4.361744698,0,0,TRUE,TRUE,8,leaning_to_neighbor,suspicious,0.959459459,3.00120048,9.003601441,manual_clip,LE02_leaning_to_neighbor_take01,/home/sagemaker-user/exam_proctoring_dataset/02_clips/leaning_to_neighbor/LE02_leaning_to_neighbor_take01.mp4,images/LE02_leaning_to_neighbor_take01/win_003_midframe_0109.jpg,correct,,
LE02_leaning_to_neighbor_take01.mp4,LE02_leaning_to_neighbor_take01,leaning_to_neighbor,A1,LE02,4,96,170,3.841536615,6.802721088,133,5.322128852,0,0,TRUE,TRUE,8,leaning_to_neighbor,suspicious,1,3.00120048,9.003601441,manual_clip,LE02_leaning_to_neighbor_take01,/home/sagemaker-user/exam_proctoring_dataset/02_clips/leaning_to_neighbor/LE02_leaning_to_neighbor_take01.mp4,images/LE02_leaning_to_neighbor_take01/win_004_midframe_0133.jpg,correct,,
LE02_leaning_to_neighbor_take01.mp4,LE02_leaning_to_neighbor_take01,leaning_to_neighbor,A1,LE02,5,120,194,4.801920768,7.763105242,157,6.282513005,0,0,TRUE,TRUE,8,leaning_to_neighbor,suspicious,1,3.00120048,9.003601441,manual_clip,LE02_leaning_to_neighbor_take01,/home/sagemaker-user/exam_proctoring_dataset/02_clips/leaning_to_neighbor/LE02_leaning_to_neighbor_take01.mp4,images/LE02_leaning_to_neighbor_take01/win_005_midframe_0157.jpg,correct,,
LE02_leaning_to_neighbor_take01.mp4,LE02_leaning_to_neighbor_take01,leaning_to_neighbor,A1,LE02,6,144,218,5.762304922,8.723489396,181,7.242897159,0,0,TRUE,TRUE,8,leaning_to_neighbor,suspicious,1,3.00120048,9.003601441,manual_clip,LE02_leaning_to_neighbor_take01,/home/sagemaker-user/exam_proctoring_dataset/02_clips/leaning_to_neighbor/LE02_leaning_to_neighbor_take01.mp4,images/LE02_leaning_to_neighbor_take01/win_006_midframe_0181.jpg,correct,,
LE02_leaning_to_neighbor_take01.mp4,LE02_leaning_to_neighbor_take01,leaning_to_neighbor,A1,LE02,7,168,242,6.722689076,9.683873549,205,8.203281313,0,0,TRUE,TRUE,8,leaning_to_neighbor,suspicious,0.77027027,3.00120048,9.003601441,manual_clip,LE02_leaning_to_neighbor_take01,/home/sagemaker-user/exam_proctoring_dataset/02_clips/leaning_to_neighbor/LE02_leaning_to_neighbor_take01.mp4,images/LE02_leaning_to_neighbor_take01/win_007_midframe_0205.jpg,correct,,
LE02_leaning_to_neighbor_take02.mp4,LE02_leaning_to_neighbor_take02,leaning_to_neighbor,A2,LE02,0,0,74,0,2.961184474,37,1.480592237,2,2,TRUE,TRUE,8,normal,normal,0,4.00160064,9.003601441,manual_clip,LE02_leaning_to_neighbor_take02,/home/sagemaker-user/exam_proctoring_dataset/02_clips/leaning_to_neighbor/LE02_leaning_to_neighbor_take02.mp4,images/LE02_leaning_to_neighbor_take02/win_000_midframe_0037.jpg,correct,,
LE02_leaning_to_neighbor_take02.mp4,LE02_leaning_to_neighbor_take02,leaning_to_neighbor,A2,LE02,1,24,98,0.960384154,3.921568627,61,2.440976391,2,2,TRUE,TRUE,8,normal,normal,0,4.00160064,9.003601441,manual_clip,LE02_leaning_to_neighbor_take02,/home/sagemaker-user/exam_proctoring_dataset/02_clips/leaning_to_neighbor/LE02_leaning_to_neighbor_take02.mp4,images/LE02_leaning_to_neighbor_take02/win_001_midframe_0061.jpg,correct,,
LE02_leaning_to_neighbor_take02.mp4,LE02_leaning_to_neighbor_take02,leaning_to_neighbor,A2,LE02,2,48,122,1.920768307,4.881952781,85,3.401360544,2,2,TRUE,TRUE,8,normal,normal,0.297297297,4.00160064,9.003601441,manual_clip,LE02_leaning_to_neighbor_take02,/home/sagemaker-user/exam_proctoring_dataset/02_clips/leaning_to_neighbor/LE02_leaning_to_neighbor_take02.mp4,images/LE02_leaning_to_neighbor_take02/win_002_midframe_0085.jpg,correct,,
LE02_leaning_to_neighbor_take02.mp4,LE02_leaning_to_neighbor_take02,leaning_to_neighbor,A2,LE02,3,72,146,2.881152461,5.842336935,109,4.361744698,2,2,TRUE,TRUE,8,leaning_to_neighbor,suspicious,0.621621622,4.00160064,9.003601441,manual_clip,LE02_leaning_to_neighbor_take02,/home/sagemaker-user/exam_proctoring_dataset/02_clips/leaning_to_neighbor/LE02_leaning_to_neighbor_take02.mp4,images/LE02_leaning_to_neighbor_take02/win_003_midframe_0109.jpg,correct,,
LE02_leaning_to_neighbor_take02.mp4,LE02_leaning_to_neighbor_take02,leaning_to_neighbor,A2,LE02,4,96,170,3.841536615,6.802721088,133,5.322128852,2,2,TRUE,TRUE,8,leaning_to_neighbor,suspicious,0.945945946,4.00160064,9.003601441,manual_clip,LE02_leaning_to_neighbor_take02,/home/sagemaker-user/exam_proctoring_dataset/02_clips/leaning_to_neighbor/LE02_leaning_to_neighbor_take02.mp4,images/LE02_leaning_to_neighbor_take02/win_004_midframe_0133.jpg,correct,,
LE02_leaning_to_neighbor_take02.mp4,LE02_leaning_to_neighbor_take02,leaning_to_neighbor,A2,LE02,5,120,194,4.801920768,7.763105242,157,6.282513005,2,2,TRUE,TRUE,8,leaning_to_neighbor,suspicious,1,4.00160064,9.003601441,manual_clip,LE02_leaning_to_neighbor_take02,/home/sagemaker-user/exam_proctoring_dataset/02_clips/leaning_to_neighbor/LE02_leaning_to_neighbor_take02.mp4,images/LE02_leaning_to_neighbor_take02/win_005_midframe_0157.jpg,correct,,
LE02_leaning_to_neighbor_take02.mp4,LE02_leaning_to_neighbor_take02,leaning_to_neighbor,A2,LE02,6,144,218,5.762304922,8.723489396,181,7.242897159,2,1,FALSE,TRUE,7,leaning_to_neighbor,suspicious,1,4.00160064,9.003601441,manual_clip,LE02_leaning_to_neighbor_take02,/home/sagemaker-user/exam_proctoring_dataset/02_clips/leaning_to_neighbor/LE02_leaning_to_neighbor_take02.mp4,images/LE02_leaning_to_neighbor_take02/win_006_midframe_0181.jpg,exclude,,mismatch
LE02_leaning_to_neighbor_take02.mp4,LE02_leaning_to_neighbor_take02,leaning_to_neighbor,A2,LE02,7,168,242,6.722689076,9.683873549,205,8.203281313,2,2,TRUE,TRUE,8,leaning_to_neighbor,suspicious,0.77027027,4.00160064,9.003601441,manual_clip,LE02_leaning_to_neighbor_take02,/home/sagemaker-user/exam_proctoring_dataset/02_clips/leaning_to_neighbor/LE02_leaning_to_neighbor_take02.mp4,images/LE02_leaning_to_neighbor_take02/win_007_midframe_0205.jpg,correct,,
LE02_leaning_to_neighbor_take03.mp4,LE02_leaning_to_neighbor_take03,leaning_to_neighbor,A3,LE02,0,0,74,0,2.961184474,37,1.480592237,4,4,TRUE,TRUE,8,normal,normal,0,3.00120048,9.003601441,manual_clip,LE02_leaning_to_neighbor_take03,/home/sagemaker-user/exam_proctoring_dataset/02_clips/leaning_to_neighbor/LE02_leaning_to_neighbor_take03.mp4,images/LE02_leaning_to_neighbor_take03/win_000_midframe_0037.jpg,correct,,
LE02_leaning_to_neighbor_take03.mp4,LE02_leaning_to_neighbor_take03,leaning_to_neighbor,A3,LE02,1,24,98,0.960384154,3.921568627,61,2.440976391,4,4,TRUE,TRUE,8,normal,normal,0.310810811,3.00120048,9.003601441,manual_clip,LE02_leaning_to_neighbor_take03,/home/sagemaker-user/exam_proctoring_dataset/02_clips/leaning_to_neighbor/LE02_leaning_to_neighbor_take03.mp4,images/LE02_leaning_to_neighbor_take03/win_001_midframe_0061.jpg,correct,,
LE02_leaning_to_neighbor_take03.mp4,LE02_leaning_to_neighbor_take03,leaning_to_neighbor,A3,LE02,2,48,122,1.920768307,4.881952781,85,3.401360544,4,4,TRUE,TRUE,8,leaning_to_neighbor,suspicious,0.635135135,3.00120048,9.003601441,manual_clip,LE02_leaning_to_neighbor_take03,/home/sagemaker-user/exam_proctoring_dataset/02_clips/leaning_to_neighbor/LE02_leaning_to_neighbor_take03.mp4,images/LE02_leaning_to_neighbor_take03/win_002_midframe_0085.jpg,correct,,
LE02_leaning_to_neighbor_take03.mp4,LE02_leaning_to_neighbor_take03,leaning_to_neighbor,A3,LE02,3,72,146,2.881152461,5.842336935,109,4.361744698,4,4,TRUE,TRUE,8,leaning_to_neighbor,suspicious,0.959459459,3.00120048,9.003601441,manual_clip,LE02_leaning_to_neighbor_take03,/home/sagemaker-user/exam_proctoring_dataset/02_clips/leaning_to_neighbor/LE02_leaning_to_neighbor_take03.mp4,images/LE02_leaning_to_neighbor_take03/win_003_midframe_0109.jpg,correct,,
LE02_leaning_to_neighbor_take03.mp4,LE02_leaning_to_neighbor_take03,leaning_to_neighbor,A3,LE02,4,96,170,3.841536615,6.802721088,133,5.322128852,4,4,TRUE,TRUE,7,leaning_to_neighbor,suspicious,1,3.00120048,9.003601441,manual_clip,LE02_leaning_to_neighbor_take03,/home/sagemaker-user/exam_proctoring_dataset/02_clips/leaning_to_neighbor/LE02_leaning_to_neighbor_take03.mp4,images/LE02_leaning_to_neighbor_take03/win_004_midframe_0133.jpg,correct,,
LE02_leaning_to_neighbor_take03.mp4,LE02_leaning_to_neighbor_take03,leaning_to_neighbor,A3,LE02,5,120,194,4.801920768,7.763105242,157,6.282513005,4,4,TRUE,TRUE,7,leaning_to_neighbor,suspicious,1,3.00120048,9.003601441,manual_clip,LE02_leaning_to_neighbor_take03,/home/sagemaker-user/exam_proctoring_dataset/02_clips/leaning_to_neighbor/LE02_leaning_to_neighbor_take03.mp4,images/LE02_leaning_to_neighbor_take03/win_005_midframe_0157.jpg,correct,,
LE02_leaning_to_neighbor_take03.mp4,LE02_leaning_to_neighbor_take03,leaning_to_neighbor,A3,LE02,6,144,218,5.762304922,8.723489396,181,7.242897159,4,4,TRUE,TRUE,7,leaning_to_neighbor,suspicious,1,3.00120048,9.003601441,manual_clip,LE02_leaning_to_neighbor_take03,/home/sagemaker-user/exam_proctoring_dataset/02_clips/leaning_to_neighbor/LE02_leaning_to_neighbor_take03.mp4,images/LE02_leaning_to_neighbor_take03/win_006_midframe_0181.jpg,correct,,
LE02_leaning_to_neighbor_take03.mp4,LE02_leaning_to_neighbor_take03,leaning_to_neighbor,A3,LE02,7,168,242,6.722689076,9.683873549,205,8.203281313,4,4,TRUE,TRUE,7,leaning_to_neighbor,suspicious,0.77027027,3.00120048,9.003601441,manual_clip,LE02_leaning_to_neighbor_take03,/home/sagemaker-user/exam_proctoring_dataset/02_clips/leaning_to_neighbor/LE02_leaning_to_neighbor_take03.mp4,images/LE02_leaning_to_neighbor_take03/win_007_midframe_0205.jpg,correct,,
LE02_leaning_to_neighbor_take04.mp4,LE02_leaning_to_neighbor_take04,leaning_to_neighbor,A4,LE02,0,0,74,0,2.961184474,37,1.480592237,6,6,TRUE,TRUE,8,normal,normal,0,4.00160064,9.003601441,manual_clip,LE02_leaning_to_neighbor_take04,/home/sagemaker-user/exam_proctoring_dataset/02_clips/leaning_to_neighbor/LE02_leaning_to_neighbor_take04.mp4,images/LE02_leaning_to_neighbor_take04/win_000_midframe_0037.jpg,correct,,
LE02_leaning_to_neighbor_take04.mp4,LE02_leaning_to_neighbor_take04,leaning_to_neighbor,A4,LE02,1,24,98,0.960384154,3.921568627,61,2.440976391,6,6,TRUE,TRUE,8,normal,normal,0,4.00160064,9.003601441,manual_clip,LE02_leaning_to_neighbor_take04,/home/sagemaker-user/exam_proctoring_dataset/02_clips/leaning_to_neighbor/LE02_leaning_to_neighbor_take04.mp4,images/LE02_leaning_to_neighbor_take04/win_001_midframe_0061.jpg,correct,,
LE02_leaning_to_neighbor_take04.mp4,LE02_leaning_to_neighbor_take04,leaning_to_neighbor,A4,LE02,2,48,122,1.920768307,4.881952781,85,3.401360544,6,6,TRUE,TRUE,8,normal,normal,0.297297297,4.00160064,9.003601441,manual_clip,LE02_leaning_to_neighbor_take04,/home/sagemaker-user/exam_proctoring_dataset/02_clips/leaning_to_neighbor/LE02_leaning_to_neighbor_take04.mp4,images/LE02_leaning_to_neighbor_take04/win_002_midframe_0085.jpg,correct,,
LE02_leaning_to_neighbor_take04.mp4,LE02_leaning_to_neighbor_take04,leaning_to_neighbor,A4,LE02,3,72,146,2.881152461,5.842336935,109,4.361744698,6,6,TRUE,TRUE,8,leaning_to_neighbor,suspicious,0.621621622,4.00160064,9.003601441,manual_clip,LE02_leaning_to_neighbor_take04,/home/sagemaker-user/exam_proctoring_dataset/02_clips/leaning_to_neighbor/LE02_leaning_to_neighbor_take04.mp4,images/LE02_leaning_to_neighbor_take04/win_003_midframe_0109.jpg,correct,,
LE02_leaning_to_neighbor_take04.mp4,LE02_leaning_to_neighbor_take04,leaning_to_neighbor,A4,LE02,4,96,170,3.841536615,6.802721088,133,5.322128852,6,6,TRUE,TRUE,8,leaning_to_neighbor,suspicious,0.945945946,4.00160064,9.003601441,manual_clip,LE02_leaning_to_neighbor_take04,/home/sagemaker-user/exam_proctoring_dataset/02_clips/leaning_to_neighbor/LE02_leaning_to_neighbor_take04.mp4,images/LE02_leaning_to_neighbor_take04/win_004_midframe_0133.jpg,correct,,
LE02_leaning_to_neighbor_take04.mp4,LE02_leaning_to_neighbor_take04,leaning_to_neighbor,A4,LE02,5,120,194,4.801920768,7.763105242,157,6.282513005,6,6,TRUE,TRUE,8,leaning_to_neighbor,suspicious,1,4.00160064,9.003601441,manual_clip,LE02_leaning_to_neighbor_take04,/home/sagemaker-user/exam_proctoring_dataset/02_clips/leaning_to_neighbor/LE02_leaning_to_neighbor_take04.mp4,images/LE02_leaning_to_neighbor_take04/win_005_midframe_0157.jpg,correct,,
LE02_leaning_to_neighbor_take04.mp4,LE02_leaning_to_neighbor_take04,leaning_to_neighbor,A4,LE02,6,144,218,5.762304922,8.723489396,181,7.242897159,6,6,TRUE,TRUE,8,leaning_to_neighbor,suspicious,1,4.00160064,9.003601441,manual_clip,LE02_leaning_to_neighbor_take04,/home/sagemaker-user/exam_proctoring_dataset/02_clips/leaning_to_neighbor/LE02_leaning_to_neighbor_take04.mp4,images/LE02_leaning_to_neighbor_take04/win_006_midframe_0181.jpg,correct,,
LE02_leaning_to_neighbor_take04.mp4,LE02_leaning_to_neighbor_take04,leaning_to_neighbor,A4,LE02,7,168,242,6.722689076,9.683873549,205,8.203281313,6,6,TRUE,TRUE,8,leaning_to_neighbor,suspicious,0.77027027,4.00160064,9.003601441,manual_clip,LE02_leaning_to_neighbor_take04,/home/sagemaker-user/exam_proctoring_dataset/02_clips/leaning_to_neighbor/LE02_leaning_to_neighbor_take04.mp4,images/LE02_leaning_to_neighbor_take04/win_007_midframe_0205.jpg,correct,,
LE02_leaning_to_neighbor_take05.mp4,LE02_leaning_to_neighbor_take05,leaning_to_neighbor,B1,LE02,0,0,74,0,2.961184474,37,1.480592237,1,1,TRUE,TRUE,8,normal,normal,0,5.0020008,8.003201281,manual_clip,LE02_leaning_to_neighbor_take05,/home/sagemaker-user/exam_proctoring_dataset/02_clips/leaning_to_neighbor/LE02_leaning_to_neighbor_take05.mp4,images/LE02_leaning_to_neighbor_take05/win_000_midframe_0037.jpg,correct,,
LE02_leaning_to_neighbor_take05.mp4,LE02_leaning_to_neighbor_take05,leaning_to_neighbor,B1,LE02,1,24,98,0.960384154,3.921568627,61,2.440976391,1,1,TRUE,TRUE,8,normal,normal,0,5.0020008,8.003201281,manual_clip,LE02_leaning_to_neighbor_take05,/home/sagemaker-user/exam_proctoring_dataset/02_clips/leaning_to_neighbor/LE02_leaning_to_neighbor_take05.mp4,images/LE02_leaning_to_neighbor_take05/win_001_midframe_0061.jpg,correct,,
LE02_leaning_to_neighbor_take05.mp4,LE02_leaning_to_neighbor_take05,leaning_to_neighbor,B1,LE02,2,48,122,1.920768307,4.881952781,85,3.401360544,1,1,TRUE,TRUE,8,normal,normal,0,5.0020008,8.003201281,manual_clip,LE02_leaning_to_neighbor_take05,/home/sagemaker-user/exam_proctoring_dataset/02_clips/leaning_to_neighbor/LE02_leaning_to_neighbor_take05.mp4,images/LE02_leaning_to_neighbor_take05/win_002_midframe_0085.jpg,correct,,
LE02_leaning_to_neighbor_take05.mp4,LE02_leaning_to_neighbor_take05,leaning_to_neighbor,B1,LE02,3,72,146,2.881152461,5.842336935,109,4.361744698,1,1,TRUE,TRUE,8,normal,normal,0.283783784,5.0020008,8.003201281,manual_clip,LE02_leaning_to_neighbor_take05,/home/sagemaker-user/exam_proctoring_dataset/02_clips/leaning_to_neighbor/LE02_leaning_to_neighbor_take05.mp4,images/LE02_leaning_to_neighbor_take05/win_003_midframe_0109.jpg,correct,,
LE02_leaning_to_neighbor_take05.mp4,LE02_leaning_to_neighbor_take05,leaning_to_neighbor,B1,LE02,4,96,170,3.841536615,6.802721088,133,5.322128852,1,1,TRUE,TRUE,8,leaning_to_neighbor,suspicious,0.608108108,5.0020008,8.003201281,manual_clip,LE02_leaning_to_neighbor_take05,/home/sagemaker-user/exam_proctoring_dataset/02_clips/leaning_to_neighbor/LE02_leaning_to_neighbor_take05.mp4,images/LE02_leaning_to_neighbor_take05/win_004_midframe_0133.jpg,correct,,
LE02_leaning_to_neighbor_take05.mp4,LE02_leaning_to_neighbor_take05,leaning_to_neighbor,B1,LE02,5,120,194,4.801920768,7.763105242,157,6.282513005,1,1,TRUE,TRUE,8,leaning_to_neighbor,suspicious,0.932432432,5.0020008,8.003201281,manual_clip,LE02_leaning_to_neighbor_take05,/home/sagemaker-user/exam_proctoring_dataset/02_clips/leaning_to_neighbor/LE02_leaning_to_neighbor_take05.mp4,images/LE02_leaning_to_neighbor_take05/win_005_midframe_0157.jpg,correct,,
LE02_leaning_to_neighbor_take05.mp4,LE02_leaning_to_neighbor_take05,leaning_to_neighbor,B1,LE02,6,144,218,5.762304922,8.723489396,181,7.242897159,1,1,TRUE,TRUE,8,leaning_to_neighbor,suspicious,0.756756757,5.0020008,8.003201281,manual_clip,LE02_leaning_to_neighbor_take05,/home/sagemaker-user/exam_proctoring_dataset/02_clips/leaning_to_neighbor/LE02_leaning_to_neighbor_take05.mp4,images/LE02_leaning_to_neighbor_take05/win_006_midframe_0181.jpg,correct,,
LE02_leaning_to_neighbor_take05.mp4,LE02_leaning_to_neighbor_take05,leaning_to_neighbor,B1,LE02,7,168,242,6.722689076,9.683873549,205,8.203281313,1,1,TRUE,TRUE,8,normal,normal,0.432432432,5.0020008,8.003201281,manual_clip,LE02_leaning_to_neighbor_take05,/home/sagemaker-user/exam_proctoring_dataset/02_clips/leaning_to_neighbor/LE02_leaning_to_neighbor_take05.mp4,images/LE02_leaning_to_neighbor_take05/win_007_midframe_0205.jpg,correct,,
LE02_leaning_to_neighbor_take06.mp4,LE02_leaning_to_neighbor_take06,leaning_to_neighbor,B2,LE02,0,0,74,0,2.961184474,37,1.480592237,3,3,TRUE,TRUE,8,normal,normal,0,4.00160064,8.003201281,manual_clip,LE02_leaning_to_neighbor_take06,/home/sagemaker-user/exam_proctoring_dataset/02_clips/leaning_to_neighbor/LE02_leaning_to_neighbor_take06.mp4,images/LE02_leaning_to_neighbor_take06/win_000_midframe_0037.jpg,correct,,
LE02_leaning_to_neighbor_take06.mp4,LE02_leaning_to_neighbor_take06,leaning_to_neighbor,B2,LE02,1,24,98,0.960384154,3.921568627,61,2.440976391,3,3,TRUE,TRUE,8,normal,normal,0,4.00160064,8.003201281,manual_clip,LE02_leaning_to_neighbor_take06,/home/sagemaker-user/exam_proctoring_dataset/02_clips/leaning_to_neighbor/LE02_leaning_to_neighbor_take06.mp4,images/LE02_leaning_to_neighbor_take06/win_001_midframe_0061.jpg,correct,,
LE02_leaning_to_neighbor_take06.mp4,LE02_leaning_to_neighbor_take06,leaning_to_neighbor,B2,LE02,2,48,122,1.920768307,4.881952781,85,3.401360544,3,3,TRUE,TRUE,8,normal,normal,0.297297297,4.00160064,8.003201281,manual_clip,LE02_leaning_to_neighbor_take06,/home/sagemaker-user/exam_proctoring_dataset/02_clips/leaning_to_neighbor/LE02_leaning_to_neighbor_take06.mp4,images/LE02_leaning_to_neighbor_take06/win_002_midframe_0085.jpg,correct,,
LE02_leaning_to_neighbor_take06.mp4,LE02_leaning_to_neighbor_take06,leaning_to_neighbor,B2,LE02,3,72,146,2.881152461,5.842336935,109,4.361744698,3,3,TRUE,TRUE,8,leaning_to_neighbor,suspicious,0.621621622,4.00160064,8.003201281,manual_clip,LE02_leaning_to_neighbor_take06,/home/sagemaker-user/exam_proctoring_dataset/02_clips/leaning_to_neighbor/LE02_leaning_to_neighbor_take06.mp4,images/LE02_leaning_to_neighbor_take06/win_003_midframe_0109.jpg,correct,,
LE02_leaning_to_neighbor_take06.mp4,LE02_leaning_to_neighbor_take06,leaning_to_neighbor,B2,LE02,4,96,170,3.841536615,6.802721088,133,5.322128852,3,3,TRUE,TRUE,8,leaning_to_neighbor,suspicious,0.945945946,4.00160064,8.003201281,manual_clip,LE02_leaning_to_neighbor_take06,/home/sagemaker-user/exam_proctoring_dataset/02_clips/leaning_to_neighbor/LE02_leaning_to_neighbor_take06.mp4,images/LE02_leaning_to_neighbor_take06/win_004_midframe_0133.jpg,correct,,
LE02_leaning_to_neighbor_take06.mp4,LE02_leaning_to_neighbor_take06,leaning_to_neighbor,B2,LE02,5,120,194,4.801920768,7.763105242,157,6.282513005,3,3,TRUE,TRUE,8,leaning_to_neighbor,suspicious,1,4.00160064,8.003201281,manual_clip,LE02_leaning_to_neighbor_take06,/home/sagemaker-user/exam_proctoring_dataset/02_clips/leaning_to_neighbor/LE02_leaning_to_neighbor_take06.mp4,images/LE02_leaning_to_neighbor_take06/win_005_midframe_0157.jpg,correct,,
LE02_leaning_to_neighbor_take06.mp4,LE02_leaning_to_neighbor_take06,leaning_to_neighbor,B2,LE02,6,144,218,5.762304922,8.723489396,181,7.242897159,3,3,TRUE,TRUE,8,leaning_to_neighbor,suspicious,0.756756757,4.00160064,8.003201281,manual_clip,LE02_leaning_to_neighbor_take06,/home/sagemaker-user/exam_proctoring_dataset/02_clips/leaning_to_neighbor/LE02_leaning_to_neighbor_take06.mp4,images/LE02_leaning_to_neighbor_take06/win_006_midframe_0181.jpg,correct,,
LE02_leaning_to_neighbor_take06.mp4,LE02_leaning_to_neighbor_take06,leaning_to_neighbor,B2,LE02,7,168,242,6.722689076,9.683873549,205,8.203281313,3,3,TRUE,TRUE,8,normal,normal,0.432432432,4.00160064,8.003201281,manual_clip,LE02_leaning_to_neighbor_take06,/home/sagemaker-user/exam_proctoring_dataset/02_clips/leaning_to_neighbor/LE02_leaning_to_neighbor_take06.mp4,images/LE02_leaning_to_neighbor_take06/win_007_midframe_0205.jpg,correct,,
LE02_leaning_to_neighbor_take07.mp4,LE02_leaning_to_neighbor_take07,leaning_to_neighbor,B3,LE02,0,0,74,0,2.961184474,37,1.480592237,5,5,TRUE,TRUE,8,normal,normal,0,4.00160064,9.003601441,manual_clip,LE02_leaning_to_neighbor_take07,/home/sagemaker-user/exam_proctoring_dataset/02_clips/leaning_to_neighbor/LE02_leaning_to_neighbor_take07.mp4,images/LE02_leaning_to_neighbor_take07/win_000_midframe_0037.jpg,correct,,
LE02_leaning_to_neighbor_take07.mp4,LE02_leaning_to_neighbor_take07,leaning_to_neighbor,B3,LE02,1,24,98,0.960384154,3.921568627,61,2.440976391,5,5,TRUE,TRUE,8,normal,normal,0,4.00160064,9.003601441,manual_clip,LE02_leaning_to_neighbor_take07,/home/sagemaker-user/exam_proctoring_dataset/02_clips/leaning_to_neighbor/LE02_leaning_to_neighbor_take07.mp4,images/LE02_leaning_to_neighbor_take07/win_001_midframe_0061.jpg,correct,,
LE02_leaning_to_neighbor_take07.mp4,LE02_leaning_to_neighbor_take07,leaning_to_neighbor,B3,LE02,2,48,122,1.920768307,4.881952781,85,3.401360544,5,5,TRUE,TRUE,8,normal,normal,0.297297297,4.00160064,9.003601441,manual_clip,LE02_leaning_to_neighbor_take07,/home/sagemaker-user/exam_proctoring_dataset/02_clips/leaning_to_neighbor/LE02_leaning_to_neighbor_take07.mp4,images/LE02_leaning_to_neighbor_take07/win_002_midframe_0085.jpg,correct,,
LE02_leaning_to_neighbor_take07.mp4,LE02_leaning_to_neighbor_take07,leaning_to_neighbor,B3,LE02,3,72,146,2.881152461,5.842336935,109,4.361744698,5,5,TRUE,TRUE,8,leaning_to_neighbor,suspicious,0.621621622,4.00160064,9.003601441,manual_clip,LE02_leaning_to_neighbor_take07,/home/sagemaker-user/exam_proctoring_dataset/02_clips/leaning_to_neighbor/LE02_leaning_to_neighbor_take07.mp4,images/LE02_leaning_to_neighbor_take07/win_003_midframe_0109.jpg,correct,,
LE02_leaning_to_neighbor_take07.mp4,LE02_leaning_to_neighbor_take07,leaning_to_neighbor,B3,LE02,4,96,170,3.841536615,6.802721088,133,5.322128852,5,5,TRUE,TRUE,8,leaning_to_neighbor,suspicious,0.945945946,4.00160064,9.003601441,manual_clip,LE02_leaning_to_neighbor_take07,/home/sagemaker-user/exam_proctoring_dataset/02_clips/leaning_to_neighbor/LE02_leaning_to_neighbor_take07.mp4,images/LE02_leaning_to_neighbor_take07/win_004_midframe_0133.jpg,correct,,
LE02_leaning_to_neighbor_take07.mp4,LE02_leaning_to_neighbor_take07,leaning_to_neighbor,B3,LE02,5,120,194,4.801920768,7.763105242,157,6.282513005,5,5,TRUE,TRUE,8,leaning_to_neighbor,suspicious,1,4.00160064,9.003601441,manual_clip,LE02_leaning_to_neighbor_take07,/home/sagemaker-user/exam_proctoring_dataset/02_clips/leaning_to_neighbor/LE02_leaning_to_neighbor_take07.mp4,images/LE02_leaning_to_neighbor_take07/win_005_midframe_0157.jpg,correct,,
LE02_leaning_to_neighbor_take07.mp4,LE02_leaning_to_neighbor_take07,leaning_to_neighbor,B3,LE02,6,144,218,5.762304922,8.723489396,181,7.242897159,5,5,TRUE,TRUE,8,leaning_to_neighbor,suspicious,1,4.00160064,9.003601441,manual_clip,LE02_leaning_to_neighbor_take07,/home/sagemaker-user/exam_proctoring_dataset/02_clips/leaning_to_neighbor/LE02_leaning_to_neighbor_take07.mp4,images/LE02_leaning_to_neighbor_take07/win_006_midframe_0181.jpg,correct,,
LE02_leaning_to_neighbor_take07.mp4,LE02_leaning_to_neighbor_take07,leaning_to_neighbor,B3,LE02,7,168,242,6.722689076,9.683873549,205,8.203281313,5,5,TRUE,TRUE,8,leaning_to_neighbor,suspicious,0.77027027,4.00160064,9.003601441,manual_clip,LE02_leaning_to_neighbor_take07,/home/sagemaker-user/exam_proctoring_dataset/02_clips/leaning_to_neighbor/LE02_leaning_to_neighbor_take07.mp4,images/LE02_leaning_to_neighbor_take07/win_007_midframe_0205.jpg,correct,,
LE03_leaning_to_neighbor_take01.mp4,LE03_leaning_to_neighbor_take01,leaning_to_neighbor,A1,LE03,0,0,74,0,2.961184474,37,1.480592237,0,0,TRUE,TRUE,8,normal,normal,0,5.0020008,9.003601441,manual_clip,LE03_leaning_to_neighbor_take01,/home/sagemaker-user/exam_proctoring_dataset/02_clips/leaning_to_neighbor/LE03_leaning_to_neighbor_take01.mp4,images/LE03_leaning_to_neighbor_take01/win_000_midframe_0037.jpg,correct,,
LE03_leaning_to_neighbor_take01.mp4,LE03_leaning_to_neighbor_take01,leaning_to_neighbor,A1,LE03,1,24,98,0.960384154,3.921568627,61,2.440976391,0,0,TRUE,TRUE,8,normal,normal,0,5.0020008,9.003601441,manual_clip,LE03_leaning_to_neighbor_take01,/home/sagemaker-user/exam_proctoring_dataset/02_clips/leaning_to_neighbor/LE03_leaning_to_neighbor_take01.mp4,images/LE03_leaning_to_neighbor_take01/win_001_midframe_0061.jpg,correct,,
LE03_leaning_to_neighbor_take01.mp4,LE03_leaning_to_neighbor_take01,leaning_to_neighbor,A1,LE03,2,48,122,1.920768307,4.881952781,85,3.401360544,0,0,TRUE,TRUE,8,normal,normal,0,5.0020008,9.003601441,manual_clip,LE03_leaning_to_neighbor_take01,/home/sagemaker-user/exam_proctoring_dataset/02_clips/leaning_to_neighbor/LE03_leaning_to_neighbor_take01.mp4,images/LE03_leaning_to_neighbor_take01/win_002_midframe_0085.jpg,correct,,
LE03_leaning_to_neighbor_take01.mp4,LE03_leaning_to_neighbor_take01,leaning_to_neighbor,A1,LE03,3,72,146,2.881152461,5.842336935,109,4.361744698,0,0,TRUE,TRUE,8,normal,normal,0.283783784,5.0020008,9.003601441,manual_clip,LE03_leaning_to_neighbor_take01,/home/sagemaker-user/exam_proctoring_dataset/02_clips/leaning_to_neighbor/LE03_leaning_to_neighbor_take01.mp4,images/LE03_leaning_to_neighbor_take01/win_003_midframe_0109.jpg,correct,,
LE03_leaning_to_neighbor_take01.mp4,LE03_leaning_to_neighbor_take01,leaning_to_neighbor,A1,LE03,4,96,170,3.841536615,6.802721088,133,5.322128852,0,0,TRUE,TRUE,8,leaning_to_neighbor,suspicious,0.608108108,5.0020008,9.003601441,manual_clip,LE03_leaning_to_neighbor_take01,/home/sagemaker-user/exam_proctoring_dataset/02_clips/leaning_to_neighbor/LE03_leaning_to_neighbor_take01.mp4,images/LE03_leaning_to_neighbor_take01/win_004_midframe_0133.jpg,correct,,
LE03_leaning_to_neighbor_take01.mp4,LE03_leaning_to_neighbor_take01,leaning_to_neighbor,A1,LE03,5,120,194,4.801920768,7.763105242,157,6.282513005,0,0,TRUE,TRUE,8,leaning_to_neighbor,suspicious,0.932432432,5.0020008,9.003601441,manual_clip,LE03_leaning_to_neighbor_take01,/home/sagemaker-user/exam_proctoring_dataset/02_clips/leaning_to_neighbor/LE03_leaning_to_neighbor_take01.mp4,images/LE03_leaning_to_neighbor_take01/win_005_midframe_0157.jpg,correct,,
LE03_leaning_to_neighbor_take01.mp4,LE03_leaning_to_neighbor_take01,leaning_to_neighbor,A1,LE03,6,144,218,5.762304922,8.723489396,181,7.242897159,0,0,TRUE,TRUE,8,leaning_to_neighbor,suspicious,1,5.0020008,9.003601441,manual_clip,LE03_leaning_to_neighbor_take01,/home/sagemaker-user/exam_proctoring_dataset/02_clips/leaning_to_neighbor/LE03_leaning_to_neighbor_take01.mp4,images/LE03_leaning_to_neighbor_take01/win_006_midframe_0181.jpg,correct,,
LE03_leaning_to_neighbor_take01.mp4,LE03_leaning_to_neighbor_take01,leaning_to_neighbor,A1,LE03,7,168,242,6.722689076,9.683873549,205,8.203281313,0,0,TRUE,TRUE,8,leaning_to_neighbor,suspicious,0.77027027,5.0020008,9.003601441,manual_clip,LE03_leaning_to_neighbor_take01,/home/sagemaker-user/exam_proctoring_dataset/02_clips/leaning_to_neighbor/LE03_leaning_to_neighbor_take01.mp4,images/LE03_leaning_to_neighbor_take01/win_007_midframe_0205.jpg,correct,,
LE03_leaning_to_neighbor_take02.mp4,LE03_leaning_to_neighbor_take02,leaning_to_neighbor,A2,LE03,0,0,74,0,2.961184474,37,1.480592237,2,2,TRUE,TRUE,8,normal,normal,0,4.00160064,9.003601441,manual_clip,LE03_leaning_to_neighbor_take02,/home/sagemaker-user/exam_proctoring_dataset/02_clips/leaning_to_neighbor/LE03_leaning_to_neighbor_take02.mp4,images/LE03_leaning_to_neighbor_take02/win_000_midframe_0037.jpg,correct,,
LE03_leaning_to_neighbor_take02.mp4,LE03_leaning_to_neighbor_take02,leaning_to_neighbor,A2,LE03,1,24,98,0.960384154,3.921568627,61,2.440976391,2,2,TRUE,TRUE,8,normal,normal,0,4.00160064,9.003601441,manual_clip,LE03_leaning_to_neighbor_take02,/home/sagemaker-user/exam_proctoring_dataset/02_clips/leaning_to_neighbor/LE03_leaning_to_neighbor_take02.mp4,images/LE03_leaning_to_neighbor_take02/win_001_midframe_0061.jpg,correct,,
LE03_leaning_to_neighbor_take02.mp4,LE03_leaning_to_neighbor_take02,leaning_to_neighbor,A2,LE03,2,48,122,1.920768307,4.881952781,85,3.401360544,2,2,TRUE,TRUE,8,normal,normal,0.297297297,4.00160064,9.003601441,manual_clip,LE03_leaning_to_neighbor_take02,/home/sagemaker-user/exam_proctoring_dataset/02_clips/leaning_to_neighbor/LE03_leaning_to_neighbor_take02.mp4,images/LE03_leaning_to_neighbor_take02/win_002_midframe_0085.jpg,correct,,
LE03_leaning_to_neighbor_take02.mp4,LE03_leaning_to_neighbor_take02,leaning_to_neighbor,A2,LE03,3,72,146,2.881152461,5.842336935,109,4.361744698,2,2,TRUE,TRUE,8,leaning_to_neighbor,suspicious,0.621621622,4.00160064,9.003601441,manual_clip,LE03_leaning_to_neighbor_take02,/home/sagemaker-user/exam_proctoring_dataset/02_clips/leaning_to_neighbor/LE03_leaning_to_neighbor_take02.mp4,images/LE03_leaning_to_neighbor_take02/win_003_midframe_0109.jpg,correct,,
LE03_leaning_to_neighbor_take02.mp4,LE03_leaning_to_neighbor_take02,leaning_to_neighbor,A2,LE03,4,96,170,3.841536615,6.802721088,133,5.322128852,2,2,TRUE,TRUE,8,leaning_to_neighbor,suspicious,0.945945946,4.00160064,9.003601441,manual_clip,LE03_leaning_to_neighbor_take02,/home/sagemaker-user/exam_proctoring_dataset/02_clips/leaning_to_neighbor/LE03_leaning_to_neighbor_take02.mp4,images/LE03_leaning_to_neighbor_take02/win_004_midframe_0133.jpg,correct,,
LE03_leaning_to_neighbor_take02.mp4,LE03_leaning_to_neighbor_take02,leaning_to_neighbor,A2,LE03,5,120,194,4.801920768,7.763105242,157,6.282513005,2,2,TRUE,TRUE,8,leaning_to_neighbor,suspicious,1,4.00160064,9.003601441,manual_clip,LE03_leaning_to_neighbor_take02,/home/sagemaker-user/exam_proctoring_dataset/02_clips/leaning_to_neighbor/LE03_leaning_to_neighbor_take02.mp4,images/LE03_leaning_to_neighbor_take02/win_005_midframe_0157.jpg,correct,,
LE03_leaning_to_neighbor_take02.mp4,LE03_leaning_to_neighbor_take02,leaning_to_neighbor,A2,LE03,6,144,218,5.762304922,8.723489396,181,7.242897159,2,2,TRUE,TRUE,8,leaning_to_neighbor,suspicious,1,4.00160064,9.003601441,manual_clip,LE03_leaning_to_neighbor_take02,/home/sagemaker-user/exam_proctoring_dataset/02_clips/leaning_to_neighbor/LE03_leaning_to_neighbor_take02.mp4,images/LE03_leaning_to_neighbor_take02/win_006_midframe_0181.jpg,correct,,
LE03_leaning_to_neighbor_take02.mp4,LE03_leaning_to_neighbor_take02,leaning_to_neighbor,A2,LE03,7,168,242,6.722689076,9.683873549,205,8.203281313,2,2,TRUE,TRUE,8,leaning_to_neighbor,suspicious,0.77027027,4.00160064,9.003601441,manual_clip,LE03_leaning_to_neighbor_take02,/home/sagemaker-user/exam_proctoring_dataset/02_clips/leaning_to_neighbor/LE03_leaning_to_neighbor_take02.mp4,images/LE03_leaning_to_neighbor_take02/win_007_midframe_0205.jpg,correct,,
LE03_leaning_to_neighbor_take03.mp4,LE03_leaning_to_neighbor_take03,leaning_to_neighbor,A3,LE03,0,0,74,0,2.961184474,37,1.480592237,4,4,TRUE,TRUE,8,normal,normal,0,4.00160064,9.003601441,manual_clip,LE03_leaning_to_neighbor_take03,/home/sagemaker-user/exam_proctoring_dataset/02_clips/leaning_to_neighbor/LE03_leaning_to_neighbor_take03.mp4,images/LE03_leaning_to_neighbor_take03/win_000_midframe_0037.jpg,correct,,
LE03_leaning_to_neighbor_take03.mp4,LE03_leaning_to_neighbor_take03,leaning_to_neighbor,A3,LE03,1,24,98,0.960384154,3.921568627,61,2.440976391,4,4,TRUE,TRUE,8,normal,normal,0,4.00160064,9.003601441,manual_clip,LE03_leaning_to_neighbor_take03,/home/sagemaker-user/exam_proctoring_dataset/02_clips/leaning_to_neighbor/LE03_leaning_to_neighbor_take03.mp4,images/LE03_leaning_to_neighbor_take03/win_001_midframe_0061.jpg,correct,,
LE03_leaning_to_neighbor_take03.mp4,LE03_leaning_to_neighbor_take03,leaning_to_neighbor,A3,LE03,2,48,122,1.920768307,4.881952781,85,3.401360544,4,4,TRUE,TRUE,8,normal,normal,0.297297297,4.00160064,9.003601441,manual_clip,LE03_leaning_to_neighbor_take03,/home/sagemaker-user/exam_proctoring_dataset/02_clips/leaning_to_neighbor/LE03_leaning_to_neighbor_take03.mp4,images/LE03_leaning_to_neighbor_take03/win_002_midframe_0085.jpg,correct,,
LE03_leaning_to_neighbor_take03.mp4,LE03_leaning_to_neighbor_take03,leaning_to_neighbor,A3,LE03,3,72,146,2.881152461,5.842336935,109,4.361744698,4,4,TRUE,TRUE,8,leaning_to_neighbor,suspicious,0.621621622,4.00160064,9.003601441,manual_clip,LE03_leaning_to_neighbor_take03,/home/sagemaker-user/exam_proctoring_dataset/02_clips/leaning_to_neighbor/LE03_leaning_to_neighbor_take03.mp4,images/LE03_leaning_to_neighbor_take03/win_003_midframe_0109.jpg,correct,,
LE03_leaning_to_neighbor_take03.mp4,LE03_leaning_to_neighbor_take03,leaning_to_neighbor,A3,LE03,4,96,170,3.841536615,6.802721088,133,5.322128852,4,4,TRUE,TRUE,8,leaning_to_neighbor,suspicious,0.945945946,4.00160064,9.003601441,manual_clip,LE03_leaning_to_neighbor_take03,/home/sagemaker-user/exam_proctoring_dataset/02_clips/leaning_to_neighbor/LE03_leaning_to_neighbor_take03.mp4,images/LE03_leaning_to_neighbor_take03/win_004_midframe_0133.jpg,correct,,
LE03_leaning_to_neighbor_take03.mp4,LE03_leaning_to_neighbor_take03,leaning_to_neighbor,A3,LE03,5,120,194,4.801920768,7.763105242,157,6.282513005,4,4,TRUE,TRUE,8,leaning_to_neighbor,suspicious,1,4.00160064,9.003601441,manual_clip,LE03_leaning_to_neighbor_take03,/home/sagemaker-user/exam_proctoring_dataset/02_clips/leaning_to_neighbor/LE03_leaning_to_neighbor_take03.mp4,images/LE03_leaning_to_neighbor_take03/win_005_midframe_0157.jpg,correct,,
LE03_leaning_to_neighbor_take03.mp4,LE03_leaning_to_neighbor_take03,leaning_to_neighbor,A3,LE03,6,144,218,5.762304922,8.723489396,181,7.242897159,4,4,TRUE,TRUE,8,leaning_to_neighbor,suspicious,1,4.00160064,9.003601441,manual_clip,LE03_leaning_to_neighbor_take03,/home/sagemaker-user/exam_proctoring_dataset/02_clips/leaning_to_neighbor/LE03_leaning_to_neighbor_take03.mp4,images/LE03_leaning_to_neighbor_take03/win_006_midframe_0181.jpg,correct,,
LE03_leaning_to_neighbor_take03.mp4,LE03_leaning_to_neighbor_take03,leaning_to_neighbor,A3,LE03,7,168,242,6.722689076,9.683873549,205,8.203281313,4,4,TRUE,TRUE,8,leaning_to_neighbor,suspicious,0.77027027,4.00160064,9.003601441,manual_clip,LE03_leaning_to_neighbor_take03,/home/sagemaker-user/exam_proctoring_dataset/02_clips/leaning_to_neighbor/LE03_leaning_to_neighbor_take03.mp4,images/LE03_leaning_to_neighbor_take03/win_007_midframe_0205.jpg,correct,,
LE03_leaning_to_neighbor_take04.mp4,LE03_leaning_to_neighbor_take04,leaning_to_neighbor,A4,LE03,0,0,74,0,2.961184474,37,1.480592237,6,6,TRUE,TRUE,8,normal,normal,0.324324324,2.00080032,8.003201281,manual_clip,LE03_leaning_to_neighbor_take04,/home/sagemaker-user/exam_proctoring_dataset/02_clips/leaning_to_neighbor/LE03_leaning_to_neighbor_take04.mp4,images/LE03_leaning_to_neighbor_take04/win_000_midframe_0037.jpg,correct,,
LE03_leaning_to_neighbor_take04.mp4,LE03_leaning_to_neighbor_take04,leaning_to_neighbor,A4,LE03,1,24,98,0.960384154,3.921568627,61,2.440976391,6,6,TRUE,TRUE,8,leaning_to_neighbor,suspicious,0.648648649,2.00080032,8.003201281,manual_clip,LE03_leaning_to_neighbor_take04,/home/sagemaker-user/exam_proctoring_dataset/02_clips/leaning_to_neighbor/LE03_leaning_to_neighbor_take04.mp4,images/LE03_leaning_to_neighbor_take04/win_001_midframe_0061.jpg,correct,,
LE03_leaning_to_neighbor_take04.mp4,LE03_leaning_to_neighbor_take04,leaning_to_neighbor,A4,LE03,2,48,122,1.920768307,4.881952781,85,3.401360544,6,6,TRUE,TRUE,8,leaning_to_neighbor,suspicious,0.972972973,2.00080032,8.003201281,manual_clip,LE03_leaning_to_neighbor_take04,/home/sagemaker-user/exam_proctoring_dataset/02_clips/leaning_to_neighbor/LE03_leaning_to_neighbor_take04.mp4,images/LE03_leaning_to_neighbor_take04/win_002_midframe_0085.jpg,correct,,
LE03_leaning_to_neighbor_take04.mp4,LE03_leaning_to_neighbor_take04,leaning_to_neighbor,A4,LE03,3,72,146,2.881152461,5.842336935,109,4.361744698,6,6,TRUE,TRUE,8,leaning_to_neighbor,suspicious,1,2.00080032,8.003201281,manual_clip,LE03_leaning_to_neighbor_take04,/home/sagemaker-user/exam_proctoring_dataset/02_clips/leaning_to_neighbor/LE03_leaning_to_neighbor_take04.mp4,images/LE03_leaning_to_neighbor_take04/win_003_midframe_0109.jpg,correct,,
LE03_leaning_to_neighbor_take04.mp4,LE03_leaning_to_neighbor_take04,leaning_to_neighbor,A4,LE03,4,96,170,3.841536615,6.802721088,133,5.322128852,6,6,TRUE,TRUE,8,leaning_to_neighbor,suspicious,1,2.00080032,8.003201281,manual_clip,LE03_leaning_to_neighbor_take04,/home/sagemaker-user/exam_proctoring_dataset/02_clips/leaning_to_neighbor/LE03_leaning_to_neighbor_take04.mp4,images/LE03_leaning_to_neighbor_take04/win_004_midframe_0133.jpg,correct,,
LE03_leaning_to_neighbor_take04.mp4,LE03_leaning_to_neighbor_take04,leaning_to_neighbor,A4,LE03,5,120,194,4.801920768,7.763105242,157,6.282513005,6,6,TRUE,TRUE,8,leaning_to_neighbor,suspicious,1,2.00080032,8.003201281,manual_clip,LE03_leaning_to_neighbor_take04,/home/sagemaker-user/exam_proctoring_dataset/02_clips/leaning_to_neighbor/LE03_leaning_to_neighbor_take04.mp4,images/LE03_leaning_to_neighbor_take04/win_005_midframe_0157.jpg,correct,,
LE03_leaning_to_neighbor_take04.mp4,LE03_leaning_to_neighbor_take04,leaning_to_neighbor,A4,LE03,6,144,218,5.762304922,8.723489396,181,7.242897159,6,6,TRUE,TRUE,8,leaning_to_neighbor,suspicious,0.756756757,2.00080032,8.003201281,manual_clip,LE03_leaning_to_neighbor_take04,/home/sagemaker-user/exam_proctoring_dataset/02_clips/leaning_to_neighbor/LE03_leaning_to_neighbor_take04.mp4,images/LE03_leaning_to_neighbor_take04/win_006_midframe_0181.jpg,correct,,
LE03_leaning_to_neighbor_take04.mp4,LE03_leaning_to_neighbor_take04,leaning_to_neighbor,A4,LE03,7,168,242,6.722689076,9.683873549,205,8.203281313,6,6,TRUE,TRUE,8,normal,normal,0.432432432,2.00080032,8.003201281,manual_clip,LE03_leaning_to_neighbor_take04,/home/sagemaker-user/exam_proctoring_dataset/02_clips/leaning_to_neighbor/LE03_leaning_to_neighbor_take04.mp4,images/LE03_leaning_to_neighbor_take04/win_007_midframe_0205.jpg,correct,,
LE03_leaning_to_neighbor_take05.mp4,LE03_leaning_to_neighbor_take05,leaning_to_neighbor,B1,LE03,0,0,74,0,2.961184474,37,1.480592237,1,1,TRUE,TRUE,8,normal,normal,0,4.00160064,9.003601441,manual_clip,LE03_leaning_to_neighbor_take05,/home/sagemaker-user/exam_proctoring_dataset/02_clips/leaning_to_neighbor/LE03_leaning_to_neighbor_take05.mp4,images/LE03_leaning_to_neighbor_take05/win_000_midframe_0037.jpg,correct,,
LE03_leaning_to_neighbor_take05.mp4,LE03_leaning_to_neighbor_take05,leaning_to_neighbor,B1,LE03,1,24,98,0.960384154,3.921568627,61,2.440976391,1,1,TRUE,TRUE,8,normal,normal,0,4.00160064,9.003601441,manual_clip,LE03_leaning_to_neighbor_take05,/home/sagemaker-user/exam_proctoring_dataset/02_clips/leaning_to_neighbor/LE03_leaning_to_neighbor_take05.mp4,images/LE03_leaning_to_neighbor_take05/win_001_midframe_0061.jpg,correct,,
LE03_leaning_to_neighbor_take05.mp4,LE03_leaning_to_neighbor_take05,leaning_to_neighbor,B1,LE03,2,48,122,1.920768307,4.881952781,85,3.401360544,1,1,TRUE,TRUE,8,normal,normal,0.297297297,4.00160064,9.003601441,manual_clip,LE03_leaning_to_neighbor_take05,/home/sagemaker-user/exam_proctoring_dataset/02_clips/leaning_to_neighbor/LE03_leaning_to_neighbor_take05.mp4,images/LE03_leaning_to_neighbor_take05/win_002_midframe_0085.jpg,correct,,
LE03_leaning_to_neighbor_take05.mp4,LE03_leaning_to_neighbor_take05,leaning_to_neighbor,B1,LE03,3,72,146,2.881152461,5.842336935,109,4.361744698,1,1,TRUE,TRUE,8,leaning_to_neighbor,suspicious,0.621621622,4.00160064,9.003601441,manual_clip,LE03_leaning_to_neighbor_take05,/home/sagemaker-user/exam_proctoring_dataset/02_clips/leaning_to_neighbor/LE03_leaning_to_neighbor_take05.mp4,images/LE03_leaning_to_neighbor_take05/win_003_midframe_0109.jpg,correct,,
LE03_leaning_to_neighbor_take05.mp4,LE03_leaning_to_neighbor_take05,leaning_to_neighbor,B1,LE03,4,96,170,3.841536615,6.802721088,133,5.322128852,1,1,TRUE,TRUE,8,leaning_to_neighbor,suspicious,0.945945946,4.00160064,9.003601441,manual_clip,LE03_leaning_to_neighbor_take05,/home/sagemaker-user/exam_proctoring_dataset/02_clips/leaning_to_neighbor/LE03_leaning_to_neighbor_take05.mp4,images/LE03_leaning_to_neighbor_take05/win_004_midframe_0133.jpg,correct,,
LE03_leaning_to_neighbor_take05.mp4,LE03_leaning_to_neighbor_take05,leaning_to_neighbor,B1,LE03,5,120,194,4.801920768,7.763105242,157,6.282513005,1,1,TRUE,TRUE,8,leaning_to_neighbor,suspicious,1,4.00160064,9.003601441,manual_clip,LE03_leaning_to_neighbor_take05,/home/sagemaker-user/exam_proctoring_dataset/02_clips/leaning_to_neighbor/LE03_leaning_to_neighbor_take05.mp4,images/LE03_leaning_to_neighbor_take05/win_005_midframe_0157.jpg,correct,,
LE03_leaning_to_neighbor_take05.mp4,LE03_leaning_to_neighbor_take05,leaning_to_neighbor,B1,LE03,6,144,218,5.762304922,8.723489396,181,7.242897159,1,1,TRUE,TRUE,8,leaning_to_neighbor,suspicious,1,4.00160064,9.003601441,manual_clip,LE03_leaning_to_neighbor_take05,/home/sagemaker-user/exam_proctoring_dataset/02_clips/leaning_to_neighbor/LE03_leaning_to_neighbor_take05.mp4,images/LE03_leaning_to_neighbor_take05/win_006_midframe_0181.jpg,correct,,
LE03_leaning_to_neighbor_take05.mp4,LE03_leaning_to_neighbor_take05,leaning_to_neighbor,B1,LE03,7,168,242,6.722689076,9.683873549,205,8.203281313,1,1,TRUE,TRUE,8,leaning_to_neighbor,suspicious,0.77027027,4.00160064,9.003601441,manual_clip,LE03_leaning_to_neighbor_take05,/home/sagemaker-user/exam_proctoring_dataset/02_clips/leaning_to_neighbor/LE03_leaning_to_neighbor_take05.mp4,images/LE03_leaning_to_neighbor_take05/win_007_midframe_0205.jpg,correct,,
LE03_leaning_to_neighbor_take06.mp4,LE03_leaning_to_neighbor_take06,leaning_to_neighbor,B2,LE03,0,0,74,0,2.961184474,37,1.480592237,3,3,TRUE,TRUE,8,normal,normal,0,4.00160064,9.003601441,manual_clip,LE03_leaning_to_neighbor_take06,/home/sagemaker-user/exam_proctoring_dataset/02_clips/leaning_to_neighbor/LE03_leaning_to_neighbor_take06.mp4,images/LE03_leaning_to_neighbor_take06/win_000_midframe_0037.jpg,correct,,
LE03_leaning_to_neighbor_take06.mp4,LE03_leaning_to_neighbor_take06,leaning_to_neighbor,B2,LE03,1,24,98,0.960384154,3.921568627,61,2.440976391,3,3,TRUE,TRUE,8,normal,normal,0,4.00160064,9.003601441,manual_clip,LE03_leaning_to_neighbor_take06,/home/sagemaker-user/exam_proctoring_dataset/02_clips/leaning_to_neighbor/LE03_leaning_to_neighbor_take06.mp4,images/LE03_leaning_to_neighbor_take06/win_001_midframe_0061.jpg,correct,,
LE03_leaning_to_neighbor_take06.mp4,LE03_leaning_to_neighbor_take06,leaning_to_neighbor,B2,LE03,2,48,122,1.920768307,4.881952781,85,3.401360544,3,3,TRUE,TRUE,8,normal,normal,0.297297297,4.00160064,9.003601441,manual_clip,LE03_leaning_to_neighbor_take06,/home/sagemaker-user/exam_proctoring_dataset/02_clips/leaning_to_neighbor/LE03_leaning_to_neighbor_take06.mp4,images/LE03_leaning_to_neighbor_take06/win_002_midframe_0085.jpg,correct,,
LE03_leaning_to_neighbor_take06.mp4,LE03_leaning_to_neighbor_take06,leaning_to_neighbor,B2,LE03,3,72,146,2.881152461,5.842336935,109,4.361744698,3,3,TRUE,TRUE,8,leaning_to_neighbor,suspicious,0.621621622,4.00160064,9.003601441,manual_clip,LE03_leaning_to_neighbor_take06,/home/sagemaker-user/exam_proctoring_dataset/02_clips/leaning_to_neighbor/LE03_leaning_to_neighbor_take06.mp4,images/LE03_leaning_to_neighbor_take06/win_003_midframe_0109.jpg,correct,,
LE03_leaning_to_neighbor_take06.mp4,LE03_leaning_to_neighbor_take06,leaning_to_neighbor,B2,LE03,4,96,170,3.841536615,6.802721088,133,5.322128852,3,3,TRUE,TRUE,8,leaning_to_neighbor,suspicious,0.945945946,4.00160064,9.003601441,manual_clip,LE03_leaning_to_neighbor_take06,/home/sagemaker-user/exam_proctoring_dataset/02_clips/leaning_to_neighbor/LE03_leaning_to_neighbor_take06.mp4,images/LE03_leaning_to_neighbor_take06/win_004_midframe_0133.jpg,correct,,
LE03_leaning_to_neighbor_take06.mp4,LE03_leaning_to_neighbor_take06,leaning_to_neighbor,B2,LE03,5,120,194,4.801920768,7.763105242,157,6.282513005,3,3,TRUE,TRUE,8,leaning_to_neighbor,suspicious,1,4.00160064,9.003601441,manual_clip,LE03_leaning_to_neighbor_take06,/home/sagemaker-user/exam_proctoring_dataset/02_clips/leaning_to_neighbor/LE03_leaning_to_neighbor_take06.mp4,images/LE03_leaning_to_neighbor_take06/win_005_midframe_0157.jpg,correct,,
LE03_leaning_to_neighbor_take06.mp4,LE03_leaning_to_neighbor_take06,leaning_to_neighbor,B2,LE03,6,144,218,5.762304922,8.723489396,181,7.242897159,3,3,TRUE,TRUE,8,leaning_to_neighbor,suspicious,1,4.00160064,9.003601441,manual_clip,LE03_leaning_to_neighbor_take06,/home/sagemaker-user/exam_proctoring_dataset/02_clips/leaning_to_neighbor/LE03_leaning_to_neighbor_take06.mp4,images/LE03_leaning_to_neighbor_take06/win_006_midframe_0181.jpg,correct,,
LE03_leaning_to_neighbor_take06.mp4,LE03_leaning_to_neighbor_take06,leaning_to_neighbor,B2,LE03,7,168,242,6.722689076,9.683873549,205,8.203281313,3,3,TRUE,TRUE,8,leaning_to_neighbor,suspicious,0.77027027,4.00160064,9.003601441,manual_clip,LE03_leaning_to_neighbor_take06,/home/sagemaker-user/exam_proctoring_dataset/02_clips/leaning_to_neighbor/LE03_leaning_to_neighbor_take06.mp4,images/LE03_leaning_to_neighbor_take06/win_007_midframe_0205.jpg,correct,,
LE03_leaning_to_neighbor_take07.mp4,LE03_leaning_to_neighbor_take07,leaning_to_neighbor,B3,LE03,0,0,74,0,2.961184474,37,1.480592237,5,5,TRUE,TRUE,8,normal,normal,0,4.00160064,9.003601441,manual_clip,LE03_leaning_to_neighbor_take07,/home/sagemaker-user/exam_proctoring_dataset/02_clips/leaning_to_neighbor/LE03_leaning_to_neighbor_take07.mp4,images/LE03_leaning_to_neighbor_take07/win_000_midframe_0037.jpg,correct,,
LE03_leaning_to_neighbor_take07.mp4,LE03_leaning_to_neighbor_take07,leaning_to_neighbor,B3,LE03,1,24,98,0.960384154,3.921568627,61,2.440976391,5,5,TRUE,TRUE,8,normal,normal,0,4.00160064,9.003601441,manual_clip,LE03_leaning_to_neighbor_take07,/home/sagemaker-user/exam_proctoring_dataset/02_clips/leaning_to_neighbor/LE03_leaning_to_neighbor_take07.mp4,images/LE03_leaning_to_neighbor_take07/win_001_midframe_0061.jpg,correct,,
LE03_leaning_to_neighbor_take07.mp4,LE03_leaning_to_neighbor_take07,leaning_to_neighbor,B3,LE03,2,48,122,1.920768307,4.881952781,85,3.401360544,5,5,TRUE,TRUE,8,normal,normal,0.297297297,4.00160064,9.003601441,manual_clip,LE03_leaning_to_neighbor_take07,/home/sagemaker-user/exam_proctoring_dataset/02_clips/leaning_to_neighbor/LE03_leaning_to_neighbor_take07.mp4,images/LE03_leaning_to_neighbor_take07/win_002_midframe_0085.jpg,correct,,
LE03_leaning_to_neighbor_take07.mp4,LE03_leaning_to_neighbor_take07,leaning_to_neighbor,B3,LE03,3,72,146,2.881152461,5.842336935,109,4.361744698,5,5,TRUE,TRUE,8,leaning_to_neighbor,suspicious,0.621621622,4.00160064,9.003601441,manual_clip,LE03_leaning_to_neighbor_take07,/home/sagemaker-user/exam_proctoring_dataset/02_clips/leaning_to_neighbor/LE03_leaning_to_neighbor_take07.mp4,images/LE03_leaning_to_neighbor_take07/win_003_midframe_0109.jpg,correct,,
LE03_leaning_to_neighbor_take07.mp4,LE03_leaning_to_neighbor_take07,leaning_to_neighbor,B3,LE03,4,96,170,3.841536615,6.802721088,133,5.322128852,5,5,TRUE,TRUE,8,leaning_to_neighbor,suspicious,0.945945946,4.00160064,9.003601441,manual_clip,LE03_leaning_to_neighbor_take07,/home/sagemaker-user/exam_proctoring_dataset/02_clips/leaning_to_neighbor/LE03_leaning_to_neighbor_take07.mp4,images/LE03_leaning_to_neighbor_take07/win_004_midframe_0133.jpg,correct,,
LE03_leaning_to_neighbor_take07.mp4,LE03_leaning_to_neighbor_take07,leaning_to_neighbor,B3,LE03,5,120,194,4.801920768,7.763105242,157,6.282513005,5,5,TRUE,TRUE,8,leaning_to_neighbor,suspicious,1,4.00160064,9.003601441,manual_clip,LE03_leaning_to_neighbor_take07,/home/sagemaker-user/exam_proctoring_dataset/02_clips/leaning_to_neighbor/LE03_leaning_to_neighbor_take07.mp4,images/LE03_leaning_to_neighbor_take07/win_005_midframe_0157.jpg,correct,,
LE03_leaning_to_neighbor_take07.mp4,LE03_leaning_to_neighbor_take07,leaning_to_neighbor,B3,LE03,6,144,218,5.762304922,8.723489396,181,7.242897159,5,5,TRUE,TRUE,8,leaning_to_neighbor,suspicious,1,4.00160064,9.003601441,manual_clip,LE03_leaning_to_neighbor_take07,/home/sagemaker-user/exam_proctoring_dataset/02_clips/leaning_to_neighbor/LE03_leaning_to_neighbor_take07.mp4,images/LE03_leaning_to_neighbor_take07/win_006_midframe_0181.jpg,correct,,
LE03_leaning_to_neighbor_take07.mp4,LE03_leaning_to_neighbor_take07,leaning_to_neighbor,B3,LE03,7,168,242,6.722689076,9.683873549,205,8.203281313,5,6,FALSE,TRUE,7,leaning_to_neighbor,suspicious,0.77027027,4.00160064,9.003601441,manual_clip,LE03_leaning_to_neighbor_take07,/home/sagemaker-user/exam_proctoring_dataset/02_clips/leaning_to_neighbor/LE03_leaning_to_neighbor_take07.mp4,images/LE03_leaning_to_neighbor_take07/win_007_midframe_0205.jpg,exclude,,mismatch
LE03_leaning_to_neighbor_take08.mp4,LE03_leaning_to_neighbor_take08,leaning_to_neighbor,B4,LE03,0,0,74,0,2.961184474,37,1.480592237,7,7,TRUE,TRUE,8,normal,normal,0,3.00120048,9.003601441,manual_clip,LE03_leaning_to_neighbor_take08,/home/sagemaker-user/exam_proctoring_dataset/02_clips/leaning_to_neighbor/LE03_leaning_to_neighbor_take08.mp4,images/LE03_leaning_to_neighbor_take08/win_000_midframe_0037.jpg,correct,,
LE03_leaning_to_neighbor_take08.mp4,LE03_leaning_to_neighbor_take08,leaning_to_neighbor,B4,LE03,1,24,98,0.960384154,3.921568627,61,2.440976391,7,7,TRUE,TRUE,8,normal,normal,0.310810811,3.00120048,9.003601441,manual_clip,LE03_leaning_to_neighbor_take08,/home/sagemaker-user/exam_proctoring_dataset/02_clips/leaning_to_neighbor/LE03_leaning_to_neighbor_take08.mp4,images/LE03_leaning_to_neighbor_take08/win_001_midframe_0061.jpg,correct,,
LE03_leaning_to_neighbor_take08.mp4,LE03_leaning_to_neighbor_take08,leaning_to_neighbor,B4,LE03,2,48,122,1.920768307,4.881952781,85,3.401360544,7,7,TRUE,TRUE,8,leaning_to_neighbor,suspicious,0.635135135,3.00120048,9.003601441,manual_clip,LE03_leaning_to_neighbor_take08,/home/sagemaker-user/exam_proctoring_dataset/02_clips/leaning_to_neighbor/LE03_leaning_to_neighbor_take08.mp4,images/LE03_leaning_to_neighbor_take08/win_002_midframe_0085.jpg,correct,,
LE03_leaning_to_neighbor_take08.mp4,LE03_leaning_to_neighbor_take08,leaning_to_neighbor,B4,LE03,3,72,146,2.881152461,5.842336935,109,4.361744698,7,7,TRUE,TRUE,8,leaning_to_neighbor,suspicious,0.959459459,3.00120048,9.003601441,manual_clip,LE03_leaning_to_neighbor_take08,/home/sagemaker-user/exam_proctoring_dataset/02_clips/leaning_to_neighbor/LE03_leaning_to_neighbor_take08.mp4,images/LE03_leaning_to_neighbor_take08/win_003_midframe_0109.jpg,correct,,
LE03_leaning_to_neighbor_take08.mp4,LE03_leaning_to_neighbor_take08,leaning_to_neighbor,B4,LE03,4,96,170,3.841536615,6.802721088,133,5.322128852,7,7,TRUE,TRUE,8,leaning_to_neighbor,suspicious,1,3.00120048,9.003601441,manual_clip,LE03_leaning_to_neighbor_take08,/home/sagemaker-user/exam_proctoring_dataset/02_clips/leaning_to_neighbor/LE03_leaning_to_neighbor_take08.mp4,images/LE03_leaning_to_neighbor_take08/win_004_midframe_0133.jpg,correct,,
LE03_leaning_to_neighbor_take08.mp4,LE03_leaning_to_neighbor_take08,leaning_to_neighbor,B4,LE03,5,120,194,4.801920768,7.763105242,157,6.282513005,7,7,TRUE,TRUE,8,leaning_to_neighbor,suspicious,1,3.00120048,9.003601441,manual_clip,LE03_leaning_to_neighbor_take08,/home/sagemaker-user/exam_proctoring_dataset/02_clips/leaning_to_neighbor/LE03_leaning_to_neighbor_take08.mp4,images/LE03_leaning_to_neighbor_take08/win_005_midframe_0157.jpg,correct,,
LE03_leaning_to_neighbor_take08.mp4,LE03_leaning_to_neighbor_take08,leaning_to_neighbor,B4,LE03,6,144,218,5.762304922,8.723489396,181,7.242897159,7,7,TRUE,TRUE,8,leaning_to_neighbor,suspicious,1,3.00120048,9.003601441,manual_clip,LE03_leaning_to_neighbor_take08,/home/sagemaker-user/exam_proctoring_dataset/02_clips/leaning_to_neighbor/LE03_leaning_to_neighbor_take08.mp4,images/LE03_leaning_to_neighbor_take08/win_006_midframe_0181.jpg,correct,,
LE03_leaning_to_neighbor_take08.mp4,LE03_leaning_to_neighbor_take08,leaning_to_neighbor,B4,LE03,7,168,242,6.722689076,9.683873549,205,8.203281313,7,7,TRUE,TRUE,8,leaning_to_neighbor,suspicious,0.77027027,3.00120048,9.003601441,manual_clip,LE03_leaning_to_neighbor_take08,/home/sagemaker-user/exam_proctoring_dataset/02_clips/leaning_to_neighbor/LE03_leaning_to_neighbor_take08.mp4,images/LE03_leaning_to_neighbor_take08/win_007_midframe_0205.jpg,correct,,
LE04_leaning_to_neighbor_take01.mp4,LE04_leaning_to_neighbor_take01,leaning_to_neighbor,A1,LE04,0,0,74,0,2.960592118,37,1.480296059,0,0,TRUE,TRUE,8,normal,normal,0,4.00080016,9.00180036,manual_clip,LE04_leaning_to_neighbor_take01,/home/sagemaker-user/exam_proctoring_dataset/02_clips/leaning_to_neighbor/LE04_leaning_to_neighbor_take01.mp4,images/LE04_leaning_to_neighbor_take01/win_000_midframe_0037.jpg,correct,,
LE04_leaning_to_neighbor_take01.mp4,LE04_leaning_to_neighbor_take01,leaning_to_neighbor,A1,LE04,1,24,98,0.960192038,3.920784157,61,2.440488098,0,0,TRUE,TRUE,8,normal,normal,0,4.00080016,9.00180036,manual_clip,LE04_leaning_to_neighbor_take01,/home/sagemaker-user/exam_proctoring_dataset/02_clips/leaning_to_neighbor/LE04_leaning_to_neighbor_take01.mp4,images/LE04_leaning_to_neighbor_take01/win_001_midframe_0061.jpg,correct,,
LE04_leaning_to_neighbor_take01.mp4,LE04_leaning_to_neighbor_take01,leaning_to_neighbor,A1,LE04,2,48,122,1.920384077,4.880976195,85,3.400680136,0,0,TRUE,TRUE,8,normal,normal,0.297297297,4.00080016,9.00180036,manual_clip,LE04_leaning_to_neighbor_take01,/home/sagemaker-user/exam_proctoring_dataset/02_clips/leaning_to_neighbor/LE04_leaning_to_neighbor_take01.mp4,images/LE04_leaning_to_neighbor_take01/win_002_midframe_0085.jpg,correct,,
LE04_leaning_to_neighbor_take01.mp4,LE04_leaning_to_neighbor_take01,leaning_to_neighbor,A1,LE04,3,72,146,2.880576115,5.841168234,109,4.360872174,0,0,TRUE,TRUE,8,leaning_to_neighbor,suspicious,0.621621622,4.00080016,9.00180036,manual_clip,LE04_leaning_to_neighbor_take01,/home/sagemaker-user/exam_proctoring_dataset/02_clips/leaning_to_neighbor/LE04_leaning_to_neighbor_take01.mp4,images/LE04_leaning_to_neighbor_take01/win_003_midframe_0109.jpg,correct,,
LE04_leaning_to_neighbor_take01.mp4,LE04_leaning_to_neighbor_take01,leaning_to_neighbor,A1,LE04,4,96,170,3.840768154,6.801360272,133,5.321064213,0,0,TRUE,TRUE,8,leaning_to_neighbor,suspicious,0.945945946,4.00080016,9.00180036,manual_clip,LE04_leaning_to_neighbor_take01,/home/sagemaker-user/exam_proctoring_dataset/02_clips/leaning_to_neighbor/LE04_leaning_to_neighbor_take01.mp4,images/LE04_leaning_to_neighbor_take01/win_004_midframe_0133.jpg,correct,,
LE04_leaning_to_neighbor_take01.mp4,LE04_leaning_to_neighbor_take01,leaning_to_neighbor,A1,LE04,5,120,194,4.800960192,7.76155231,157,6.281256251,0,0,TRUE,TRUE,8,leaning_to_neighbor,suspicious,1,4.00080016,9.00180036,manual_clip,LE04_leaning_to_neighbor_take01,/home/sagemaker-user/exam_proctoring_dataset/02_clips/leaning_to_neighbor/LE04_leaning_to_neighbor_take01.mp4,images/LE04_leaning_to_neighbor_take01/win_005_midframe_0157.jpg,correct,,
LE04_leaning_to_neighbor_take01.mp4,LE04_leaning_to_neighbor_take01,leaning_to_neighbor,A1,LE04,6,144,218,5.76115223,8.721744349,181,7.24144829,0,0,TRUE,TRUE,8,leaning_to_neighbor,suspicious,1,4.00080016,9.00180036,manual_clip,LE04_leaning_to_neighbor_take01,/home/sagemaker-user/exam_proctoring_dataset/02_clips/leaning_to_neighbor/LE04_leaning_to_neighbor_take01.mp4,images/LE04_leaning_to_neighbor_take01/win_006_midframe_0181.jpg,correct,,
LE04_leaning_to_neighbor_take01.mp4,LE04_leaning_to_neighbor_take01,leaning_to_neighbor,A1,LE04,7,168,242,6.721344269,9.681936387,205,8.201640328,0,0,TRUE,TRUE,8,leaning_to_neighbor,suspicious,0.77027027,4.00080016,9.00180036,manual_clip,LE04_leaning_to_neighbor_take01,/home/sagemaker-user/exam_proctoring_dataset/02_clips/leaning_to_neighbor/LE04_leaning_to_neighbor_take01.mp4,images/LE04_leaning_to_neighbor_take01/win_007_midframe_0205.jpg,correct,,
LE04_leaning_to_neighbor_take02.mp4,LE04_leaning_to_neighbor_take02,leaning_to_neighbor,A2,LE04,0,0,74,0,2.960592118,37,1.480296059,1,2,FALSE,TRUE,7,normal,normal,0,4.00080016,9.00180036,manual_clip,LE04_leaning_to_neighbor_take02,/home/sagemaker-user/exam_proctoring_dataset/02_clips/leaning_to_neighbor/LE04_leaning_to_neighbor_take02.mp4,images/LE04_leaning_to_neighbor_take02/win_000_midframe_0037.jpg,exclude,,mismatch
LE04_leaning_to_neighbor_take02.mp4,LE04_leaning_to_neighbor_take02,leaning_to_neighbor,A2,LE04,1,24,98,0.960192038,3.920784157,61,2.440488098,1,2,FALSE,TRUE,8,normal,normal,0,4.00080016,9.00180036,manual_clip,LE04_leaning_to_neighbor_take02,/home/sagemaker-user/exam_proctoring_dataset/02_clips/leaning_to_neighbor/LE04_leaning_to_neighbor_take02.mp4,images/LE04_leaning_to_neighbor_take02/win_001_midframe_0061.jpg,exclude,,mismatch
LE04_leaning_to_neighbor_take02.mp4,LE04_leaning_to_neighbor_take02,leaning_to_neighbor,A2,LE04,2,48,122,1.920384077,4.880976195,85,3.400680136,1,2,FALSE,TRUE,8,normal,normal,0.297297297,4.00080016,9.00180036,manual_clip,LE04_leaning_to_neighbor_take02,/home/sagemaker-user/exam_proctoring_dataset/02_clips/leaning_to_neighbor/LE04_leaning_to_neighbor_take02.mp4,images/LE04_leaning_to_neighbor_take02/win_002_midframe_0085.jpg,exclude,,mismatch
LE04_leaning_to_neighbor_take02.mp4,LE04_leaning_to_neighbor_take02,leaning_to_neighbor,A2,LE04,3,72,146,2.880576115,5.841168234,109,4.360872174,1,1,TRUE,TRUE,7,leaning_to_neighbor,suspicious,0.621621622,4.00080016,9.00180036,manual_clip,LE04_leaning_to_neighbor_take02,/home/sagemaker-user/exam_proctoring_dataset/02_clips/leaning_to_neighbor/LE04_leaning_to_neighbor_take02.mp4,images/LE04_leaning_to_neighbor_take02/win_003_midframe_0109.jpg,correct,,
LE04_leaning_to_neighbor_take02.mp4,LE04_leaning_to_neighbor_take02,leaning_to_neighbor,A2,LE04,4,96,170,3.840768154,6.801360272,133,5.321064213,1,1,TRUE,TRUE,7,leaning_to_neighbor,suspicious,0.945945946,4.00080016,9.00180036,manual_clip,LE04_leaning_to_neighbor_take02,/home/sagemaker-user/exam_proctoring_dataset/02_clips/leaning_to_neighbor/LE04_leaning_to_neighbor_take02.mp4,images/LE04_leaning_to_neighbor_take02/win_004_midframe_0133.jpg,correct,,
LE04_leaning_to_neighbor_take02.mp4,LE04_leaning_to_neighbor_take02,leaning_to_neighbor,A2,LE04,5,120,194,4.800960192,7.76155231,157,6.281256251,1,1,TRUE,TRUE,7,leaning_to_neighbor,suspicious,1,4.00080016,9.00180036,manual_clip,LE04_leaning_to_neighbor_take02,/home/sagemaker-user/exam_proctoring_dataset/02_clips/leaning_to_neighbor/LE04_leaning_to_neighbor_take02.mp4,images/LE04_leaning_to_neighbor_take02/win_005_midframe_0157.jpg,correct,,
LE04_leaning_to_neighbor_take02.mp4,LE04_leaning_to_neighbor_take02,leaning_to_neighbor,A2,LE04,6,144,218,5.76115223,8.721744349,181,7.24144829,1,1,TRUE,TRUE,7,leaning_to_neighbor,suspicious,1,4.00080016,9.00180036,manual_clip,LE04_leaning_to_neighbor_take02,/home/sagemaker-user/exam_proctoring_dataset/02_clips/leaning_to_neighbor/LE04_leaning_to_neighbor_take02.mp4,images/LE04_leaning_to_neighbor_take02/win_006_midframe_0181.jpg,correct,,
LE04_leaning_to_neighbor_take02.mp4,LE04_leaning_to_neighbor_take02,leaning_to_neighbor,A2,LE04,7,168,242,6.721344269,9.681936387,205,8.201640328,1,1,TRUE,TRUE,7,leaning_to_neighbor,suspicious,0.77027027,4.00080016,9.00180036,manual_clip,LE04_leaning_to_neighbor_take02,/home/sagemaker-user/exam_proctoring_dataset/02_clips/leaning_to_neighbor/LE04_leaning_to_neighbor_take02.mp4,images/LE04_leaning_to_neighbor_take02/win_007_midframe_0205.jpg,correct,,
LE04_leaning_to_neighbor_take03.mp4,LE04_leaning_to_neighbor_take03,leaning_to_neighbor,A3,LE04,0,0,74,0,2.960592118,37,1.480296059,4,4,TRUE,TRUE,8,normal,normal,0,4.00080016,9.00180036,manual_clip,LE04_leaning_to_neighbor_take03,/home/sagemaker-user/exam_proctoring_dataset/02_clips/leaning_to_neighbor/LE04_leaning_to_neighbor_take03.mp4,images/LE04_leaning_to_neighbor_take03/win_000_midframe_0037.jpg,correct,,
LE04_leaning_to_neighbor_take03.mp4,LE04_leaning_to_neighbor_take03,leaning_to_neighbor,A3,LE04,1,24,98,0.960192038,3.920784157,61,2.440488098,4,4,TRUE,TRUE,8,normal,normal,0,4.00080016,9.00180036,manual_clip,LE04_leaning_to_neighbor_take03,/home/sagemaker-user/exam_proctoring_dataset/02_clips/leaning_to_neighbor/LE04_leaning_to_neighbor_take03.mp4,images/LE04_leaning_to_neighbor_take03/win_001_midframe_0061.jpg,correct,,
LE04_leaning_to_neighbor_take03.mp4,LE04_leaning_to_neighbor_take03,leaning_to_neighbor,A3,LE04,2,48,122,1.920384077,4.880976195,85,3.400680136,4,4,TRUE,TRUE,8,normal,normal,0.297297297,4.00080016,9.00180036,manual_clip,LE04_leaning_to_neighbor_take03,/home/sagemaker-user/exam_proctoring_dataset/02_clips/leaning_to_neighbor/LE04_leaning_to_neighbor_take03.mp4,images/LE04_leaning_to_neighbor_take03/win_002_midframe_0085.jpg,correct,,
LE04_leaning_to_neighbor_take03.mp4,LE04_leaning_to_neighbor_take03,leaning_to_neighbor,A3,LE04,3,72,146,2.880576115,5.841168234,109,4.360872174,4,4,TRUE,TRUE,8,leaning_to_neighbor,suspicious,0.621621622,4.00080016,9.00180036,manual_clip,LE04_leaning_to_neighbor_take03,/home/sagemaker-user/exam_proctoring_dataset/02_clips/leaning_to_neighbor/LE04_leaning_to_neighbor_take03.mp4,images/LE04_leaning_to_neighbor_take03/win_003_midframe_0109.jpg,correct,,
LE04_leaning_to_neighbor_take03.mp4,LE04_leaning_to_neighbor_take03,leaning_to_neighbor,A3,LE04,4,96,170,3.840768154,6.801360272,133,5.321064213,4,4,TRUE,TRUE,8,leaning_to_neighbor,suspicious,0.945945946,4.00080016,9.00180036,manual_clip,LE04_leaning_to_neighbor_take03,/home/sagemaker-user/exam_proctoring_dataset/02_clips/leaning_to_neighbor/LE04_leaning_to_neighbor_take03.mp4,images/LE04_leaning_to_neighbor_take03/win_004_midframe_0133.jpg,correct,,
LE04_leaning_to_neighbor_take03.mp4,LE04_leaning_to_neighbor_take03,leaning_to_neighbor,A3,LE04,5,120,194,4.800960192,7.76155231,157,6.281256251,4,4,TRUE,TRUE,8,leaning_to_neighbor,suspicious,1,4.00080016,9.00180036,manual_clip,LE04_leaning_to_neighbor_take03,/home/sagemaker-user/exam_proctoring_dataset/02_clips/leaning_to_neighbor/LE04_leaning_to_neighbor_take03.mp4,images/LE04_leaning_to_neighbor_take03/win_005_midframe_0157.jpg,correct,,
LE04_leaning_to_neighbor_take03.mp4,LE04_leaning_to_neighbor_take03,leaning_to_neighbor,A3,LE04,6,144,218,5.76115223,8.721744349,181,7.24144829,4,4,TRUE,TRUE,8,leaning_to_neighbor,suspicious,1,4.00080016,9.00180036,manual_clip,LE04_leaning_to_neighbor_take03,/home/sagemaker-user/exam_proctoring_dataset/02_clips/leaning_to_neighbor/LE04_leaning_to_neighbor_take03.mp4,images/LE04_leaning_to_neighbor_take03/win_006_midframe_0181.jpg,correct,,
LE04_leaning_to_neighbor_take03.mp4,LE04_leaning_to_neighbor_take03,leaning_to_neighbor,A3,LE04,7,168,242,6.721344269,9.681936387,205,8.201640328,4,4,TRUE,TRUE,8,leaning_to_neighbor,suspicious,0.77027027,4.00080016,9.00180036,manual_clip,LE04_leaning_to_neighbor_take03,/home/sagemaker-user/exam_proctoring_dataset/02_clips/leaning_to_neighbor/LE04_leaning_to_neighbor_take03.mp4,images/LE04_leaning_to_neighbor_take03/win_007_midframe_0205.jpg,correct,,
LE04_leaning_to_neighbor_take04.mp4,LE04_leaning_to_neighbor_take04,leaning_to_neighbor,A4,LE04,0,0,74,0,2.960592118,37,1.480296059,6,6,TRUE,TRUE,8,normal,normal,0,4.00080016,8.00160032,manual_clip,LE04_leaning_to_neighbor_take04,/home/sagemaker-user/exam_proctoring_dataset/02_clips/leaning_to_neighbor/LE04_leaning_to_neighbor_take04.mp4,images/LE04_leaning_to_neighbor_take04/win_000_midframe_0037.jpg,correct,,
LE04_leaning_to_neighbor_take04.mp4,LE04_leaning_to_neighbor_take04,leaning_to_neighbor,A4,LE04,1,24,98,0.960192038,3.920784157,61,2.440488098,6,6,TRUE,TRUE,8,normal,normal,0,4.00080016,8.00160032,manual_clip,LE04_leaning_to_neighbor_take04,/home/sagemaker-user/exam_proctoring_dataset/02_clips/leaning_to_neighbor/LE04_leaning_to_neighbor_take04.mp4,images/LE04_leaning_to_neighbor_take04/win_001_midframe_0061.jpg,correct,,
LE04_leaning_to_neighbor_take04.mp4,LE04_leaning_to_neighbor_take04,leaning_to_neighbor,A4,LE04,2,48,122,1.920384077,4.880976195,85,3.400680136,6,6,TRUE,TRUE,8,normal,normal,0.297297297,4.00080016,8.00160032,manual_clip,LE04_leaning_to_neighbor_take04,/home/sagemaker-user/exam_proctoring_dataset/02_clips/leaning_to_neighbor/LE04_leaning_to_neighbor_take04.mp4,images/LE04_leaning_to_neighbor_take04/win_002_midframe_0085.jpg,correct,,
LE04_leaning_to_neighbor_take04.mp4,LE04_leaning_to_neighbor_take04,leaning_to_neighbor,A4,LE04,3,72,146,2.880576115,5.841168234,109,4.360872174,6,6,TRUE,TRUE,8,leaning_to_neighbor,suspicious,0.621621622,4.00080016,8.00160032,manual_clip,LE04_leaning_to_neighbor_take04,/home/sagemaker-user/exam_proctoring_dataset/02_clips/leaning_to_neighbor/LE04_leaning_to_neighbor_take04.mp4,images/LE04_leaning_to_neighbor_take04/win_003_midframe_0109.jpg,correct,,
LE04_leaning_to_neighbor_take04.mp4,LE04_leaning_to_neighbor_take04,leaning_to_neighbor,A4,LE04,4,96,170,3.840768154,6.801360272,133,5.321064213,6,6,TRUE,TRUE,8,leaning_to_neighbor,suspicious,0.945945946,4.00080016,8.00160032,manual_clip,LE04_leaning_to_neighbor_take04,/home/sagemaker-user/exam_proctoring_dataset/02_clips/leaning_to_neighbor/LE04_leaning_to_neighbor_take04.mp4,images/LE04_leaning_to_neighbor_take04/win_004_midframe_0133.jpg,correct,,
LE04_leaning_to_neighbor_take04.mp4,LE04_leaning_to_neighbor_take04,leaning_to_neighbor,A4,LE04,5,120,194,4.800960192,7.76155231,157,6.281256251,6,6,TRUE,TRUE,8,leaning_to_neighbor,suspicious,1,4.00080016,8.00160032,manual_clip,LE04_leaning_to_neighbor_take04,/home/sagemaker-user/exam_proctoring_dataset/02_clips/leaning_to_neighbor/LE04_leaning_to_neighbor_take04.mp4,images/LE04_leaning_to_neighbor_take04/win_005_midframe_0157.jpg,correct,,
LE04_leaning_to_neighbor_take04.mp4,LE04_leaning_to_neighbor_take04,leaning_to_neighbor,A4,LE04,6,144,218,5.76115223,8.721744349,181,7.24144829,6,6,TRUE,TRUE,8,leaning_to_neighbor,suspicious,0.756756757,4.00080016,8.00160032,manual_clip,LE04_leaning_to_neighbor_take04,/home/sagemaker-user/exam_proctoring_dataset/02_clips/leaning_to_neighbor/LE04_leaning_to_neighbor_take04.mp4,images/LE04_leaning_to_neighbor_take04/win_006_midframe_0181.jpg,correct,,
LE04_leaning_to_neighbor_take04.mp4,LE04_leaning_to_neighbor_take04,leaning_to_neighbor,A4,LE04,7,168,242,6.721344269,9.681936387,205,8.201640328,6,6,TRUE,TRUE,8,normal,normal,0.432432432,4.00080016,8.00160032,manual_clip,LE04_leaning_to_neighbor_take04,/home/sagemaker-user/exam_proctoring_dataset/02_clips/leaning_to_neighbor/LE04_leaning_to_neighbor_take04.mp4,images/LE04_leaning_to_neighbor_take04/win_007_midframe_0205.jpg,correct,,
LE04_leaning_to_neighbor_take05.mp4,LE04_leaning_to_neighbor_take05,leaning_to_neighbor,B1,LE04,0,0,74,0,2.960592118,37,1.480296059,1,1,TRUE,TRUE,8,normal,normal,0,3.00060012,8.00160032,manual_clip,LE04_leaning_to_neighbor_take05,/home/sagemaker-user/exam_proctoring_dataset/02_clips/leaning_to_neighbor/LE04_leaning_to_neighbor_take05.mp4,images/LE04_leaning_to_neighbor_take05/win_000_midframe_0037.jpg,correct,,
LE04_leaning_to_neighbor_take05.mp4,LE04_leaning_to_neighbor_take05,leaning_to_neighbor,B1,LE04,1,24,98,0.960192038,3.920784157,61,2.440488098,1,1,TRUE,TRUE,8,normal,normal,0.310810811,3.00060012,8.00160032,manual_clip,LE04_leaning_to_neighbor_take05,/home/sagemaker-user/exam_proctoring_dataset/02_clips/leaning_to_neighbor/LE04_leaning_to_neighbor_take05.mp4,images/LE04_leaning_to_neighbor_take05/win_001_midframe_0061.jpg,correct,,
LE04_leaning_to_neighbor_take05.mp4,LE04_leaning_to_neighbor_take05,leaning_to_neighbor,B1,LE04,2,48,122,1.920384077,4.880976195,85,3.400680136,1,1,TRUE,TRUE,8,leaning_to_neighbor,suspicious,0.635135135,3.00060012,8.00160032,manual_clip,LE04_leaning_to_neighbor_take05,/home/sagemaker-user/exam_proctoring_dataset/02_clips/leaning_to_neighbor/LE04_leaning_to_neighbor_take05.mp4,images/LE04_leaning_to_neighbor_take05/win_002_midframe_0085.jpg,correct,,
LE04_leaning_to_neighbor_take05.mp4,LE04_leaning_to_neighbor_take05,leaning_to_neighbor,B1,LE04,3,72,146,2.880576115,5.841168234,109,4.360872174,1,1,TRUE,TRUE,8,leaning_to_neighbor,suspicious,0.959459459,3.00060012,8.00160032,manual_clip,LE04_leaning_to_neighbor_take05,/home/sagemaker-user/exam_proctoring_dataset/02_clips/leaning_to_neighbor/LE04_leaning_to_neighbor_take05.mp4,images/LE04_leaning_to_neighbor_take05/win_003_midframe_0109.jpg,correct,,
LE04_leaning_to_neighbor_take05.mp4,LE04_leaning_to_neighbor_take05,leaning_to_neighbor,B1,LE04,4,96,170,3.840768154,6.801360272,133,5.321064213,1,1,TRUE,TRUE,8,leaning_to_neighbor,suspicious,1,3.00060012,8.00160032,manual_clip,LE04_leaning_to_neighbor_take05,/home/sagemaker-user/exam_proctoring_dataset/02_clips/leaning_to_neighbor/LE04_leaning_to_neighbor_take05.mp4,images/LE04_leaning_to_neighbor_take05/win_004_midframe_0133.jpg,correct,,
LE04_leaning_to_neighbor_take05.mp4,LE04_leaning_to_neighbor_take05,leaning_to_neighbor,B1,LE04,5,120,194,4.800960192,7.76155231,157,6.281256251,1,1,TRUE,TRUE,8,leaning_to_neighbor,suspicious,1,3.00060012,8.00160032,manual_clip,LE04_leaning_to_neighbor_take05,/home/sagemaker-user/exam_proctoring_dataset/02_clips/leaning_to_neighbor/LE04_leaning_to_neighbor_take05.mp4,images/LE04_leaning_to_neighbor_take05/win_005_midframe_0157.jpg,correct,,
LE04_leaning_to_neighbor_take05.mp4,LE04_leaning_to_neighbor_take05,leaning_to_neighbor,B1,LE04,6,144,218,5.76115223,8.721744349,181,7.24144829,1,1,TRUE,TRUE,8,leaning_to_neighbor,suspicious,0.756756757,3.00060012,8.00160032,manual_clip,LE04_leaning_to_neighbor_take05,/home/sagemaker-user/exam_proctoring_dataset/02_clips/leaning_to_neighbor/LE04_leaning_to_neighbor_take05.mp4,images/LE04_leaning_to_neighbor_take05/win_006_midframe_0181.jpg,correct,,
LE04_leaning_to_neighbor_take05.mp4,LE04_leaning_to_neighbor_take05,leaning_to_neighbor,B1,LE04,7,168,242,6.721344269,9.681936387,205,8.201640328,1,1,TRUE,TRUE,8,normal,normal,0.432432432,3.00060012,8.00160032,manual_clip,LE04_leaning_to_neighbor_take05,/home/sagemaker-user/exam_proctoring_dataset/02_clips/leaning_to_neighbor/LE04_leaning_to_neighbor_take05.mp4,images/LE04_leaning_to_neighbor_take05/win_007_midframe_0205.jpg,correct,,
LE04_leaning_to_neighbor_take06.mp4,LE04_leaning_to_neighbor_take06,leaning_to_neighbor,B2,LE04,0,0,74,0,2.960592118,37,1.480296059,3,3,TRUE,TRUE,8,normal,normal,0,4.00080016,9.00180036,manual_clip,LE04_leaning_to_neighbor_take06,/home/sagemaker-user/exam_proctoring_dataset/02_clips/leaning_to_neighbor/LE04_leaning_to_neighbor_take06.mp4,images/LE04_leaning_to_neighbor_take06/win_000_midframe_0037.jpg,correct,,
LE04_leaning_to_neighbor_take06.mp4,LE04_leaning_to_neighbor_take06,leaning_to_neighbor,B2,LE04,1,24,98,0.960192038,3.920784157,61,2.440488098,3,3,TRUE,TRUE,8,normal,normal,0,4.00080016,9.00180036,manual_clip,LE04_leaning_to_neighbor_take06,/home/sagemaker-user/exam_proctoring_dataset/02_clips/leaning_to_neighbor/LE04_leaning_to_neighbor_take06.mp4,images/LE04_leaning_to_neighbor_take06/win_001_midframe_0061.jpg,correct,,
LE04_leaning_to_neighbor_take06.mp4,LE04_leaning_to_neighbor_take06,leaning_to_neighbor,B2,LE04,2,48,122,1.920384077,4.880976195,85,3.400680136,3,3,TRUE,TRUE,8,normal,normal,0.297297297,4.00080016,9.00180036,manual_clip,LE04_leaning_to_neighbor_take06,/home/sagemaker-user/exam_proctoring_dataset/02_clips/leaning_to_neighbor/LE04_leaning_to_neighbor_take06.mp4,images/LE04_leaning_to_neighbor_take06/win_002_midframe_0085.jpg,correct,,
LE04_leaning_to_neighbor_take06.mp4,LE04_leaning_to_neighbor_take06,leaning_to_neighbor,B2,LE04,3,72,146,2.880576115,5.841168234,109,4.360872174,3,3,TRUE,TRUE,8,leaning_to_neighbor,suspicious,0.621621622,4.00080016,9.00180036,manual_clip,LE04_leaning_to_neighbor_take06,/home/sagemaker-user/exam_proctoring_dataset/02_clips/leaning_to_neighbor/LE04_leaning_to_neighbor_take06.mp4,images/LE04_leaning_to_neighbor_take06/win_003_midframe_0109.jpg,correct,,
LE04_leaning_to_neighbor_take06.mp4,LE04_leaning_to_neighbor_take06,leaning_to_neighbor,B2,LE04,4,96,170,3.840768154,6.801360272,133,5.321064213,3,3,TRUE,TRUE,8,leaning_to_neighbor,suspicious,0.945945946,4.00080016,9.00180036,manual_clip,LE04_leaning_to_neighbor_take06,/home/sagemaker-user/exam_proctoring_dataset/02_clips/leaning_to_neighbor/LE04_leaning_to_neighbor_take06.mp4,images/LE04_leaning_to_neighbor_take06/win_004_midframe_0133.jpg,correct,,
LE04_leaning_to_neighbor_take06.mp4,LE04_leaning_to_neighbor_take06,leaning_to_neighbor,B2,LE04,5,120,194,4.800960192,7.76155231,157,6.281256251,3,3,TRUE,TRUE,8,leaning_to_neighbor,suspicious,1,4.00080016,9.00180036,manual_clip,LE04_leaning_to_neighbor_take06,/home/sagemaker-user/exam_proctoring_dataset/02_clips/leaning_to_neighbor/LE04_leaning_to_neighbor_take06.mp4,images/LE04_leaning_to_neighbor_take06/win_005_midframe_0157.jpg,correct,,
LE04_leaning_to_neighbor_take06.mp4,LE04_leaning_to_neighbor_take06,leaning_to_neighbor,B2,LE04,6,144,218,5.76115223,8.721744349,181,7.24144829,3,3,TRUE,TRUE,8,leaning_to_neighbor,suspicious,1,4.00080016,9.00180036,manual_clip,LE04_leaning_to_neighbor_take06,/home/sagemaker-user/exam_proctoring_dataset/02_clips/leaning_to_neighbor/LE04_leaning_to_neighbor_take06.mp4,images/LE04_leaning_to_neighbor_take06/win_006_midframe_0181.jpg,correct,,
LE04_leaning_to_neighbor_take06.mp4,LE04_leaning_to_neighbor_take06,leaning_to_neighbor,B2,LE04,7,168,242,6.721344269,9.681936387,205,8.201640328,3,3,TRUE,TRUE,8,leaning_to_neighbor,suspicious,0.77027027,4.00080016,9.00180036,manual_clip,LE04_leaning_to_neighbor_take06,/home/sagemaker-user/exam_proctoring_dataset/02_clips/leaning_to_neighbor/LE04_leaning_to_neighbor_take06.mp4,images/LE04_leaning_to_neighbor_take06/win_007_midframe_0205.jpg,correct,,
LE04_leaning_to_neighbor_take07.mp4,LE04_leaning_to_neighbor_take07,leaning_to_neighbor,B3,LE04,0,0,74,0,2.960592118,37,1.480296059,5,5,TRUE,TRUE,8,normal,normal,0,4.00080016,9.00180036,manual_clip,LE04_leaning_to_neighbor_take07,/home/sagemaker-user/exam_proctoring_dataset/02_clips/leaning_to_neighbor/LE04_leaning_to_neighbor_take07.mp4,images/LE04_leaning_to_neighbor_take07/win_000_midframe_0037.jpg,correct,,
LE04_leaning_to_neighbor_take07.mp4,LE04_leaning_to_neighbor_take07,leaning_to_neighbor,B3,LE04,1,24,98,0.960192038,3.920784157,61,2.440488098,5,5,TRUE,TRUE,8,normal,normal,0,4.00080016,9.00180036,manual_clip,LE04_leaning_to_neighbor_take07,/home/sagemaker-user/exam_proctoring_dataset/02_clips/leaning_to_neighbor/LE04_leaning_to_neighbor_take07.mp4,images/LE04_leaning_to_neighbor_take07/win_001_midframe_0061.jpg,correct,,
LE04_leaning_to_neighbor_take07.mp4,LE04_leaning_to_neighbor_take07,leaning_to_neighbor,B3,LE04,2,48,122,1.920384077,4.880976195,85,3.400680136,5,5,TRUE,TRUE,8,normal,normal,0.297297297,4.00080016,9.00180036,manual_clip,LE04_leaning_to_neighbor_take07,/home/sagemaker-user/exam_proctoring_dataset/02_clips/leaning_to_neighbor/LE04_leaning_to_neighbor_take07.mp4,images/LE04_leaning_to_neighbor_take07/win_002_midframe_0085.jpg,correct,,
LE04_leaning_to_neighbor_take07.mp4,LE04_leaning_to_neighbor_take07,leaning_to_neighbor,B3,LE04,3,72,146,2.880576115,5.841168234,109,4.360872174,5,5,TRUE,TRUE,8,leaning_to_neighbor,suspicious,0.621621622,4.00080016,9.00180036,manual_clip,LE04_leaning_to_neighbor_take07,/home/sagemaker-user/exam_proctoring_dataset/02_clips/leaning_to_neighbor/LE04_leaning_to_neighbor_take07.mp4,images/LE04_leaning_to_neighbor_take07/win_003_midframe_0109.jpg,correct,,
LE04_leaning_to_neighbor_take07.mp4,LE04_leaning_to_neighbor_take07,leaning_to_neighbor,B3,LE04,4,96,170,3.840768154,6.801360272,133,5.321064213,5,5,TRUE,TRUE,8,leaning_to_neighbor,suspicious,0.945945946,4.00080016,9.00180036,manual_clip,LE04_leaning_to_neighbor_take07,/home/sagemaker-user/exam_proctoring_dataset/02_clips/leaning_to_neighbor/LE04_leaning_to_neighbor_take07.mp4,images/LE04_leaning_to_neighbor_take07/win_004_midframe_0133.jpg,correct,,
LE04_leaning_to_neighbor_take07.mp4,LE04_leaning_to_neighbor_take07,leaning_to_neighbor,B3,LE04,5,120,194,4.800960192,7.76155231,157,6.281256251,5,5,TRUE,TRUE,8,leaning_to_neighbor,suspicious,1,4.00080016,9.00180036,manual_clip,LE04_leaning_to_neighbor_take07,/home/sagemaker-user/exam_proctoring_dataset/02_clips/leaning_to_neighbor/LE04_leaning_to_neighbor_take07.mp4,images/LE04_leaning_to_neighbor_take07/win_005_midframe_0157.jpg,correct,,
LE04_leaning_to_neighbor_take07.mp4,LE04_leaning_to_neighbor_take07,leaning_to_neighbor,B3,LE04,6,144,218,5.76115223,8.721744349,181,7.24144829,5,5,TRUE,TRUE,8,leaning_to_neighbor,suspicious,1,4.00080016,9.00180036,manual_clip,LE04_leaning_to_neighbor_take07,/home/sagemaker-user/exam_proctoring_dataset/02_clips/leaning_to_neighbor/LE04_leaning_to_neighbor_take07.mp4,images/LE04_leaning_to_neighbor_take07/win_006_midframe_0181.jpg,correct,,
LE04_leaning_to_neighbor_take07.mp4,LE04_leaning_to_neighbor_take07,leaning_to_neighbor,B3,LE04,7,168,242,6.721344269,9.681936387,205,8.201640328,5,5,TRUE,TRUE,8,leaning_to_neighbor,suspicious,0.77027027,4.00080016,9.00180036,manual_clip,LE04_leaning_to_neighbor_take07,/home/sagemaker-user/exam_proctoring_dataset/02_clips/leaning_to_neighbor/LE04_leaning_to_neighbor_take07.mp4,images/LE04_leaning_to_neighbor_take07/win_007_midframe_0205.jpg,correct,,
LE04_leaning_to_neighbor_take08.mp4,LE04_leaning_to_neighbor_take08,leaning_to_neighbor,B4,LE04,0,0,74,0,2.960592118,37,1.480296059,7,7,TRUE,TRUE,8,normal,normal,0,4.00080016,9.00180036,manual_clip,LE04_leaning_to_neighbor_take08,/home/sagemaker-user/exam_proctoring_dataset/02_clips/leaning_to_neighbor/LE04_leaning_to_neighbor_take08.mp4,images/LE04_leaning_to_neighbor_take08/win_000_midframe_0037.jpg,correct,,
LE04_leaning_to_neighbor_take08.mp4,LE04_leaning_to_neighbor_take08,leaning_to_neighbor,B4,LE04,1,24,98,0.960192038,3.920784157,61,2.440488098,7,7,TRUE,TRUE,8,normal,normal,0,4.00080016,9.00180036,manual_clip,LE04_leaning_to_neighbor_take08,/home/sagemaker-user/exam_proctoring_dataset/02_clips/leaning_to_neighbor/LE04_leaning_to_neighbor_take08.mp4,images/LE04_leaning_to_neighbor_take08/win_001_midframe_0061.jpg,correct,,
LE04_leaning_to_neighbor_take08.mp4,LE04_leaning_to_neighbor_take08,leaning_to_neighbor,B4,LE04,2,48,122,1.920384077,4.880976195,85,3.400680136,7,7,TRUE,TRUE,8,normal,normal,0.297297297,4.00080016,9.00180036,manual_clip,LE04_leaning_to_neighbor_take08,/home/sagemaker-user/exam_proctoring_dataset/02_clips/leaning_to_neighbor/LE04_leaning_to_neighbor_take08.mp4,images/LE04_leaning_to_neighbor_take08/win_002_midframe_0085.jpg,correct,,
LE04_leaning_to_neighbor_take08.mp4,LE04_leaning_to_neighbor_take08,leaning_to_neighbor,B4,LE04,3,72,146,2.880576115,5.841168234,109,4.360872174,7,7,TRUE,TRUE,8,leaning_to_neighbor,suspicious,0.621621622,4.00080016,9.00180036,manual_clip,LE04_leaning_to_neighbor_take08,/home/sagemaker-user/exam_proctoring_dataset/02_clips/leaning_to_neighbor/LE04_leaning_to_neighbor_take08.mp4,images/LE04_leaning_to_neighbor_take08/win_003_midframe_0109.jpg,correct,,
LE04_leaning_to_neighbor_take08.mp4,LE04_leaning_to_neighbor_take08,leaning_to_neighbor,B4,LE04,4,96,170,3.840768154,6.801360272,133,5.321064213,7,7,TRUE,TRUE,8,leaning_to_neighbor,suspicious,0.945945946,4.00080016,9.00180036,manual_clip,LE04_leaning_to_neighbor_take08,/home/sagemaker-user/exam_proctoring_dataset/02_clips/leaning_to_neighbor/LE04_leaning_to_neighbor_take08.mp4,images/LE04_leaning_to_neighbor_take08/win_004_midframe_0133.jpg,correct,,
LE04_leaning_to_neighbor_take08.mp4,LE04_leaning_to_neighbor_take08,leaning_to_neighbor,B4,LE04,5,120,194,4.800960192,7.76155231,157,6.281256251,7,7,TRUE,TRUE,8,leaning_to_neighbor,suspicious,1,4.00080016,9.00180036,manual_clip,LE04_leaning_to_neighbor_take08,/home/sagemaker-user/exam_proctoring_dataset/02_clips/leaning_to_neighbor/LE04_leaning_to_neighbor_take08.mp4,images/LE04_leaning_to_neighbor_take08/win_005_midframe_0157.jpg,correct,,
LE04_leaning_to_neighbor_take08.mp4,LE04_leaning_to_neighbor_take08,leaning_to_neighbor,B4,LE04,6,144,218,5.76115223,8.721744349,181,7.24144829,7,7,TRUE,TRUE,8,leaning_to_neighbor,suspicious,1,4.00080016,9.00180036,manual_clip,LE04_leaning_to_neighbor_take08,/home/sagemaker-user/exam_proctoring_dataset/02_clips/leaning_to_neighbor/LE04_leaning_to_neighbor_take08.mp4,images/LE04_leaning_to_neighbor_take08/win_006_midframe_0181.jpg,correct,,
LE04_leaning_to_neighbor_take08.mp4,LE04_leaning_to_neighbor_take08,leaning_to_neighbor,B4,LE04,7,168,242,6.721344269,9.681936387,205,8.201640328,7,7,TRUE,TRUE,8,leaning_to_neighbor,suspicious,0.77027027,4.00080016,9.00180036,manual_clip,LE04_leaning_to_neighbor_take08,/home/sagemaker-user/exam_proctoring_dataset/02_clips/leaning_to_neighbor/LE04_leaning_to_neighbor_take08.mp4,images/LE04_leaning_to_neighbor_take08/win_007_midframe_0205.jpg,correct,,
LE05_leaning_to_neighbor_take01.mp4,LE05_leaning_to_neighbor_take01,leaning_to_neighbor,A1,LE05,0,0,74,0,2.960355243,37,1.480177621,0,0,TRUE,TRUE,7,normal,normal,0,5.000600072,9.00108013,manual_clip,LE05_leaning_to_neighbor_take01,/home/sagemaker-user/exam_proctoring_dataset/02_clips/leaning_to_neighbor/LE05_leaning_to_neighbor_take01.mp4,images/LE05_leaning_to_neighbor_take01/win_000_midframe_0037.jpg,correct,,
LE05_leaning_to_neighbor_take01.mp4,LE05_leaning_to_neighbor_take01,leaning_to_neighbor,A1,LE05,1,24,98,0.960115214,3.920470456,61,2.440292835,0,0,TRUE,TRUE,6,normal,normal,0,5.000600072,9.00108013,manual_clip,LE05_leaning_to_neighbor_take01,/home/sagemaker-user/exam_proctoring_dataset/02_clips/leaning_to_neighbor/LE05_leaning_to_neighbor_take01.mp4,images/LE05_leaning_to_neighbor_take01/win_001_midframe_0061.jpg,correct,,
LE05_leaning_to_neighbor_take01.mp4,LE05_leaning_to_neighbor_take01,leaning_to_neighbor,A1,LE05,2,48,122,1.920230428,4.88058567,85,3.400408049,0,0,TRUE,TRUE,6,normal,normal,0,5.000600072,9.00108013,manual_clip,LE05_leaning_to_neighbor_take01,/home/sagemaker-user/exam_proctoring_dataset/02_clips/leaning_to_neighbor/LE05_leaning_to_neighbor_take01.mp4,images/LE05_leaning_to_neighbor_take01/win_002_midframe_0085.jpg,correct,,
LE05_leaning_to_neighbor_take01.mp4,LE05_leaning_to_neighbor_take01,leaning_to_neighbor,A1,LE05,3,72,146,2.880345641,5.840700884,109,4.360523263,0,0,TRUE,TRUE,6,normal,normal,0.283783784,5.000600072,9.00108013,manual_clip,LE05_leaning_to_neighbor_take01,/home/sagemaker-user/exam_proctoring_dataset/02_clips/leaning_to_neighbor/LE05_leaning_to_neighbor_take01.mp4,images/LE05_leaning_to_neighbor_take01/win_003_midframe_0109.jpg,correct,,
LE05_leaning_to_neighbor_take01.mp4,LE05_leaning_to_neighbor_take01,leaning_to_neighbor,A1,LE05,4,96,170,3.840460855,6.800816098,133,5.320638477,0,0,TRUE,TRUE,7,leaning_to_neighbor,suspicious,0.608108108,5.000600072,9.00108013,manual_clip,LE05_leaning_to_neighbor_take01,/home/sagemaker-user/exam_proctoring_dataset/02_clips/leaning_to_neighbor/LE05_leaning_to_neighbor_take01.mp4,images/LE05_leaning_to_neighbor_take01/win_004_midframe_0133.jpg,correct,,
LE05_leaning_to_neighbor_take01.mp4,LE05_leaning_to_neighbor_take01,leaning_to_neighbor,A1,LE05,5,120,194,4.800576069,7.760931312,157,6.28075369,0,0,TRUE,TRUE,7,leaning_to_neighbor,suspicious,0.932432432,5.000600072,9.00108013,manual_clip,LE05_leaning_to_neighbor_take01,/home/sagemaker-user/exam_proctoring_dataset/02_clips/leaning_to_neighbor/LE05_leaning_to_neighbor_take01.mp4,images/LE05_leaning_to_neighbor_take01/win_005_midframe_0157.jpg,correct,,
LE05_leaning_to_neighbor_take01.mp4,LE05_leaning_to_neighbor_take01,leaning_to_neighbor,A1,LE05,6,144,218,5.760691283,8.721046526,181,7.240868904,0,0,TRUE,TRUE,7,leaning_to_neighbor,suspicious,1,5.000600072,9.00108013,manual_clip,LE05_leaning_to_neighbor_take01,/home/sagemaker-user/exam_proctoring_dataset/02_clips/leaning_to_neighbor/LE05_leaning_to_neighbor_take01.mp4,images/LE05_leaning_to_neighbor_take01/win_006_midframe_0181.jpg,correct,,
LE05_leaning_to_neighbor_take01.mp4,LE05_leaning_to_neighbor_take01,leaning_to_neighbor,A1,LE05,7,168,242,6.720806497,9.681161739,205,8.200984118,0,0,TRUE,TRUE,7,leaning_to_neighbor,suspicious,0.77027027,5.000600072,9.00108013,manual_clip,LE05_leaning_to_neighbor_take01,/home/sagemaker-user/exam_proctoring_dataset/02_clips/leaning_to_neighbor/LE05_leaning_to_neighbor_take01.mp4,images/LE05_leaning_to_neighbor_take01/win_007_midframe_0205.jpg,correct,,
LE05_leaning_to_neighbor_take02.mp4,LE05_leaning_to_neighbor_take02,leaning_to_neighbor,A2,LE05,0,0,74,0,2.960355243,37,1.480177621,2,2,TRUE,TRUE,6,normal,normal,0,4.000480058,9.00108013,manual_clip,LE05_leaning_to_neighbor_take02,/home/sagemaker-user/exam_proctoring_dataset/02_clips/leaning_to_neighbor/LE05_leaning_to_neighbor_take02.mp4,images/LE05_leaning_to_neighbor_take02/win_000_midframe_0037.jpg,correct,,
LE05_leaning_to_neighbor_take02.mp4,LE05_leaning_to_neighbor_take02,leaning_to_neighbor,A2,LE05,1,24,98,0.960115214,3.920470456,61,2.440292835,2,2,TRUE,TRUE,6,normal,normal,0,4.000480058,9.00108013,manual_clip,LE05_leaning_to_neighbor_take02,/home/sagemaker-user/exam_proctoring_dataset/02_clips/leaning_to_neighbor/LE05_leaning_to_neighbor_take02.mp4,images/LE05_leaning_to_neighbor_take02/win_001_midframe_0061.jpg,correct,,
LE05_leaning_to_neighbor_take02.mp4,LE05_leaning_to_neighbor_take02,leaning_to_neighbor,A2,LE05,2,48,122,1.920230428,4.88058567,85,3.400408049,2,2,TRUE,TRUE,8,normal,normal,0.297297297,4.000480058,9.00108013,manual_clip,LE05_leaning_to_neighbor_take02,/home/sagemaker-user/exam_proctoring_dataset/02_clips/leaning_to_neighbor/LE05_leaning_to_neighbor_take02.mp4,images/LE05_leaning_to_neighbor_take02/win_002_midframe_0085.jpg,correct,,
LE05_leaning_to_neighbor_take02.mp4,LE05_leaning_to_neighbor_take02,leaning_to_neighbor,A2,LE05,3,72,146,2.880345641,5.840700884,109,4.360523263,2,2,TRUE,TRUE,8,leaning_to_neighbor,suspicious,0.621621622,4.000480058,9.00108013,manual_clip,LE05_leaning_to_neighbor_take02,/home/sagemaker-user/exam_proctoring_dataset/02_clips/leaning_to_neighbor/LE05_leaning_to_neighbor_take02.mp4,images/LE05_leaning_to_neighbor_take02/win_003_midframe_0109.jpg,correct,,
LE05_leaning_to_neighbor_take02.mp4,LE05_leaning_to_neighbor_take02,leaning_to_neighbor,A2,LE05,4,96,170,3.840460855,6.800816098,133,5.320638477,2,2,TRUE,TRUE,8,leaning_to_neighbor,suspicious,0.945945946,4.000480058,9.00108013,manual_clip,LE05_leaning_to_neighbor_take02,/home/sagemaker-user/exam_proctoring_dataset/02_clips/leaning_to_neighbor/LE05_leaning_to_neighbor_take02.mp4,images/LE05_leaning_to_neighbor_take02/win_004_midframe_0133.jpg,correct,,
LE05_leaning_to_neighbor_take02.mp4,LE05_leaning_to_neighbor_take02,leaning_to_neighbor,A2,LE05,5,120,194,4.800576069,7.760931312,157,6.28075369,2,2,TRUE,TRUE,8,leaning_to_neighbor,suspicious,1,4.000480058,9.00108013,manual_clip,LE05_leaning_to_neighbor_take02,/home/sagemaker-user/exam_proctoring_dataset/02_clips/leaning_to_neighbor/LE05_leaning_to_neighbor_take02.mp4,images/LE05_leaning_to_neighbor_take02/win_005_midframe_0157.jpg,correct,,
LE05_leaning_to_neighbor_take02.mp4,LE05_leaning_to_neighbor_take02,leaning_to_neighbor,A2,LE05,6,144,218,5.760691283,8.721046526,181,7.240868904,2,2,TRUE,TRUE,8,leaning_to_neighbor,suspicious,1,4.000480058,9.00108013,manual_clip,LE05_leaning_to_neighbor_take02,/home/sagemaker-user/exam_proctoring_dataset/02_clips/leaning_to_neighbor/LE05_leaning_to_neighbor_take02.mp4,images/LE05_leaning_to_neighbor_take02/win_006_midframe_0181.jpg,correct,,
LE05_leaning_to_neighbor_take02.mp4,LE05_leaning_to_neighbor_take02,leaning_to_neighbor,A2,LE05,7,168,242,6.720806497,9.681161739,205,8.200984118,2,2,TRUE,TRUE,8,leaning_to_neighbor,suspicious,0.77027027,4.000480058,9.00108013,manual_clip,LE05_leaning_to_neighbor_take02,/home/sagemaker-user/exam_proctoring_dataset/02_clips/leaning_to_neighbor/LE05_leaning_to_neighbor_take02.mp4,images/LE05_leaning_to_neighbor_take02/win_007_midframe_0205.jpg,correct,,
LE05_leaning_to_neighbor_take03.mp4,LE05_leaning_to_neighbor_take03,leaning_to_neighbor,A3,LE05,0,0,74,0,2.960355243,37,1.480177621,4,4,TRUE,TRUE,8,normal,normal,0,3.000360043,8.000960115,manual_clip,LE05_leaning_to_neighbor_take03,/home/sagemaker-user/exam_proctoring_dataset/02_clips/leaning_to_neighbor/LE05_leaning_to_neighbor_take03.mp4,images/LE05_leaning_to_neighbor_take03/win_000_midframe_0037.jpg,correct,,
LE05_leaning_to_neighbor_take03.mp4,LE05_leaning_to_neighbor_take03,leaning_to_neighbor,A3,LE05,1,24,98,0.960115214,3.920470456,61,2.440292835,4,4,TRUE,TRUE,8,normal,normal,0.310810811,3.000360043,8.000960115,manual_clip,LE05_leaning_to_neighbor_take03,/home/sagemaker-user/exam_proctoring_dataset/02_clips/leaning_to_neighbor/LE05_leaning_to_neighbor_take03.mp4,images/LE05_leaning_to_neighbor_take03/win_001_midframe_0061.jpg,correct,,
LE05_leaning_to_neighbor_take03.mp4,LE05_leaning_to_neighbor_take03,leaning_to_neighbor,A3,LE05,2,48,122,1.920230428,4.88058567,85,3.400408049,4,4,TRUE,TRUE,8,leaning_to_neighbor,suspicious,0.635135135,3.000360043,8.000960115,manual_clip,LE05_leaning_to_neighbor_take03,/home/sagemaker-user/exam_proctoring_dataset/02_clips/leaning_to_neighbor/LE05_leaning_to_neighbor_take03.mp4,images/LE05_leaning_to_neighbor_take03/win_002_midframe_0085.jpg,correct,,
LE05_leaning_to_neighbor_take03.mp4,LE05_leaning_to_neighbor_take03,leaning_to_neighbor,A3,LE05,3,72,146,2.880345641,5.840700884,109,4.360523263,4,4,TRUE,TRUE,7,leaning_to_neighbor,suspicious,0.959459459,3.000360043,8.000960115,manual_clip,LE05_leaning_to_neighbor_take03,/home/sagemaker-user/exam_proctoring_dataset/02_clips/leaning_to_neighbor/LE05_leaning_to_neighbor_take03.mp4,images/LE05_leaning_to_neighbor_take03/win_003_midframe_0109.jpg,correct,,
LE05_leaning_to_neighbor_take03.mp4,LE05_leaning_to_neighbor_take03,leaning_to_neighbor,A3,LE05,4,96,170,3.840460855,6.800816098,133,5.320638477,4,4,TRUE,TRUE,7,leaning_to_neighbor,suspicious,1,3.000360043,8.000960115,manual_clip,LE05_leaning_to_neighbor_take03,/home/sagemaker-user/exam_proctoring_dataset/02_clips/leaning_to_neighbor/LE05_leaning_to_neighbor_take03.mp4,images/LE05_leaning_to_neighbor_take03/win_004_midframe_0133.jpg,correct,,
LE05_leaning_to_neighbor_take03.mp4,LE05_leaning_to_neighbor_take03,leaning_to_neighbor,A3,LE05,5,120,194,4.800576069,7.760931312,157,6.28075369,4,4,TRUE,TRUE,7,leaning_to_neighbor,suspicious,1,3.000360043,8.000960115,manual_clip,LE05_leaning_to_neighbor_take03,/home/sagemaker-user/exam_proctoring_dataset/02_clips/leaning_to_neighbor/LE05_leaning_to_neighbor_take03.mp4,images/LE05_leaning_to_neighbor_take03/win_005_midframe_0157.jpg,correct,,
LE05_leaning_to_neighbor_take03.mp4,LE05_leaning_to_neighbor_take03,leaning_to_neighbor,A3,LE05,6,144,218,5.760691283,8.721046526,181,7.240868904,4,4,TRUE,TRUE,7,leaning_to_neighbor,suspicious,0.756756757,3.000360043,8.000960115,manual_clip,LE05_leaning_to_neighbor_take03,/home/sagemaker-user/exam_proctoring_dataset/02_clips/leaning_to_neighbor/LE05_leaning_to_neighbor_take03.mp4,images/LE05_leaning_to_neighbor_take03/win_006_midframe_0181.jpg,correct,,
LE05_leaning_to_neighbor_take03.mp4,LE05_leaning_to_neighbor_take03,leaning_to_neighbor,A3,LE05,7,168,242,6.720806497,9.681161739,205,8.200984118,4,4,TRUE,TRUE,8,normal,normal,0.432432432,3.000360043,8.000960115,manual_clip,LE05_leaning_to_neighbor_take03,/home/sagemaker-user/exam_proctoring_dataset/02_clips/leaning_to_neighbor/LE05_leaning_to_neighbor_take03.mp4,images/LE05_leaning_to_neighbor_take03/win_007_midframe_0205.jpg,correct,,
LE05_leaning_to_neighbor_take04.mp4,LE05_leaning_to_neighbor_take04,leaning_to_neighbor,A4,LE05,0,0,74,0,2.960355243,37,1.480177621,6,6,TRUE,TRUE,8,normal,normal,0,5.000600072,9.00108013,manual_clip,LE05_leaning_to_neighbor_take04,/home/sagemaker-user/exam_proctoring_dataset/02_clips/leaning_to_neighbor/LE05_leaning_to_neighbor_take04.mp4,images/LE05_leaning_to_neighbor_take04/win_000_midframe_0037.jpg,correct,,
LE05_leaning_to_neighbor_take04.mp4,LE05_leaning_to_neighbor_take04,leaning_to_neighbor,A4,LE05,1,24,98,0.960115214,3.920470456,61,2.440292835,6,6,TRUE,TRUE,8,normal,normal,0,5.000600072,9.00108013,manual_clip,LE05_leaning_to_neighbor_take04,/home/sagemaker-user/exam_proctoring_dataset/02_clips/leaning_to_neighbor/LE05_leaning_to_neighbor_take04.mp4,images/LE05_leaning_to_neighbor_take04/win_001_midframe_0061.jpg,correct,,
LE05_leaning_to_neighbor_take04.mp4,LE05_leaning_to_neighbor_take04,leaning_to_neighbor,A4,LE05,2,48,122,1.920230428,4.88058567,85,3.400408049,6,6,TRUE,TRUE,8,normal,normal,0,5.000600072,9.00108013,manual_clip,LE05_leaning_to_neighbor_take04,/home/sagemaker-user/exam_proctoring_dataset/02_clips/leaning_to_neighbor/LE05_leaning_to_neighbor_take04.mp4,images/LE05_leaning_to_neighbor_take04/win_002_midframe_0085.jpg,correct,,
LE05_leaning_to_neighbor_take04.mp4,LE05_leaning_to_neighbor_take04,leaning_to_neighbor,A4,LE05,3,72,146,2.880345641,5.840700884,109,4.360523263,6,6,TRUE,TRUE,8,normal,normal,0.283783784,5.000600072,9.00108013,manual_clip,LE05_leaning_to_neighbor_take04,/home/sagemaker-user/exam_proctoring_dataset/02_clips/leaning_to_neighbor/LE05_leaning_to_neighbor_take04.mp4,images/LE05_leaning_to_neighbor_take04/win_003_midframe_0109.jpg,correct,,
LE05_leaning_to_neighbor_take04.mp4,LE05_leaning_to_neighbor_take04,leaning_to_neighbor,A4,LE05,4,96,170,3.840460855,6.800816098,133,5.320638477,6,6,TRUE,TRUE,8,leaning_to_neighbor,suspicious,0.608108108,5.000600072,9.00108013,manual_clip,LE05_leaning_to_neighbor_take04,/home/sagemaker-user/exam_proctoring_dataset/02_clips/leaning_to_neighbor/LE05_leaning_to_neighbor_take04.mp4,images/LE05_leaning_to_neighbor_take04/win_004_midframe_0133.jpg,correct,,
LE05_leaning_to_neighbor_take04.mp4,LE05_leaning_to_neighbor_take04,leaning_to_neighbor,A4,LE05,5,120,194,4.800576069,7.760931312,157,6.28075369,6,6,TRUE,TRUE,8,leaning_to_neighbor,suspicious,0.932432432,5.000600072,9.00108013,manual_clip,LE05_leaning_to_neighbor_take04,/home/sagemaker-user/exam_proctoring_dataset/02_clips/leaning_to_neighbor/LE05_leaning_to_neighbor_take04.mp4,images/LE05_leaning_to_neighbor_take04/win_005_midframe_0157.jpg,correct,,
LE05_leaning_to_neighbor_take04.mp4,LE05_leaning_to_neighbor_take04,leaning_to_neighbor,A4,LE05,6,144,218,5.760691283,8.721046526,181,7.240868904,6,6,TRUE,TRUE,8,leaning_to_neighbor,suspicious,1,5.000600072,9.00108013,manual_clip,LE05_leaning_to_neighbor_take04,/home/sagemaker-user/exam_proctoring_dataset/02_clips/leaning_to_neighbor/LE05_leaning_to_neighbor_take04.mp4,images/LE05_leaning_to_neighbor_take04/win_006_midframe_0181.jpg,correct,,
LE05_leaning_to_neighbor_take04.mp4,LE05_leaning_to_neighbor_take04,leaning_to_neighbor,A4,LE05,7,168,242,6.720806497,9.681161739,205,8.200984118,6,6,TRUE,TRUE,8,leaning_to_neighbor,suspicious,0.77027027,5.000600072,9.00108013,manual_clip,LE05_leaning_to_neighbor_take04,/home/sagemaker-user/exam_proctoring_dataset/02_clips/leaning_to_neighbor/LE05_leaning_to_neighbor_take04.mp4,images/LE05_leaning_to_neighbor_take04/win_007_midframe_0205.jpg,correct,,
LE05_leaning_to_neighbor_take05.mp4,LE05_leaning_to_neighbor_take05,leaning_to_neighbor,B1,LE05,0,0,74,0,2.960355243,37,1.480177621,1,1,TRUE,TRUE,7,normal,normal,0,4.000480058,8.000960115,manual_clip,LE05_leaning_to_neighbor_take05,/home/sagemaker-user/exam_proctoring_dataset/02_clips/leaning_to_neighbor/LE05_leaning_to_neighbor_take05.mp4,images/LE05_leaning_to_neighbor_take05/win_000_midframe_0037.jpg,correct,,
LE05_leaning_to_neighbor_take05.mp4,LE05_leaning_to_neighbor_take05,leaning_to_neighbor,B1,LE05,1,24,98,0.960115214,3.920470456,61,2.440292835,1,1,TRUE,TRUE,6,normal,normal,0,4.000480058,8.000960115,manual_clip,LE05_leaning_to_neighbor_take05,/home/sagemaker-user/exam_proctoring_dataset/02_clips/leaning_to_neighbor/LE05_leaning_to_neighbor_take05.mp4,images/LE05_leaning_to_neighbor_take05/win_001_midframe_0061.jpg,correct,,
LE05_leaning_to_neighbor_take05.mp4,LE05_leaning_to_neighbor_take05,leaning_to_neighbor,B1,LE05,2,48,122,1.920230428,4.88058567,85,3.400408049,1,1,TRUE,TRUE,8,normal,normal,0.297297297,4.000480058,8.000960115,manual_clip,LE05_leaning_to_neighbor_take05,/home/sagemaker-user/exam_proctoring_dataset/02_clips/leaning_to_neighbor/LE05_leaning_to_neighbor_take05.mp4,images/LE05_leaning_to_neighbor_take05/win_002_midframe_0085.jpg,correct,,
LE05_leaning_to_neighbor_take05.mp4,LE05_leaning_to_neighbor_take05,leaning_to_neighbor,B1,LE05,3,72,146,2.880345641,5.840700884,109,4.360523263,1,1,TRUE,TRUE,8,leaning_to_neighbor,suspicious,0.621621622,4.000480058,8.000960115,manual_clip,LE05_leaning_to_neighbor_take05,/home/sagemaker-user/exam_proctoring_dataset/02_clips/leaning_to_neighbor/LE05_leaning_to_neighbor_take05.mp4,images/LE05_leaning_to_neighbor_take05/win_003_midframe_0109.jpg,correct,,
LE05_leaning_to_neighbor_take05.mp4,LE05_leaning_to_neighbor_take05,leaning_to_neighbor,B1,LE05,4,96,170,3.840460855,6.800816098,133,5.320638477,1,1,TRUE,TRUE,8,leaning_to_neighbor,suspicious,0.945945946,4.000480058,8.000960115,manual_clip,LE05_leaning_to_neighbor_take05,/home/sagemaker-user/exam_proctoring_dataset/02_clips/leaning_to_neighbor/LE05_leaning_to_neighbor_take05.mp4,images/LE05_leaning_to_neighbor_take05/win_004_midframe_0133.jpg,correct,,
LE05_leaning_to_neighbor_take05.mp4,LE05_leaning_to_neighbor_take05,leaning_to_neighbor,B1,LE05,5,120,194,4.800576069,7.760931312,157,6.28075369,1,1,TRUE,TRUE,8,leaning_to_neighbor,suspicious,1,4.000480058,8.000960115,manual_clip,LE05_leaning_to_neighbor_take05,/home/sagemaker-user/exam_proctoring_dataset/02_clips/leaning_to_neighbor/LE05_leaning_to_neighbor_take05.mp4,images/LE05_leaning_to_neighbor_take05/win_005_midframe_0157.jpg,correct,,
LE05_leaning_to_neighbor_take05.mp4,LE05_leaning_to_neighbor_take05,leaning_to_neighbor,B1,LE05,6,144,218,5.760691283,8.721046526,181,7.240868904,1,1,TRUE,TRUE,8,leaning_to_neighbor,suspicious,0.756756757,4.000480058,8.000960115,manual_clip,LE05_leaning_to_neighbor_take05,/home/sagemaker-user/exam_proctoring_dataset/02_clips/leaning_to_neighbor/LE05_leaning_to_neighbor_take05.mp4,images/LE05_leaning_to_neighbor_take05/win_006_midframe_0181.jpg,correct,,
LE05_leaning_to_neighbor_take05.mp4,LE05_leaning_to_neighbor_take05,leaning_to_neighbor,B1,LE05,7,168,242,6.720806497,9.681161739,205,8.200984118,1,1,TRUE,TRUE,8,normal,normal,0.432432432,4.000480058,8.000960115,manual_clip,LE05_leaning_to_neighbor_take05,/home/sagemaker-user/exam_proctoring_dataset/02_clips/leaning_to_neighbor/LE05_leaning_to_neighbor_take05.mp4,images/LE05_leaning_to_neighbor_take05/win_007_midframe_0205.jpg,correct,,
LE05_leaning_to_neighbor_take06.mp4,LE05_leaning_to_neighbor_take06,leaning_to_neighbor,B2,LE05,0,0,74,0,2.960355243,37,1.480177621,3,3,TRUE,TRUE,8,normal,normal,0,4.000480058,9.00108013,manual_clip,LE05_leaning_to_neighbor_take06,/home/sagemaker-user/exam_proctoring_dataset/02_clips/leaning_to_neighbor/LE05_leaning_to_neighbor_take06.mp4,images/LE05_leaning_to_neighbor_take06/win_000_midframe_0037.jpg,correct,,
LE05_leaning_to_neighbor_take06.mp4,LE05_leaning_to_neighbor_take06,leaning_to_neighbor,B2,LE05,1,24,98,0.960115214,3.920470456,61,2.440292835,3,3,TRUE,TRUE,8,normal,normal,0,4.000480058,9.00108013,manual_clip,LE05_leaning_to_neighbor_take06,/home/sagemaker-user/exam_proctoring_dataset/02_clips/leaning_to_neighbor/LE05_leaning_to_neighbor_take06.mp4,images/LE05_leaning_to_neighbor_take06/win_001_midframe_0061.jpg,correct,,
LE05_leaning_to_neighbor_take06.mp4,LE05_leaning_to_neighbor_take06,leaning_to_neighbor,B2,LE05,2,48,122,1.920230428,4.88058567,85,3.400408049,3,3,TRUE,TRUE,8,normal,normal,0.297297297,4.000480058,9.00108013,manual_clip,LE05_leaning_to_neighbor_take06,/home/sagemaker-user/exam_proctoring_dataset/02_clips/leaning_to_neighbor/LE05_leaning_to_neighbor_take06.mp4,images/LE05_leaning_to_neighbor_take06/win_002_midframe_0085.jpg,correct,,
LE05_leaning_to_neighbor_take06.mp4,LE05_leaning_to_neighbor_take06,leaning_to_neighbor,B2,LE05,3,72,146,2.880345641,5.840700884,109,4.360523263,3,3,TRUE,TRUE,8,leaning_to_neighbor,suspicious,0.621621622,4.000480058,9.00108013,manual_clip,LE05_leaning_to_neighbor_take06,/home/sagemaker-user/exam_proctoring_dataset/02_clips/leaning_to_neighbor/LE05_leaning_to_neighbor_take06.mp4,images/LE05_leaning_to_neighbor_take06/win_003_midframe_0109.jpg,correct,,
LE05_leaning_to_neighbor_take06.mp4,LE05_leaning_to_neighbor_take06,leaning_to_neighbor,B2,LE05,4,96,170,3.840460855,6.800816098,133,5.320638477,3,3,TRUE,TRUE,8,leaning_to_neighbor,suspicious,0.945945946,4.000480058,9.00108013,manual_clip,LE05_leaning_to_neighbor_take06,/home/sagemaker-user/exam_proctoring_dataset/02_clips/leaning_to_neighbor/LE05_leaning_to_neighbor_take06.mp4,images/LE05_leaning_to_neighbor_take06/win_004_midframe_0133.jpg,correct,,
LE05_leaning_to_neighbor_take06.mp4,LE05_leaning_to_neighbor_take06,leaning_to_neighbor,B2,LE05,5,120,194,4.800576069,7.760931312,157,6.28075369,3,3,TRUE,TRUE,8,leaning_to_neighbor,suspicious,1,4.000480058,9.00108013,manual_clip,LE05_leaning_to_neighbor_take06,/home/sagemaker-user/exam_proctoring_dataset/02_clips/leaning_to_neighbor/LE05_leaning_to_neighbor_take06.mp4,images/LE05_leaning_to_neighbor_take06/win_005_midframe_0157.jpg,correct,,
LE05_leaning_to_neighbor_take06.mp4,LE05_leaning_to_neighbor_take06,leaning_to_neighbor,B2,LE05,6,144,218,5.760691283,8.721046526,181,7.240868904,3,3,TRUE,TRUE,8,leaning_to_neighbor,suspicious,1,4.000480058,9.00108013,manual_clip,LE05_leaning_to_neighbor_take06,/home/sagemaker-user/exam_proctoring_dataset/02_clips/leaning_to_neighbor/LE05_leaning_to_neighbor_take06.mp4,images/LE05_leaning_to_neighbor_take06/win_006_midframe_0181.jpg,correct,,
LE05_leaning_to_neighbor_take06.mp4,LE05_leaning_to_neighbor_take06,leaning_to_neighbor,B2,LE05,7,168,242,6.720806497,9.681161739,205,8.200984118,3,3,TRUE,TRUE,8,leaning_to_neighbor,suspicious,0.77027027,4.000480058,9.00108013,manual_clip,LE05_leaning_to_neighbor_take06,/home/sagemaker-user/exam_proctoring_dataset/02_clips/leaning_to_neighbor/LE05_leaning_to_neighbor_take06.mp4,images/LE05_leaning_to_neighbor_take06/win_007_midframe_0205.jpg,correct,,
LE05_leaning_to_neighbor_take07.mp4,LE05_leaning_to_neighbor_take07,leaning_to_neighbor,B3,LE05,0,0,74,0,2.960355243,37,1.480177621,5,5,TRUE,TRUE,8,normal,normal,0,3.000360043,8.000960115,manual_clip,LE05_leaning_to_neighbor_take07,/home/sagemaker-user/exam_proctoring_dataset/02_clips/leaning_to_neighbor/LE05_leaning_to_neighbor_take07.mp4,images/LE05_leaning_to_neighbor_take07/win_000_midframe_0037.jpg,correct,,
LE05_leaning_to_neighbor_take07.mp4,LE05_leaning_to_neighbor_take07,leaning_to_neighbor,B3,LE05,1,24,98,0.960115214,3.920470456,61,2.440292835,5,5,TRUE,TRUE,8,normal,normal,0.310810811,3.000360043,8.000960115,manual_clip,LE05_leaning_to_neighbor_take07,/home/sagemaker-user/exam_proctoring_dataset/02_clips/leaning_to_neighbor/LE05_leaning_to_neighbor_take07.mp4,images/LE05_leaning_to_neighbor_take07/win_001_midframe_0061.jpg,correct,,
LE05_leaning_to_neighbor_take07.mp4,LE05_leaning_to_neighbor_take07,leaning_to_neighbor,B3,LE05,2,48,122,1.920230428,4.88058567,85,3.400408049,5,5,TRUE,TRUE,8,leaning_to_neighbor,suspicious,0.635135135,3.000360043,8.000960115,manual_clip,LE05_leaning_to_neighbor_take07,/home/sagemaker-user/exam_proctoring_dataset/02_clips/leaning_to_neighbor/LE05_leaning_to_neighbor_take07.mp4,images/LE05_leaning_to_neighbor_take07/win_002_midframe_0085.jpg,correct,,
LE05_leaning_to_neighbor_take07.mp4,LE05_leaning_to_neighbor_take07,leaning_to_neighbor,B3,LE05,3,72,146,2.880345641,5.840700884,109,4.360523263,5,5,TRUE,TRUE,8,leaning_to_neighbor,suspicious,0.959459459,3.000360043,8.000960115,manual_clip,LE05_leaning_to_neighbor_take07,/home/sagemaker-user/exam_proctoring_dataset/02_clips/leaning_to_neighbor/LE05_leaning_to_neighbor_take07.mp4,images/LE05_leaning_to_neighbor_take07/win_003_midframe_0109.jpg,correct,,
LE05_leaning_to_neighbor_take07.mp4,LE05_leaning_to_neighbor_take07,leaning_to_neighbor,B3,LE05,4,96,170,3.840460855,6.800816098,133,5.320638477,5,5,TRUE,TRUE,8,leaning_to_neighbor,suspicious,1,3.000360043,8.000960115,manual_clip,LE05_leaning_to_neighbor_take07,/home/sagemaker-user/exam_proctoring_dataset/02_clips/leaning_to_neighbor/LE05_leaning_to_neighbor_take07.mp4,images/LE05_leaning_to_neighbor_take07/win_004_midframe_0133.jpg,correct,,
LE05_leaning_to_neighbor_take07.mp4,LE05_leaning_to_neighbor_take07,leaning_to_neighbor,B3,LE05,5,120,194,4.800576069,7.760931312,157,6.28075369,5,5,TRUE,TRUE,8,leaning_to_neighbor,suspicious,1,3.000360043,8.000960115,manual_clip,LE05_leaning_to_neighbor_take07,/home/sagemaker-user/exam_proctoring_dataset/02_clips/leaning_to_neighbor/LE05_leaning_to_neighbor_take07.mp4,images/LE05_leaning_to_neighbor_take07/win_005_midframe_0157.jpg,correct,,
LE05_leaning_to_neighbor_take07.mp4,LE05_leaning_to_neighbor_take07,leaning_to_neighbor,B3,LE05,6,144,218,5.760691283,8.721046526,181,7.240868904,5,5,TRUE,TRUE,8,leaning_to_neighbor,suspicious,0.756756757,3.000360043,8.000960115,manual_clip,LE05_leaning_to_neighbor_take07,/home/sagemaker-user/exam_proctoring_dataset/02_clips/leaning_to_neighbor/LE05_leaning_to_neighbor_take07.mp4,images/LE05_leaning_to_neighbor_take07/win_006_midframe_0181.jpg,correct,,
LE05_leaning_to_neighbor_take07.mp4,LE05_leaning_to_neighbor_take07,leaning_to_neighbor,B3,LE05,7,168,242,6.720806497,9.681161739,205,8.200984118,5,5,TRUE,TRUE,8,normal,normal,0.432432432,3.000360043,8.000960115,manual_clip,LE05_leaning_to_neighbor_take07,/home/sagemaker-user/exam_proctoring_dataset/02_clips/leaning_to_neighbor/LE05_leaning_to_neighbor_take07.mp4,images/LE05_leaning_to_neighbor_take07/win_007_midframe_0205.jpg,correct,,
LE05_leaning_to_neighbor_take08.mp4,LE05_leaning_to_neighbor_take08,leaning_to_neighbor,B4,LE05,0,0,74,0,2.960355243,37,1.480177621,7,7,TRUE,TRUE,8,normal,normal,0,5.000600072,9.00108013,manual_clip,LE05_leaning_to_neighbor_take08,/home/sagemaker-user/exam_proctoring_dataset/02_clips/leaning_to_neighbor/LE05_leaning_to_neighbor_take08.mp4,images/LE05_leaning_to_neighbor_take08/win_000_midframe_0037.jpg,correct,,
LE05_leaning_to_neighbor_take08.mp4,LE05_leaning_to_neighbor_take08,leaning_to_neighbor,B4,LE05,1,24,98,0.960115214,3.920470456,61,2.440292835,7,7,TRUE,TRUE,8,normal,normal,0,5.000600072,9.00108013,manual_clip,LE05_leaning_to_neighbor_take08,/home/sagemaker-user/exam_proctoring_dataset/02_clips/leaning_to_neighbor/LE05_leaning_to_neighbor_take08.mp4,images/LE05_leaning_to_neighbor_take08/win_001_midframe_0061.jpg,correct,,
LE05_leaning_to_neighbor_take08.mp4,LE05_leaning_to_neighbor_take08,leaning_to_neighbor,B4,LE05,2,48,122,1.920230428,4.88058567,85,3.400408049,7,7,TRUE,TRUE,8,normal,normal,0,5.000600072,9.00108013,manual_clip,LE05_leaning_to_neighbor_take08,/home/sagemaker-user/exam_proctoring_dataset/02_clips/leaning_to_neighbor/LE05_leaning_to_neighbor_take08.mp4,images/LE05_leaning_to_neighbor_take08/win_002_midframe_0085.jpg,correct,,
LE05_leaning_to_neighbor_take08.mp4,LE05_leaning_to_neighbor_take08,leaning_to_neighbor,B4,LE05,3,72,146,2.880345641,5.840700884,109,4.360523263,7,7,TRUE,TRUE,8,normal,normal,0.283783784,5.000600072,9.00108013,manual_clip,LE05_leaning_to_neighbor_take08,/home/sagemaker-user/exam_proctoring_dataset/02_clips/leaning_to_neighbor/LE05_leaning_to_neighbor_take08.mp4,images/LE05_leaning_to_neighbor_take08/win_003_midframe_0109.jpg,correct,,
LE05_leaning_to_neighbor_take08.mp4,LE05_leaning_to_neighbor_take08,leaning_to_neighbor,B4,LE05,4,96,170,3.840460855,6.800816098,133,5.320638477,7,7,TRUE,TRUE,8,leaning_to_neighbor,suspicious,0.608108108,5.000600072,9.00108013,manual_clip,LE05_leaning_to_neighbor_take08,/home/sagemaker-user/exam_proctoring_dataset/02_clips/leaning_to_neighbor/LE05_leaning_to_neighbor_take08.mp4,images/LE05_leaning_to_neighbor_take08/win_004_midframe_0133.jpg,correct,,
LE05_leaning_to_neighbor_take08.mp4,LE05_leaning_to_neighbor_take08,leaning_to_neighbor,B4,LE05,5,120,194,4.800576069,7.760931312,157,6.28075369,7,7,TRUE,TRUE,8,leaning_to_neighbor,suspicious,0.932432432,5.000600072,9.00108013,manual_clip,LE05_leaning_to_neighbor_take08,/home/sagemaker-user/exam_proctoring_dataset/02_clips/leaning_to_neighbor/LE05_leaning_to_neighbor_take08.mp4,images/LE05_leaning_to_neighbor_take08/win_005_midframe_0157.jpg,correct,,
LE05_leaning_to_neighbor_take08.mp4,LE05_leaning_to_neighbor_take08,leaning_to_neighbor,B4,LE05,6,144,218,5.760691283,8.721046526,181,7.240868904,7,7,TRUE,TRUE,8,leaning_to_neighbor,suspicious,1,5.000600072,9.00108013,manual_clip,LE05_leaning_to_neighbor_take08,/home/sagemaker-user/exam_proctoring_dataset/02_clips/leaning_to_neighbor/LE05_leaning_to_neighbor_take08.mp4,images/LE05_leaning_to_neighbor_take08/win_006_midframe_0181.jpg,correct,,
LE05_leaning_to_neighbor_take08.mp4,LE05_leaning_to_neighbor_take08,leaning_to_neighbor,B4,LE05,7,168,242,6.720806497,9.681161739,205,8.200984118,7,7,TRUE,TRUE,8,leaning_to_neighbor,suspicious,0.77027027,5.000600072,9.00108013,manual_clip,LE05_leaning_to_neighbor_take08,/home/sagemaker-user/exam_proctoring_dataset/02_clips/leaning_to_neighbor/LE05_leaning_to_neighbor_take08.mp4,images/LE05_leaning_to_neighbor_take08/win_007_midframe_0205.jpg,correct,,
LE06_leaning_to_neighbor_take01.mp4,LE06_leaning_to_neighbor_take01,leaning_to_neighbor,A1,LE06,0,0,74,0,2.960355243,37,1.480177621,0,0,TRUE,TRUE,7,normal,normal,0,4.000480058,8.000960115,manual_clip,LE06_leaning_to_neighbor_take01,/home/sagemaker-user/exam_proctoring_dataset/02_clips/leaning_to_neighbor/LE06_leaning_to_neighbor_take01.mp4,images/LE06_leaning_to_neighbor_take01/win_000_midframe_0037.jpg,correct,,
LE06_leaning_to_neighbor_take01.mp4,LE06_leaning_to_neighbor_take01,leaning_to_neighbor,A1,LE06,1,24,98,0.960115214,3.920470456,61,2.440292835,0,0,TRUE,TRUE,7,normal,normal,0,4.000480058,8.000960115,manual_clip,LE06_leaning_to_neighbor_take01,/home/sagemaker-user/exam_proctoring_dataset/02_clips/leaning_to_neighbor/LE06_leaning_to_neighbor_take01.mp4,images/LE06_leaning_to_neighbor_take01/win_001_midframe_0061.jpg,correct,,
LE06_leaning_to_neighbor_take01.mp4,LE06_leaning_to_neighbor_take01,leaning_to_neighbor,A1,LE06,2,48,122,1.920230428,4.88058567,85,3.400408049,0,0,TRUE,TRUE,8,normal,normal,0.297297297,4.000480058,8.000960115,manual_clip,LE06_leaning_to_neighbor_take01,/home/sagemaker-user/exam_proctoring_dataset/02_clips/leaning_to_neighbor/LE06_leaning_to_neighbor_take01.mp4,images/LE06_leaning_to_neighbor_take01/win_002_midframe_0085.jpg,correct,,
LE06_leaning_to_neighbor_take01.mp4,LE06_leaning_to_neighbor_take01,leaning_to_neighbor,A1,LE06,3,72,146,2.880345641,5.840700884,109,4.360523263,0,0,TRUE,TRUE,8,leaning_to_neighbor,suspicious,0.621621622,4.000480058,8.000960115,manual_clip,LE06_leaning_to_neighbor_take01,/home/sagemaker-user/exam_proctoring_dataset/02_clips/leaning_to_neighbor/LE06_leaning_to_neighbor_take01.mp4,images/LE06_leaning_to_neighbor_take01/win_003_midframe_0109.jpg,correct,,
LE06_leaning_to_neighbor_take01.mp4,LE06_leaning_to_neighbor_take01,leaning_to_neighbor,A1,LE06,4,96,170,3.840460855,6.800816098,133,5.320638477,0,0,TRUE,TRUE,8,leaning_to_neighbor,suspicious,0.945945946,4.000480058,8.000960115,manual_clip,LE06_leaning_to_neighbor_take01,/home/sagemaker-user/exam_proctoring_dataset/02_clips/leaning_to_neighbor/LE06_leaning_to_neighbor_take01.mp4,images/LE06_leaning_to_neighbor_take01/win_004_midframe_0133.jpg,correct,,
LE06_leaning_to_neighbor_take01.mp4,LE06_leaning_to_neighbor_take01,leaning_to_neighbor,A1,LE06,5,120,194,4.800576069,7.760931312,157,6.28075369,0,0,TRUE,TRUE,8,leaning_to_neighbor,suspicious,1,4.000480058,8.000960115,manual_clip,LE06_leaning_to_neighbor_take01,/home/sagemaker-user/exam_proctoring_dataset/02_clips/leaning_to_neighbor/LE06_leaning_to_neighbor_take01.mp4,images/LE06_leaning_to_neighbor_take01/win_005_midframe_0157.jpg,correct,,
LE06_leaning_to_neighbor_take01.mp4,LE06_leaning_to_neighbor_take01,leaning_to_neighbor,A1,LE06,6,144,218,5.760691283,8.721046526,181,7.240868904,0,0,TRUE,TRUE,8,leaning_to_neighbor,suspicious,0.756756757,4.000480058,8.000960115,manual_clip,LE06_leaning_to_neighbor_take01,/home/sagemaker-user/exam_proctoring_dataset/02_clips/leaning_to_neighbor/LE06_leaning_to_neighbor_take01.mp4,images/LE06_leaning_to_neighbor_take01/win_006_midframe_0181.jpg,correct,,
LE06_leaning_to_neighbor_take01.mp4,LE06_leaning_to_neighbor_take01,leaning_to_neighbor,A1,LE06,7,168,242,6.720806497,9.681161739,205,8.200984118,0,0,TRUE,TRUE,8,normal,normal,0.432432432,4.000480058,8.000960115,manual_clip,LE06_leaning_to_neighbor_take01,/home/sagemaker-user/exam_proctoring_dataset/02_clips/leaning_to_neighbor/LE06_leaning_to_neighbor_take01.mp4,images/LE06_leaning_to_neighbor_take01/win_007_midframe_0205.jpg,correct,,
LE06_leaning_to_neighbor_take02.mp4,LE06_leaning_to_neighbor_take02,leaning_to_neighbor,A2,LE06,0,0,74,0,2.960355243,37,1.480177621,2,2,TRUE,TRUE,7,normal,normal,0,3.000360043,8.000960115,manual_clip,LE06_leaning_to_neighbor_take02,/home/sagemaker-user/exam_proctoring_dataset/02_clips/leaning_to_neighbor/LE06_leaning_to_neighbor_take02.mp4,images/LE06_leaning_to_neighbor_take02/win_000_midframe_0037.jpg,correct,,
LE06_leaning_to_neighbor_take02.mp4,LE06_leaning_to_neighbor_take02,leaning_to_neighbor,A2,LE06,1,24,98,0.960115214,3.920470456,61,2.440292835,2,2,TRUE,TRUE,8,normal,normal,0.310810811,3.000360043,8.000960115,manual_clip,LE06_leaning_to_neighbor_take02,/home/sagemaker-user/exam_proctoring_dataset/02_clips/leaning_to_neighbor/LE06_leaning_to_neighbor_take02.mp4,images/LE06_leaning_to_neighbor_take02/win_001_midframe_0061.jpg,correct,,
LE06_leaning_to_neighbor_take02.mp4,LE06_leaning_to_neighbor_take02,leaning_to_neighbor,A2,LE06,2,48,122,1.920230428,4.88058567,85,3.400408049,2,2,TRUE,TRUE,8,leaning_to_neighbor,suspicious,0.635135135,3.000360043,8.000960115,manual_clip,LE06_leaning_to_neighbor_take02,/home/sagemaker-user/exam_proctoring_dataset/02_clips/leaning_to_neighbor/LE06_leaning_to_neighbor_take02.mp4,images/LE06_leaning_to_neighbor_take02/win_002_midframe_0085.jpg,correct,,
LE06_leaning_to_neighbor_take02.mp4,LE06_leaning_to_neighbor_take02,leaning_to_neighbor,A2,LE06,3,72,146,2.880345641,5.840700884,109,4.360523263,2,2,TRUE,TRUE,8,leaning_to_neighbor,suspicious,0.959459459,3.000360043,8.000960115,manual_clip,LE06_leaning_to_neighbor_take02,/home/sagemaker-user/exam_proctoring_dataset/02_clips/leaning_to_neighbor/LE06_leaning_to_neighbor_take02.mp4,images/LE06_leaning_to_neighbor_take02/win_003_midframe_0109.jpg,correct,,
LE06_leaning_to_neighbor_take02.mp4,LE06_leaning_to_neighbor_take02,leaning_to_neighbor,A2,LE06,4,96,170,3.840460855,6.800816098,133,5.320638477,2,2,TRUE,TRUE,8,leaning_to_neighbor,suspicious,1,3.000360043,8.000960115,manual_clip,LE06_leaning_to_neighbor_take02,/home/sagemaker-user/exam_proctoring_dataset/02_clips/leaning_to_neighbor/LE06_leaning_to_neighbor_take02.mp4,images/LE06_leaning_to_neighbor_take02/win_004_midframe_0133.jpg,correct,,
LE06_leaning_to_neighbor_take02.mp4,LE06_leaning_to_neighbor_take02,leaning_to_neighbor,A2,LE06,5,120,194,4.800576069,7.760931312,157,6.28075369,2,2,TRUE,TRUE,8,leaning_to_neighbor,suspicious,1,3.000360043,8.000960115,manual_clip,LE06_leaning_to_neighbor_take02,/home/sagemaker-user/exam_proctoring_dataset/02_clips/leaning_to_neighbor/LE06_leaning_to_neighbor_take02.mp4,images/LE06_leaning_to_neighbor_take02/win_005_midframe_0157.jpg,correct,,
LE06_leaning_to_neighbor_take02.mp4,LE06_leaning_to_neighbor_take02,leaning_to_neighbor,A2,LE06,6,144,218,5.760691283,8.721046526,181,7.240868904,2,2,TRUE,TRUE,7,leaning_to_neighbor,suspicious,0.756756757,3.000360043,8.000960115,manual_clip,LE06_leaning_to_neighbor_take02,/home/sagemaker-user/exam_proctoring_dataset/02_clips/leaning_to_neighbor/LE06_leaning_to_neighbor_take02.mp4,images/LE06_leaning_to_neighbor_take02/win_006_midframe_0181.jpg,correct,,
LE06_leaning_to_neighbor_take02.mp4,LE06_leaning_to_neighbor_take02,leaning_to_neighbor,A2,LE06,7,168,242,6.720806497,9.681161739,205,8.200984118,2,2,TRUE,TRUE,8,normal,normal,0.432432432,3.000360043,8.000960115,manual_clip,LE06_leaning_to_neighbor_take02,/home/sagemaker-user/exam_proctoring_dataset/02_clips/leaning_to_neighbor/LE06_leaning_to_neighbor_take02.mp4,images/LE06_leaning_to_neighbor_take02/win_007_midframe_0205.jpg,correct,,
LE06_leaning_to_neighbor_take03.mp4,LE06_leaning_to_neighbor_take03,leaning_to_neighbor,A3,LE06,0,0,74,0,2.960355243,37,1.480177621,5,4,FALSE,TRUE,7,normal,normal,0,4.000480058,9.00108013,manual_clip,LE06_leaning_to_neighbor_take03,/home/sagemaker-user/exam_proctoring_dataset/02_clips/leaning_to_neighbor/LE06_leaning_to_neighbor_take03.mp4,images/LE06_leaning_to_neighbor_take03/win_000_midframe_0037.jpg,exclude,,mismatch
LE06_leaning_to_neighbor_take03.mp4,LE06_leaning_to_neighbor_take03,leaning_to_neighbor,A3,LE06,1,24,98,0.960115214,3.920470456,61,2.440292835,5,4,FALSE,TRUE,7,normal,normal,0,4.000480058,9.00108013,manual_clip,LE06_leaning_to_neighbor_take03,/home/sagemaker-user/exam_proctoring_dataset/02_clips/leaning_to_neighbor/LE06_leaning_to_neighbor_take03.mp4,images/LE06_leaning_to_neighbor_take03/win_001_midframe_0061.jpg,exclude,,mismatch
LE06_leaning_to_neighbor_take03.mp4,LE06_leaning_to_neighbor_take03,leaning_to_neighbor,A3,LE06,2,48,122,1.920230428,4.88058567,85,3.400408049,5,4,FALSE,TRUE,7,normal,normal,0.297297297,4.000480058,9.00108013,manual_clip,LE06_leaning_to_neighbor_take03,/home/sagemaker-user/exam_proctoring_dataset/02_clips/leaning_to_neighbor/LE06_leaning_to_neighbor_take03.mp4,images/LE06_leaning_to_neighbor_take03/win_002_midframe_0085.jpg,exclude,,mismatch
LE06_leaning_to_neighbor_take03.mp4,LE06_leaning_to_neighbor_take03,leaning_to_neighbor,A3,LE06,3,72,146,2.880345641,5.840700884,109,4.360523263,5,4,FALSE,TRUE,8,leaning_to_neighbor,suspicious,0.621621622,4.000480058,9.00108013,manual_clip,LE06_leaning_to_neighbor_take03,/home/sagemaker-user/exam_proctoring_dataset/02_clips/leaning_to_neighbor/LE06_leaning_to_neighbor_take03.mp4,images/LE06_leaning_to_neighbor_take03/win_003_midframe_0109.jpg,exclude,,mismatch
LE06_leaning_to_neighbor_take03.mp4,LE06_leaning_to_neighbor_take03,leaning_to_neighbor,A3,LE06,4,96,170,3.840460855,6.800816098,133,5.320638477,5,4,FALSE,TRUE,8,leaning_to_neighbor,suspicious,0.945945946,4.000480058,9.00108013,manual_clip,LE06_leaning_to_neighbor_take03,/home/sagemaker-user/exam_proctoring_dataset/02_clips/leaning_to_neighbor/LE06_leaning_to_neighbor_take03.mp4,images/LE06_leaning_to_neighbor_take03/win_004_midframe_0133.jpg,exclude,,mismatch
LE06_leaning_to_neighbor_take03.mp4,LE06_leaning_to_neighbor_take03,leaning_to_neighbor,A3,LE06,5,120,194,4.800576069,7.760931312,157,6.28075369,5,4,FALSE,TRUE,8,leaning_to_neighbor,suspicious,1,4.000480058,9.00108013,manual_clip,LE06_leaning_to_neighbor_take03,/home/sagemaker-user/exam_proctoring_dataset/02_clips/leaning_to_neighbor/LE06_leaning_to_neighbor_take03.mp4,images/LE06_leaning_to_neighbor_take03/win_005_midframe_0157.jpg,exclude,,mismatch
LE06_leaning_to_neighbor_take03.mp4,LE06_leaning_to_neighbor_take03,leaning_to_neighbor,A3,LE06,6,144,218,5.760691283,8.721046526,181,7.240868904,5,4,FALSE,TRUE,7,leaning_to_neighbor,suspicious,1,4.000480058,9.00108013,manual_clip,LE06_leaning_to_neighbor_take03,/home/sagemaker-user/exam_proctoring_dataset/02_clips/leaning_to_neighbor/LE06_leaning_to_neighbor_take03.mp4,images/LE06_leaning_to_neighbor_take03/win_006_midframe_0181.jpg,exclude,,mismatch
LE06_leaning_to_neighbor_take03.mp4,LE06_leaning_to_neighbor_take03,leaning_to_neighbor,A3,LE06,7,168,242,6.720806497,9.681161739,205,8.200984118,5,4,FALSE,TRUE,8,leaning_to_neighbor,suspicious,0.77027027,4.000480058,9.00108013,manual_clip,LE06_leaning_to_neighbor_take03,/home/sagemaker-user/exam_proctoring_dataset/02_clips/leaning_to_neighbor/LE06_leaning_to_neighbor_take03.mp4,images/LE06_leaning_to_neighbor_take03/win_007_midframe_0205.jpg,exclude,,mismatch
LE06_leaning_to_neighbor_take04.mp4,LE06_leaning_to_neighbor_take04,leaning_to_neighbor,A4,LE06,0,0,74,0,2.960355243,37,1.480177621,6,6,TRUE,TRUE,8,normal,normal,0,3.000360043,9.00108013,manual_clip,LE06_leaning_to_neighbor_take04,/home/sagemaker-user/exam_proctoring_dataset/02_clips/leaning_to_neighbor/LE06_leaning_to_neighbor_take04.mp4,images/LE06_leaning_to_neighbor_take04/win_000_midframe_0037.jpg,correct,,
LE06_leaning_to_neighbor_take04.mp4,LE06_leaning_to_neighbor_take04,leaning_to_neighbor,A4,LE06,1,24,98,0.960115214,3.920470456,61,2.440292835,6,6,TRUE,TRUE,7,normal,normal,0.310810811,3.000360043,9.00108013,manual_clip,LE06_leaning_to_neighbor_take04,/home/sagemaker-user/exam_proctoring_dataset/02_clips/leaning_to_neighbor/LE06_leaning_to_neighbor_take04.mp4,images/LE06_leaning_to_neighbor_take04/win_001_midframe_0061.jpg,correct,,
LE06_leaning_to_neighbor_take04.mp4,LE06_leaning_to_neighbor_take04,leaning_to_neighbor,A4,LE06,2,48,122,1.920230428,4.88058567,85,3.400408049,6,6,TRUE,TRUE,7,leaning_to_neighbor,suspicious,0.635135135,3.000360043,9.00108013,manual_clip,LE06_leaning_to_neighbor_take04,/home/sagemaker-user/exam_proctoring_dataset/02_clips/leaning_to_neighbor/LE06_leaning_to_neighbor_take04.mp4,images/LE06_leaning_to_neighbor_take04/win_002_midframe_0085.jpg,correct,,
LE06_leaning_to_neighbor_take04.mp4,LE06_leaning_to_neighbor_take04,leaning_to_neighbor,A4,LE06,3,72,146,2.880345641,5.840700884,109,4.360523263,6,6,TRUE,TRUE,7,leaning_to_neighbor,suspicious,0.959459459,3.000360043,9.00108013,manual_clip,LE06_leaning_to_neighbor_take04,/home/sagemaker-user/exam_proctoring_dataset/02_clips/leaning_to_neighbor/LE06_leaning_to_neighbor_take04.mp4,images/LE06_leaning_to_neighbor_take04/win_003_midframe_0109.jpg,correct,,
LE06_leaning_to_neighbor_take04.mp4,LE06_leaning_to_neighbor_take04,leaning_to_neighbor,A4,LE06,4,96,170,3.840460855,6.800816098,133,5.320638477,6,6,TRUE,TRUE,7,leaning_to_neighbor,suspicious,1,3.000360043,9.00108013,manual_clip,LE06_leaning_to_neighbor_take04,/home/sagemaker-user/exam_proctoring_dataset/02_clips/leaning_to_neighbor/LE06_leaning_to_neighbor_take04.mp4,images/LE06_leaning_to_neighbor_take04/win_004_midframe_0133.jpg,correct,,
LE06_leaning_to_neighbor_take04.mp4,LE06_leaning_to_neighbor_take04,leaning_to_neighbor,A4,LE06,5,120,194,4.800576069,7.760931312,157,6.28075369,6,6,TRUE,TRUE,7,leaning_to_neighbor,suspicious,1,3.000360043,9.00108013,manual_clip,LE06_leaning_to_neighbor_take04,/home/sagemaker-user/exam_proctoring_dataset/02_clips/leaning_to_neighbor/LE06_leaning_to_neighbor_take04.mp4,images/LE06_leaning_to_neighbor_take04/win_005_midframe_0157.jpg,correct,,
LE06_leaning_to_neighbor_take04.mp4,LE06_leaning_to_neighbor_take04,leaning_to_neighbor,A4,LE06,6,144,218,5.760691283,8.721046526,181,7.240868904,6,6,TRUE,TRUE,7,leaning_to_neighbor,suspicious,1,3.000360043,9.00108013,manual_clip,LE06_leaning_to_neighbor_take04,/home/sagemaker-user/exam_proctoring_dataset/02_clips/leaning_to_neighbor/LE06_leaning_to_neighbor_take04.mp4,images/LE06_leaning_to_neighbor_take04/win_006_midframe_0181.jpg,correct,,
LE06_leaning_to_neighbor_take04.mp4,LE06_leaning_to_neighbor_take04,leaning_to_neighbor,A4,LE06,7,168,242,6.720806497,9.681161739,205,8.200984118,6,6,TRUE,TRUE,7,leaning_to_neighbor,suspicious,0.77027027,3.000360043,9.00108013,manual_clip,LE06_leaning_to_neighbor_take04,/home/sagemaker-user/exam_proctoring_dataset/02_clips/leaning_to_neighbor/LE06_leaning_to_neighbor_take04.mp4,images/LE06_leaning_to_neighbor_take04/win_007_midframe_0205.jpg,correct,,
LE06_leaning_to_neighbor_take05.mp4,LE06_leaning_to_neighbor_take05,leaning_to_neighbor,B1,LE06,0,0,74,0,2.960355243,37,1.480177621,1,1,TRUE,TRUE,7,normal,normal,0,4.000480058,9.00108013,manual_clip,LE06_leaning_to_neighbor_take05,/home/sagemaker-user/exam_proctoring_dataset/02_clips/leaning_to_neighbor/LE06_leaning_to_neighbor_take05.mp4,images/LE06_leaning_to_neighbor_take05/win_000_midframe_0037.jpg,correct,,
LE06_leaning_to_neighbor_take05.mp4,LE06_leaning_to_neighbor_take05,leaning_to_neighbor,B1,LE06,1,24,98,0.960115214,3.920470456,61,2.440292835,1,1,TRUE,TRUE,7,normal,normal,0,4.000480058,9.00108013,manual_clip,LE06_leaning_to_neighbor_take05,/home/sagemaker-user/exam_proctoring_dataset/02_clips/leaning_to_neighbor/LE06_leaning_to_neighbor_take05.mp4,images/LE06_leaning_to_neighbor_take05/win_001_midframe_0061.jpg,correct,,
LE06_leaning_to_neighbor_take05.mp4,LE06_leaning_to_neighbor_take05,leaning_to_neighbor,B1,LE06,2,48,122,1.920230428,4.88058567,85,3.400408049,1,1,TRUE,TRUE,7,normal,normal,0.297297297,4.000480058,9.00108013,manual_clip,LE06_leaning_to_neighbor_take05,/home/sagemaker-user/exam_proctoring_dataset/02_clips/leaning_to_neighbor/LE06_leaning_to_neighbor_take05.mp4,images/LE06_leaning_to_neighbor_take05/win_002_midframe_0085.jpg,correct,,
LE06_leaning_to_neighbor_take05.mp4,LE06_leaning_to_neighbor_take05,leaning_to_neighbor,B1,LE06,3,72,146,2.880345641,5.840700884,109,4.360523263,1,1,TRUE,TRUE,7,leaning_to_neighbor,suspicious,0.621621622,4.000480058,9.00108013,manual_clip,LE06_leaning_to_neighbor_take05,/home/sagemaker-user/exam_proctoring_dataset/02_clips/leaning_to_neighbor/LE06_leaning_to_neighbor_take05.mp4,images/LE06_leaning_to_neighbor_take05/win_003_midframe_0109.jpg,correct,,
LE06_leaning_to_neighbor_take05.mp4,LE06_leaning_to_neighbor_take05,leaning_to_neighbor,B1,LE06,4,96,170,3.840460855,6.800816098,133,5.320638477,1,1,TRUE,TRUE,7,leaning_to_neighbor,suspicious,0.945945946,4.000480058,9.00108013,manual_clip,LE06_leaning_to_neighbor_take05,/home/sagemaker-user/exam_proctoring_dataset/02_clips/leaning_to_neighbor/LE06_leaning_to_neighbor_take05.mp4,images/LE06_leaning_to_neighbor_take05/win_004_midframe_0133.jpg,correct,,
LE06_leaning_to_neighbor_take05.mp4,LE06_leaning_to_neighbor_take05,leaning_to_neighbor,B1,LE06,5,120,194,4.800576069,7.760931312,157,6.28075369,1,1,TRUE,TRUE,7,leaning_to_neighbor,suspicious,1,4.000480058,9.00108013,manual_clip,LE06_leaning_to_neighbor_take05,/home/sagemaker-user/exam_proctoring_dataset/02_clips/leaning_to_neighbor/LE06_leaning_to_neighbor_take05.mp4,images/LE06_leaning_to_neighbor_take05/win_005_midframe_0157.jpg,correct,,
LE06_leaning_to_neighbor_take05.mp4,LE06_leaning_to_neighbor_take05,leaning_to_neighbor,B1,LE06,6,144,218,5.760691283,8.721046526,181,7.240868904,1,1,TRUE,TRUE,7,leaning_to_neighbor,suspicious,1,4.000480058,9.00108013,manual_clip,LE06_leaning_to_neighbor_take05,/home/sagemaker-user/exam_proctoring_dataset/02_clips/leaning_to_neighbor/LE06_leaning_to_neighbor_take05.mp4,images/LE06_leaning_to_neighbor_take05/win_006_midframe_0181.jpg,correct,,
LE06_leaning_to_neighbor_take05.mp4,LE06_leaning_to_neighbor_take05,leaning_to_neighbor,B1,LE06,7,168,242,6.720806497,9.681161739,205,8.200984118,1,1,TRUE,TRUE,7,leaning_to_neighbor,suspicious,0.77027027,4.000480058,9.00108013,manual_clip,LE06_leaning_to_neighbor_take05,/home/sagemaker-user/exam_proctoring_dataset/02_clips/leaning_to_neighbor/LE06_leaning_to_neighbor_take05.mp4,images/LE06_leaning_to_neighbor_take05/win_007_midframe_0205.jpg,correct,,
LE06_leaning_to_neighbor_take06.mp4,LE06_leaning_to_neighbor_take06,leaning_to_neighbor,B2,LE06,0,0,74,0,2.960355243,37,1.480177621,3,3,TRUE,TRUE,7,leaning_to_neighbor,suspicious,0.662162162,1.000120014,8.000960115,manual_clip,LE06_leaning_to_neighbor_take06,/home/sagemaker-user/exam_proctoring_dataset/02_clips/leaning_to_neighbor/LE06_leaning_to_neighbor_take06.mp4,images/LE06_leaning_to_neighbor_take06/win_000_midframe_0037.jpg,correct,,
LE06_leaning_to_neighbor_take06.mp4,LE06_leaning_to_neighbor_take06,leaning_to_neighbor,B2,LE06,1,24,98,0.960115214,3.920470456,61,2.440292835,3,3,TRUE,TRUE,7,leaning_to_neighbor,suspicious,0.986486486,1.000120014,8.000960115,manual_clip,LE06_leaning_to_neighbor_take06,/home/sagemaker-user/exam_proctoring_dataset/02_clips/leaning_to_neighbor/LE06_leaning_to_neighbor_take06.mp4,images/LE06_leaning_to_neighbor_take06/win_001_midframe_0061.jpg,correct,,
LE06_leaning_to_neighbor_take06.mp4,LE06_leaning_to_neighbor_take06,leaning_to_neighbor,B2,LE06,2,48,122,1.920230428,4.88058567,85,3.400408049,3,3,TRUE,TRUE,7,leaning_to_neighbor,suspicious,1,1.000120014,8.000960115,manual_clip,LE06_leaning_to_neighbor_take06,/home/sagemaker-user/exam_proctoring_dataset/02_clips/leaning_to_neighbor/LE06_leaning_to_neighbor_take06.mp4,images/LE06_leaning_to_neighbor_take06/win_002_midframe_0085.jpg,correct,,
LE06_leaning_to_neighbor_take06.mp4,LE06_leaning_to_neighbor_take06,leaning_to_neighbor,B2,LE06,3,72,146,2.880345641,5.840700884,109,4.360523263,3,3,TRUE,TRUE,7,leaning_to_neighbor,suspicious,1,1.000120014,8.000960115,manual_clip,LE06_leaning_to_neighbor_take06,/home/sagemaker-user/exam_proctoring_dataset/02_clips/leaning_to_neighbor/LE06_leaning_to_neighbor_take06.mp4,images/LE06_leaning_to_neighbor_take06/win_003_midframe_0109.jpg,correct,,
LE06_leaning_to_neighbor_take06.mp4,LE06_leaning_to_neighbor_take06,leaning_to_neighbor,B2,LE06,4,96,170,3.840460855,6.800816098,133,5.320638477,3,3,TRUE,TRUE,7,leaning_to_neighbor,suspicious,1,1.000120014,8.000960115,manual_clip,LE06_leaning_to_neighbor_take06,/home/sagemaker-user/exam_proctoring_dataset/02_clips/leaning_to_neighbor/LE06_leaning_to_neighbor_take06.mp4,images/LE06_leaning_to_neighbor_take06/win_004_midframe_0133.jpg,correct,,
LE06_leaning_to_neighbor_take06.mp4,LE06_leaning_to_neighbor_take06,leaning_to_neighbor,B2,LE06,5,120,194,4.800576069,7.760931312,157,6.28075369,3,3,TRUE,TRUE,7,leaning_to_neighbor,suspicious,1,1.000120014,8.000960115,manual_clip,LE06_leaning_to_neighbor_take06,/home/sagemaker-user/exam_proctoring_dataset/02_clips/leaning_to_neighbor/LE06_leaning_to_neighbor_take06.mp4,images/LE06_leaning_to_neighbor_take06/win_005_midframe_0157.jpg,correct,,
LE06_leaning_to_neighbor_take06.mp4,LE06_leaning_to_neighbor_take06,leaning_to_neighbor,B2,LE06,6,144,218,5.760691283,8.721046526,181,7.240868904,3,3,TRUE,TRUE,7,leaning_to_neighbor,suspicious,0.756756757,1.000120014,8.000960115,manual_clip,LE06_leaning_to_neighbor_take06,/home/sagemaker-user/exam_proctoring_dataset/02_clips/leaning_to_neighbor/LE06_leaning_to_neighbor_take06.mp4,images/LE06_leaning_to_neighbor_take06/win_006_midframe_0181.jpg,correct,,
LE06_leaning_to_neighbor_take06.mp4,LE06_leaning_to_neighbor_take06,leaning_to_neighbor,B2,LE06,7,168,242,6.720806497,9.681161739,205,8.200984118,3,3,TRUE,TRUE,7,normal,normal,0.432432432,1.000120014,8.000960115,manual_clip,LE06_leaning_to_neighbor_take06,/home/sagemaker-user/exam_proctoring_dataset/02_clips/leaning_to_neighbor/LE06_leaning_to_neighbor_take06.mp4,images/LE06_leaning_to_neighbor_take06/win_007_midframe_0205.jpg,correct,,
LE06_leaning_to_neighbor_take07.mp4,LE06_leaning_to_neighbor_take07,leaning_to_neighbor,B3,LE06,0,0,74,0,2.960355243,37,1.480177621,5,5,TRUE,TRUE,7,normal,normal,0,4.000480058,9.00108013,manual_clip,LE06_leaning_to_neighbor_take07,/home/sagemaker-user/exam_proctoring_dataset/02_clips/leaning_to_neighbor/LE06_leaning_to_neighbor_take07.mp4,images/LE06_leaning_to_neighbor_take07/win_000_midframe_0037.jpg,correct,,
LE06_leaning_to_neighbor_take07.mp4,LE06_leaning_to_neighbor_take07,leaning_to_neighbor,B3,LE06,1,24,98,0.960115214,3.920470456,61,2.440292835,5,5,TRUE,TRUE,7,normal,normal,0,4.000480058,9.00108013,manual_clip,LE06_leaning_to_neighbor_take07,/home/sagemaker-user/exam_proctoring_dataset/02_clips/leaning_to_neighbor/LE06_leaning_to_neighbor_take07.mp4,images/LE06_leaning_to_neighbor_take07/win_001_midframe_0061.jpg,correct,,
LE06_leaning_to_neighbor_take07.mp4,LE06_leaning_to_neighbor_take07,leaning_to_neighbor,B3,LE06,2,48,122,1.920230428,4.88058567,85,3.400408049,5,5,TRUE,TRUE,7,normal,normal,0.297297297,4.000480058,9.00108013,manual_clip,LE06_leaning_to_neighbor_take07,/home/sagemaker-user/exam_proctoring_dataset/02_clips/leaning_to_neighbor/LE06_leaning_to_neighbor_take07.mp4,images/LE06_leaning_to_neighbor_take07/win_002_midframe_0085.jpg,correct,,
LE06_leaning_to_neighbor_take07.mp4,LE06_leaning_to_neighbor_take07,leaning_to_neighbor,B3,LE06,3,72,146,2.880345641,5.840700884,109,4.360523263,5,5,TRUE,TRUE,7,leaning_to_neighbor,suspicious,0.621621622,4.000480058,9.00108013,manual_clip,LE06_leaning_to_neighbor_take07,/home/sagemaker-user/exam_proctoring_dataset/02_clips/leaning_to_neighbor/LE06_leaning_to_neighbor_take07.mp4,images/LE06_leaning_to_neighbor_take07/win_003_midframe_0109.jpg,correct,,
LE06_leaning_to_neighbor_take07.mp4,LE06_leaning_to_neighbor_take07,leaning_to_neighbor,B3,LE06,4,96,170,3.840460855,6.800816098,133,5.320638477,5,5,TRUE,TRUE,7,leaning_to_neighbor,suspicious,0.945945946,4.000480058,9.00108013,manual_clip,LE06_leaning_to_neighbor_take07,/home/sagemaker-user/exam_proctoring_dataset/02_clips/leaning_to_neighbor/LE06_leaning_to_neighbor_take07.mp4,images/LE06_leaning_to_neighbor_take07/win_004_midframe_0133.jpg,correct,,
LE06_leaning_to_neighbor_take07.mp4,LE06_leaning_to_neighbor_take07,leaning_to_neighbor,B3,LE06,5,120,194,4.800576069,7.760931312,157,6.28075369,5,5,TRUE,TRUE,7,leaning_to_neighbor,suspicious,1,4.000480058,9.00108013,manual_clip,LE06_leaning_to_neighbor_take07,/home/sagemaker-user/exam_proctoring_dataset/02_clips/leaning_to_neighbor/LE06_leaning_to_neighbor_take07.mp4,images/LE06_leaning_to_neighbor_take07/win_005_midframe_0157.jpg,correct,,
LE06_leaning_to_neighbor_take07.mp4,LE06_leaning_to_neighbor_take07,leaning_to_neighbor,B3,LE06,6,144,218,5.760691283,8.721046526,181,7.240868904,5,5,TRUE,TRUE,7,leaning_to_neighbor,suspicious,1,4.000480058,9.00108013,manual_clip,LE06_leaning_to_neighbor_take07,/home/sagemaker-user/exam_proctoring_dataset/02_clips/leaning_to_neighbor/LE06_leaning_to_neighbor_take07.mp4,images/LE06_leaning_to_neighbor_take07/win_006_midframe_0181.jpg,correct,,
LE06_leaning_to_neighbor_take07.mp4,LE06_leaning_to_neighbor_take07,leaning_to_neighbor,B3,LE06,7,168,242,6.720806497,9.681161739,205,8.200984118,5,5,TRUE,TRUE,7,leaning_to_neighbor,suspicious,0.77027027,4.000480058,9.00108013,manual_clip,LE06_leaning_to_neighbor_take07,/home/sagemaker-user/exam_proctoring_dataset/02_clips/leaning_to_neighbor/LE06_leaning_to_neighbor_take07.mp4,images/LE06_leaning_to_neighbor_take07/win_007_midframe_0205.jpg,correct,,
LE07_leaning_to_neighbor_take01.mp4,LE07_leaning_to_neighbor_take01,leaning_to_neighbor,A1,LE07,0,0,74,0,2.960592118,37,1.480296059,0,0,TRUE,TRUE,7,normal,normal,0,4.00080016,8.00160032,manual_clip,LE07_leaning_to_neighbor_take01,/home/sagemaker-user/exam_proctoring_dataset/02_clips/leaning_to_neighbor/LE07_leaning_to_neighbor_take01.mp4,images/LE07_leaning_to_neighbor_take01/win_000_midframe_0037.jpg,correct,,
LE07_leaning_to_neighbor_take01.mp4,LE07_leaning_to_neighbor_take01,leaning_to_neighbor,A1,LE07,1,24,98,0.960192038,3.920784157,61,2.440488098,0,0,TRUE,TRUE,7,normal,normal,0,4.00080016,8.00160032,manual_clip,LE07_leaning_to_neighbor_take01,/home/sagemaker-user/exam_proctoring_dataset/02_clips/leaning_to_neighbor/LE07_leaning_to_neighbor_take01.mp4,images/LE07_leaning_to_neighbor_take01/win_001_midframe_0061.jpg,correct,,
LE07_leaning_to_neighbor_take01.mp4,LE07_leaning_to_neighbor_take01,leaning_to_neighbor,A1,LE07,2,48,122,1.920384077,4.880976195,85,3.400680136,0,0,TRUE,TRUE,7,normal,normal,0.297297297,4.00080016,8.00160032,manual_clip,LE07_leaning_to_neighbor_take01,/home/sagemaker-user/exam_proctoring_dataset/02_clips/leaning_to_neighbor/LE07_leaning_to_neighbor_take01.mp4,images/LE07_leaning_to_neighbor_take01/win_002_midframe_0085.jpg,correct,,
LE07_leaning_to_neighbor_take01.mp4,LE07_leaning_to_neighbor_take01,leaning_to_neighbor,A1,LE07,3,72,146,2.880576115,5.841168234,109,4.360872174,0,0,TRUE,TRUE,7,leaning_to_neighbor,suspicious,0.621621622,4.00080016,8.00160032,manual_clip,LE07_leaning_to_neighbor_take01,/home/sagemaker-user/exam_proctoring_dataset/02_clips/leaning_to_neighbor/LE07_leaning_to_neighbor_take01.mp4,images/LE07_leaning_to_neighbor_take01/win_003_midframe_0109.jpg,correct,,
LE07_leaning_to_neighbor_take01.mp4,LE07_leaning_to_neighbor_take01,leaning_to_neighbor,A1,LE07,4,96,170,3.840768154,6.801360272,133,5.321064213,0,0,TRUE,TRUE,7,leaning_to_neighbor,suspicious,0.945945946,4.00080016,8.00160032,manual_clip,LE07_leaning_to_neighbor_take01,/home/sagemaker-user/exam_proctoring_dataset/02_clips/leaning_to_neighbor/LE07_leaning_to_neighbor_take01.mp4,images/LE07_leaning_to_neighbor_take01/win_004_midframe_0133.jpg,correct,,
LE07_leaning_to_neighbor_take01.mp4,LE07_leaning_to_neighbor_take01,leaning_to_neighbor,A1,LE07,5,120,194,4.800960192,7.76155231,157,6.281256251,0,0,TRUE,TRUE,7,leaning_to_neighbor,suspicious,1,4.00080016,8.00160032,manual_clip,LE07_leaning_to_neighbor_take01,/home/sagemaker-user/exam_proctoring_dataset/02_clips/leaning_to_neighbor/LE07_leaning_to_neighbor_take01.mp4,images/LE07_leaning_to_neighbor_take01/win_005_midframe_0157.jpg,correct,,
LE07_leaning_to_neighbor_take01.mp4,LE07_leaning_to_neighbor_take01,leaning_to_neighbor,A1,LE07,6,144,218,5.76115223,8.721744349,181,7.24144829,0,0,TRUE,TRUE,8,leaning_to_neighbor,suspicious,0.756756757,4.00080016,8.00160032,manual_clip,LE07_leaning_to_neighbor_take01,/home/sagemaker-user/exam_proctoring_dataset/02_clips/leaning_to_neighbor/LE07_leaning_to_neighbor_take01.mp4,images/LE07_leaning_to_neighbor_take01/win_006_midframe_0181.jpg,correct,,
LE07_leaning_to_neighbor_take01.mp4,LE07_leaning_to_neighbor_take01,leaning_to_neighbor,A1,LE07,7,168,242,6.721344269,9.681936387,205,8.201640328,0,0,TRUE,TRUE,7,normal,normal,0.432432432,4.00080016,8.00160032,manual_clip,LE07_leaning_to_neighbor_take01,/home/sagemaker-user/exam_proctoring_dataset/02_clips/leaning_to_neighbor/LE07_leaning_to_neighbor_take01.mp4,images/LE07_leaning_to_neighbor_take01/win_007_midframe_0205.jpg,correct,,
LE07_leaning_to_neighbor_take02.mp4,LE07_leaning_to_neighbor_take02,leaning_to_neighbor,A2,LE07,0,0,74,0,2.960592118,37,1.480296059,3,2,FALSE,TRUE,7,normal,normal,0,4.00080016,9.00180036,manual_clip,LE07_leaning_to_neighbor_take02,/home/sagemaker-user/exam_proctoring_dataset/02_clips/leaning_to_neighbor/LE07_leaning_to_neighbor_take02.mp4,images/LE07_leaning_to_neighbor_take02/win_000_midframe_0037.jpg,exclude,,mismatch
LE07_leaning_to_neighbor_take02.mp4,LE07_leaning_to_neighbor_take02,leaning_to_neighbor,A2,LE07,1,24,98,0.960192038,3.920784157,61,2.440488098,3,2,FALSE,TRUE,7,normal,normal,0,4.00080016,9.00180036,manual_clip,LE07_leaning_to_neighbor_take02,/home/sagemaker-user/exam_proctoring_dataset/02_clips/leaning_to_neighbor/LE07_leaning_to_neighbor_take02.mp4,images/LE07_leaning_to_neighbor_take02/win_001_midframe_0061.jpg,exclude,,mismatch
LE07_leaning_to_neighbor_take02.mp4,LE07_leaning_to_neighbor_take02,leaning_to_neighbor,A2,LE07,2,48,122,1.920384077,4.880976195,85,3.400680136,3,2,FALSE,TRUE,7,normal,normal,0.297297297,4.00080016,9.00180036,manual_clip,LE07_leaning_to_neighbor_take02,/home/sagemaker-user/exam_proctoring_dataset/02_clips/leaning_to_neighbor/LE07_leaning_to_neighbor_take02.mp4,images/LE07_leaning_to_neighbor_take02/win_002_midframe_0085.jpg,exclude,,mismatch
LE07_leaning_to_neighbor_take02.mp4,LE07_leaning_to_neighbor_take02,leaning_to_neighbor,A2,LE07,3,72,146,2.880576115,5.841168234,109,4.360872174,3,2,FALSE,TRUE,7,leaning_to_neighbor,suspicious,0.621621622,4.00080016,9.00180036,manual_clip,LE07_leaning_to_neighbor_take02,/home/sagemaker-user/exam_proctoring_dataset/02_clips/leaning_to_neighbor/LE07_leaning_to_neighbor_take02.mp4,images/LE07_leaning_to_neighbor_take02/win_003_midframe_0109.jpg,exclude,,mismatch
LE07_leaning_to_neighbor_take02.mp4,LE07_leaning_to_neighbor_take02,leaning_to_neighbor,A2,LE07,4,96,170,3.840768154,6.801360272,133,5.321064213,3,3,TRUE,TRUE,6,leaning_to_neighbor,suspicious,0.945945946,4.00080016,9.00180036,manual_clip,LE07_leaning_to_neighbor_take02,/home/sagemaker-user/exam_proctoring_dataset/02_clips/leaning_to_neighbor/LE07_leaning_to_neighbor_take02.mp4,images/LE07_leaning_to_neighbor_take02/win_004_midframe_0133.jpg,exclude,A2,"it should be A2 , but in image its selected A3 "
LE07_leaning_to_neighbor_take02.mp4,LE07_leaning_to_neighbor_take02,leaning_to_neighbor,A2,LE07,5,120,194,4.800960192,7.76155231,157,6.281256251,3,3,TRUE,TRUE,6,leaning_to_neighbor,suspicious,1,4.00080016,9.00180036,manual_clip,LE07_leaning_to_neighbor_take02,/home/sagemaker-user/exam_proctoring_dataset/02_clips/leaning_to_neighbor/LE07_leaning_to_neighbor_take02.mp4,images/LE07_leaning_to_neighbor_take02/win_005_midframe_0157.jpg,exclude,A2,"it should be A2 , but in image its selected A3 "
LE07_leaning_to_neighbor_take02.mp4,LE07_leaning_to_neighbor_take02,leaning_to_neighbor,A2,LE07,6,144,218,5.76115223,8.721744349,181,7.24144829,3,3,TRUE,TRUE,6,leaning_to_neighbor,suspicious,1,4.00080016,9.00180036,manual_clip,LE07_leaning_to_neighbor_take02,/home/sagemaker-user/exam_proctoring_dataset/02_clips/leaning_to_neighbor/LE07_leaning_to_neighbor_take02.mp4,images/LE07_leaning_to_neighbor_take02/win_006_midframe_0181.jpg,exclude,A2,"it should be A2 , but in image its selected A3 "
LE07_leaning_to_neighbor_take02.mp4,LE07_leaning_to_neighbor_take02,leaning_to_neighbor,A2,LE07,7,168,242,6.721344269,9.681936387,205,8.201640328,3,2,FALSE,TRUE,8,leaning_to_neighbor,suspicious,0.77027027,4.00080016,9.00180036,manual_clip,LE07_leaning_to_neighbor_take02,/home/sagemaker-user/exam_proctoring_dataset/02_clips/leaning_to_neighbor/LE07_leaning_to_neighbor_take02.mp4,images/LE07_leaning_to_neighbor_take02/win_007_midframe_0205.jpg,exclude,A2,"it should be A2 , but in image its selected A3 "
LE07_leaning_to_neighbor_take03.mp4,LE07_leaning_to_neighbor_take03,leaning_to_neighbor,A3,LE07,0,0,74,0,2.960592118,37,1.480296059,5,4,FALSE,TRUE,7,normal,normal,0,4.00080016,9.00180036,manual_clip,LE07_leaning_to_neighbor_take03,/home/sagemaker-user/exam_proctoring_dataset/02_clips/leaning_to_neighbor/LE07_leaning_to_neighbor_take03.mp4,images/LE07_leaning_to_neighbor_take03/win_000_midframe_0037.jpg,exclude,,mismatch
LE07_leaning_to_neighbor_take03.mp4,LE07_leaning_to_neighbor_take03,leaning_to_neighbor,A3,LE07,1,24,98,0.960192038,3.920784157,61,2.440488098,5,4,FALSE,TRUE,7,normal,normal,0,4.00080016,9.00180036,manual_clip,LE07_leaning_to_neighbor_take03,/home/sagemaker-user/exam_proctoring_dataset/02_clips/leaning_to_neighbor/LE07_leaning_to_neighbor_take03.mp4,images/LE07_leaning_to_neighbor_take03/win_001_midframe_0061.jpg,exclude,,mismatch
LE07_leaning_to_neighbor_take03.mp4,LE07_leaning_to_neighbor_take03,leaning_to_neighbor,A3,LE07,2,48,122,1.920384077,4.880976195,85,3.400680136,5,4,FALSE,TRUE,7,normal,normal,0.297297297,4.00080016,9.00180036,manual_clip,LE07_leaning_to_neighbor_take03,/home/sagemaker-user/exam_proctoring_dataset/02_clips/leaning_to_neighbor/LE07_leaning_to_neighbor_take03.mp4,images/LE07_leaning_to_neighbor_take03/win_002_midframe_0085.jpg,exclude,,mismatch
LE07_leaning_to_neighbor_take03.mp4,LE07_leaning_to_neighbor_take03,leaning_to_neighbor,A3,LE07,3,72,146,2.880576115,5.841168234,109,4.360872174,5,5,TRUE,TRUE,6,leaning_to_neighbor,suspicious,0.621621622,4.00080016,9.00180036,manual_clip,LE07_leaning_to_neighbor_take03,/home/sagemaker-user/exam_proctoring_dataset/02_clips/leaning_to_neighbor/LE07_leaning_to_neighbor_take03.mp4,images/LE07_leaning_to_neighbor_take03/win_003_midframe_0109.jpg,exclude,A3,"it should be A3 , but in image its selected A4 "
LE07_leaning_to_neighbor_take03.mp4,LE07_leaning_to_neighbor_take03,leaning_to_neighbor,A3,LE07,4,96,170,3.840768154,6.801360272,133,5.321064213,5,4,FALSE,TRUE,7,leaning_to_neighbor,suspicious,0.945945946,4.00080016,9.00180036,manual_clip,LE07_leaning_to_neighbor_take03,/home/sagemaker-user/exam_proctoring_dataset/02_clips/leaning_to_neighbor/LE07_leaning_to_neighbor_take03.mp4,images/LE07_leaning_to_neighbor_take03/win_004_midframe_0133.jpg,exclude,,mismatch
LE07_leaning_to_neighbor_take03.mp4,LE07_leaning_to_neighbor_take03,leaning_to_neighbor,A3,LE07,5,120,194,4.800960192,7.76155231,157,6.281256251,5,4,FALSE,TRUE,7,leaning_to_neighbor,suspicious,1,4.00080016,9.00180036,manual_clip,LE07_leaning_to_neighbor_take03,/home/sagemaker-user/exam_proctoring_dataset/02_clips/leaning_to_neighbor/LE07_leaning_to_neighbor_take03.mp4,images/LE07_leaning_to_neighbor_take03/win_005_midframe_0157.jpg,exclude,,mismatch
LE07_leaning_to_neighbor_take03.mp4,LE07_leaning_to_neighbor_take03,leaning_to_neighbor,A3,LE07,6,144,218,5.76115223,8.721744349,181,7.24144829,5,5,TRUE,TRUE,6,leaning_to_neighbor,suspicious,1,4.00080016,9.00180036,manual_clip,LE07_leaning_to_neighbor_take03,/home/sagemaker-user/exam_proctoring_dataset/02_clips/leaning_to_neighbor/LE07_leaning_to_neighbor_take03.mp4,images/LE07_leaning_to_neighbor_take03/win_006_midframe_0181.jpg,exclude,A3,"it should be A3 , but in image its selected A4 "
LE07_leaning_to_neighbor_take03.mp4,LE07_leaning_to_neighbor_take03,leaning_to_neighbor,A3,LE07,7,168,242,6.721344269,9.681936387,205,8.201640328,5,4,FALSE,TRUE,7,leaning_to_neighbor,suspicious,0.77027027,4.00080016,9.00180036,manual_clip,LE07_leaning_to_neighbor_take03,/home/sagemaker-user/exam_proctoring_dataset/02_clips/leaning_to_neighbor/LE07_leaning_to_neighbor_take03.mp4,images/LE07_leaning_to_neighbor_take03/win_007_midframe_0205.jpg,exclude,,mismatch
LE07_leaning_to_neighbor_take04.mp4,LE07_leaning_to_neighbor_take04,leaning_to_neighbor,A4,LE07,0,0,74,0,2.960592118,37,1.480296059,6,6,TRUE,TRUE,8,normal,normal,0,4.00080016,7.00140028,manual_clip,LE07_leaning_to_neighbor_take04,/home/sagemaker-user/exam_proctoring_dataset/02_clips/leaning_to_neighbor/LE07_leaning_to_neighbor_take04.mp4,images/LE07_leaning_to_neighbor_take04/win_000_midframe_0037.jpg,correct,,
LE07_leaning_to_neighbor_take04.mp4,LE07_leaning_to_neighbor_take04,leaning_to_neighbor,A4,LE07,1,24,98,0.960192038,3.920784157,61,2.440488098,6,6,TRUE,TRUE,7,normal,normal,0,4.00080016,7.00140028,manual_clip,LE07_leaning_to_neighbor_take04,/home/sagemaker-user/exam_proctoring_dataset/02_clips/leaning_to_neighbor/LE07_leaning_to_neighbor_take04.mp4,images/LE07_leaning_to_neighbor_take04/win_001_midframe_0061.jpg,correct,,
LE07_leaning_to_neighbor_take04.mp4,LE07_leaning_to_neighbor_take04,leaning_to_neighbor,A4,LE07,2,48,122,1.920384077,4.880976195,85,3.400680136,6,6,TRUE,TRUE,8,normal,normal,0.297297297,4.00080016,7.00140028,manual_clip,LE07_leaning_to_neighbor_take04,/home/sagemaker-user/exam_proctoring_dataset/02_clips/leaning_to_neighbor/LE07_leaning_to_neighbor_take04.mp4,images/LE07_leaning_to_neighbor_take04/win_002_midframe_0085.jpg,correct,,
LE07_leaning_to_neighbor_take04.mp4,LE07_leaning_to_neighbor_take04,leaning_to_neighbor,A4,LE07,3,72,146,2.880576115,5.841168234,109,4.360872174,6,6,TRUE,TRUE,8,leaning_to_neighbor,suspicious,0.621621622,4.00080016,7.00140028,manual_clip,LE07_leaning_to_neighbor_take04,/home/sagemaker-user/exam_proctoring_dataset/02_clips/leaning_to_neighbor/LE07_leaning_to_neighbor_take04.mp4,images/LE07_leaning_to_neighbor_take04/win_003_midframe_0109.jpg,correct,,
LE07_leaning_to_neighbor_take04.mp4,LE07_leaning_to_neighbor_take04,leaning_to_neighbor,A4,LE07,4,96,170,3.840768154,6.801360272,133,5.321064213,6,6,TRUE,TRUE,8,leaning_to_neighbor,suspicious,0.945945946,4.00080016,7.00140028,manual_clip,LE07_leaning_to_neighbor_take04,/home/sagemaker-user/exam_proctoring_dataset/02_clips/leaning_to_neighbor/LE07_leaning_to_neighbor_take04.mp4,images/LE07_leaning_to_neighbor_take04/win_004_midframe_0133.jpg,correct,,
LE07_leaning_to_neighbor_take04.mp4,LE07_leaning_to_neighbor_take04,leaning_to_neighbor,A4,LE07,5,120,194,4.800960192,7.76155231,157,6.281256251,6,6,TRUE,TRUE,8,leaning_to_neighbor,suspicious,0.743243243,4.00080016,7.00140028,manual_clip,LE07_leaning_to_neighbor_take04,/home/sagemaker-user/exam_proctoring_dataset/02_clips/leaning_to_neighbor/LE07_leaning_to_neighbor_take04.mp4,images/LE07_leaning_to_neighbor_take04/win_005_midframe_0157.jpg,correct,,
LE07_leaning_to_neighbor_take04.mp4,LE07_leaning_to_neighbor_take04,leaning_to_neighbor,A4,LE07,6,144,218,5.76115223,8.721744349,181,7.24144829,6,6,TRUE,TRUE,8,normal,normal,0.418918919,4.00080016,7.00140028,manual_clip,LE07_leaning_to_neighbor_take04,/home/sagemaker-user/exam_proctoring_dataset/02_clips/leaning_to_neighbor/LE07_leaning_to_neighbor_take04.mp4,images/LE07_leaning_to_neighbor_take04/win_006_midframe_0181.jpg,correct,,
LE07_leaning_to_neighbor_take04.mp4,LE07_leaning_to_neighbor_take04,leaning_to_neighbor,A4,LE07,7,168,242,6.721344269,9.681936387,205,8.201640328,6,6,TRUE,TRUE,8,normal,normal,0.094594595,4.00080016,7.00140028,manual_clip,LE07_leaning_to_neighbor_take04,/home/sagemaker-user/exam_proctoring_dataset/02_clips/leaning_to_neighbor/LE07_leaning_to_neighbor_take04.mp4,images/LE07_leaning_to_neighbor_take04/win_007_midframe_0205.jpg,correct,,
LE07_leaning_to_neighbor_take05.mp4,LE07_leaning_to_neighbor_take05,leaning_to_neighbor,B1,LE07,0,0,74,0,2.960592118,37,1.480296059,1,1,TRUE,TRUE,8,normal,normal,0,4.00080016,9.00180036,manual_clip,LE07_leaning_to_neighbor_take05,/home/sagemaker-user/exam_proctoring_dataset/02_clips/leaning_to_neighbor/LE07_leaning_to_neighbor_take05.mp4,images/LE07_leaning_to_neighbor_take05/win_000_midframe_0037.jpg,correct,,
LE07_leaning_to_neighbor_take05.mp4,LE07_leaning_to_neighbor_take05,leaning_to_neighbor,B1,LE07,1,24,98,0.960192038,3.920784157,61,2.440488098,1,1,TRUE,TRUE,7,normal,normal,0,4.00080016,9.00180036,manual_clip,LE07_leaning_to_neighbor_take05,/home/sagemaker-user/exam_proctoring_dataset/02_clips/leaning_to_neighbor/LE07_leaning_to_neighbor_take05.mp4,images/LE07_leaning_to_neighbor_take05/win_001_midframe_0061.jpg,correct,,
LE07_leaning_to_neighbor_take05.mp4,LE07_leaning_to_neighbor_take05,leaning_to_neighbor,B1,LE07,2,48,122,1.920384077,4.880976195,85,3.400680136,1,1,TRUE,TRUE,7,normal,normal,0.297297297,4.00080016,9.00180036,manual_clip,LE07_leaning_to_neighbor_take05,/home/sagemaker-user/exam_proctoring_dataset/02_clips/leaning_to_neighbor/LE07_leaning_to_neighbor_take05.mp4,images/LE07_leaning_to_neighbor_take05/win_002_midframe_0085.jpg,correct,,
LE07_leaning_to_neighbor_take05.mp4,LE07_leaning_to_neighbor_take05,leaning_to_neighbor,B1,LE07,3,72,146,2.880576115,5.841168234,109,4.360872174,1,1,TRUE,TRUE,7,leaning_to_neighbor,suspicious,0.621621622,4.00080016,9.00180036,manual_clip,LE07_leaning_to_neighbor_take05,/home/sagemaker-user/exam_proctoring_dataset/02_clips/leaning_to_neighbor/LE07_leaning_to_neighbor_take05.mp4,images/LE07_leaning_to_neighbor_take05/win_003_midframe_0109.jpg,correct,,
LE07_leaning_to_neighbor_take05.mp4,LE07_leaning_to_neighbor_take05,leaning_to_neighbor,B1,LE07,4,96,170,3.840768154,6.801360272,133,5.321064213,1,1,TRUE,TRUE,7,leaning_to_neighbor,suspicious,0.945945946,4.00080016,9.00180036,manual_clip,LE07_leaning_to_neighbor_take05,/home/sagemaker-user/exam_proctoring_dataset/02_clips/leaning_to_neighbor/LE07_leaning_to_neighbor_take05.mp4,images/LE07_leaning_to_neighbor_take05/win_004_midframe_0133.jpg,correct,,
LE07_leaning_to_neighbor_take05.mp4,LE07_leaning_to_neighbor_take05,leaning_to_neighbor,B1,LE07,5,120,194,4.800960192,7.76155231,157,6.281256251,1,1,TRUE,TRUE,7,leaning_to_neighbor,suspicious,1,4.00080016,9.00180036,manual_clip,LE07_leaning_to_neighbor_take05,/home/sagemaker-user/exam_proctoring_dataset/02_clips/leaning_to_neighbor/LE07_leaning_to_neighbor_take05.mp4,images/LE07_leaning_to_neighbor_take05/win_005_midframe_0157.jpg,correct,,
LE07_leaning_to_neighbor_take05.mp4,LE07_leaning_to_neighbor_take05,leaning_to_neighbor,B1,LE07,6,144,218,5.76115223,8.721744349,181,7.24144829,1,1,TRUE,TRUE,7,leaning_to_neighbor,suspicious,1,4.00080016,9.00180036,manual_clip,LE07_leaning_to_neighbor_take05,/home/sagemaker-user/exam_proctoring_dataset/02_clips/leaning_to_neighbor/LE07_leaning_to_neighbor_take05.mp4,images/LE07_leaning_to_neighbor_take05/win_006_midframe_0181.jpg,correct,,
LE07_leaning_to_neighbor_take05.mp4,LE07_leaning_to_neighbor_take05,leaning_to_neighbor,B1,LE07,7,168,242,6.721344269,9.681936387,205,8.201640328,1,1,TRUE,TRUE,7,leaning_to_neighbor,suspicious,0.77027027,4.00080016,9.00180036,manual_clip,LE07_leaning_to_neighbor_take05,/home/sagemaker-user/exam_proctoring_dataset/02_clips/leaning_to_neighbor/LE07_leaning_to_neighbor_take05.mp4,images/LE07_leaning_to_neighbor_take05/win_007_midframe_0205.jpg,correct,,
LE07_leaning_to_neighbor_take06.mp4,LE07_leaning_to_neighbor_take06,leaning_to_neighbor,B2,LE07,0,0,74,0,2.960592118,37,1.480296059,3,3,TRUE,TRUE,7,normal,normal,0,3.00060012,9.00180036,manual_clip,LE07_leaning_to_neighbor_take06,/home/sagemaker-user/exam_proctoring_dataset/02_clips/leaning_to_neighbor/LE07_leaning_to_neighbor_take06.mp4,images/LE07_leaning_to_neighbor_take06/win_000_midframe_0037.jpg,correct,,
LE07_leaning_to_neighbor_take06.mp4,LE07_leaning_to_neighbor_take06,leaning_to_neighbor,B2,LE07,1,24,98,0.960192038,3.920784157,61,2.440488098,3,3,TRUE,TRUE,7,normal,normal,0.310810811,3.00060012,9.00180036,manual_clip,LE07_leaning_to_neighbor_take06,/home/sagemaker-user/exam_proctoring_dataset/02_clips/leaning_to_neighbor/LE07_leaning_to_neighbor_take06.mp4,images/LE07_leaning_to_neighbor_take06/win_001_midframe_0061.jpg,correct,,
LE07_leaning_to_neighbor_take06.mp4,LE07_leaning_to_neighbor_take06,leaning_to_neighbor,B2,LE07,2,48,122,1.920384077,4.880976195,85,3.400680136,3,3,TRUE,TRUE,7,leaning_to_neighbor,suspicious,0.635135135,3.00060012,9.00180036,manual_clip,LE07_leaning_to_neighbor_take06,/home/sagemaker-user/exam_proctoring_dataset/02_clips/leaning_to_neighbor/LE07_leaning_to_neighbor_take06.mp4,images/LE07_leaning_to_neighbor_take06/win_002_midframe_0085.jpg,correct,,
LE07_leaning_to_neighbor_take06.mp4,LE07_leaning_to_neighbor_take06,leaning_to_neighbor,B2,LE07,3,72,146,2.880576115,5.841168234,109,4.360872174,3,3,TRUE,TRUE,7,leaning_to_neighbor,suspicious,0.959459459,3.00060012,9.00180036,manual_clip,LE07_leaning_to_neighbor_take06,/home/sagemaker-user/exam_proctoring_dataset/02_clips/leaning_to_neighbor/LE07_leaning_to_neighbor_take06.mp4,images/LE07_leaning_to_neighbor_take06/win_003_midframe_0109.jpg,correct,,
LE07_leaning_to_neighbor_take06.mp4,LE07_leaning_to_neighbor_take06,leaning_to_neighbor,B2,LE07,4,96,170,3.840768154,6.801360272,133,5.321064213,3,3,TRUE,TRUE,7,leaning_to_neighbor,suspicious,1,3.00060012,9.00180036,manual_clip,LE07_leaning_to_neighbor_take06,/home/sagemaker-user/exam_proctoring_dataset/02_clips/leaning_to_neighbor/LE07_leaning_to_neighbor_take06.mp4,images/LE07_leaning_to_neighbor_take06/win_004_midframe_0133.jpg,correct,,
LE07_leaning_to_neighbor_take06.mp4,LE07_leaning_to_neighbor_take06,leaning_to_neighbor,B2,LE07,5,120,194,4.800960192,7.76155231,157,6.281256251,3,3,TRUE,TRUE,8,leaning_to_neighbor,suspicious,1,3.00060012,9.00180036,manual_clip,LE07_leaning_to_neighbor_take06,/home/sagemaker-user/exam_proctoring_dataset/02_clips/leaning_to_neighbor/LE07_leaning_to_neighbor_take06.mp4,images/LE07_leaning_to_neighbor_take06/win_005_midframe_0157.jpg,correct,,
LE07_leaning_to_neighbor_take06.mp4,LE07_leaning_to_neighbor_take06,leaning_to_neighbor,B2,LE07,6,144,218,5.76115223,8.721744349,181,7.24144829,3,3,TRUE,TRUE,8,leaning_to_neighbor,suspicious,1,3.00060012,9.00180036,manual_clip,LE07_leaning_to_neighbor_take06,/home/sagemaker-user/exam_proctoring_dataset/02_clips/leaning_to_neighbor/LE07_leaning_to_neighbor_take06.mp4,images/LE07_leaning_to_neighbor_take06/win_006_midframe_0181.jpg,correct,,
LE07_leaning_to_neighbor_take06.mp4,LE07_leaning_to_neighbor_take06,leaning_to_neighbor,B2,LE07,7,168,242,6.721344269,9.681936387,205,8.201640328,3,3,TRUE,TRUE,7,leaning_to_neighbor,suspicious,0.77027027,3.00060012,9.00180036,manual_clip,LE07_leaning_to_neighbor_take06,/home/sagemaker-user/exam_proctoring_dataset/02_clips/leaning_to_neighbor/LE07_leaning_to_neighbor_take06.mp4,images/LE07_leaning_to_neighbor_take06/win_007_midframe_0205.jpg,correct,,
LE07_leaning_to_neighbor_take07.mp4,LE07_leaning_to_neighbor_take07,leaning_to_neighbor,B3,LE07,0,0,74,0,2.960592118,37,1.480296059,5,5,TRUE,TRUE,7,normal,normal,0.324324324,2.00040008,8.00160032,manual_clip,LE07_leaning_to_neighbor_take07,/home/sagemaker-user/exam_proctoring_dataset/02_clips/leaning_to_neighbor/LE07_leaning_to_neighbor_take07.mp4,images/LE07_leaning_to_neighbor_take07/win_000_midframe_0037.jpg,correct,,
LE07_leaning_to_neighbor_take07.mp4,LE07_leaning_to_neighbor_take07,leaning_to_neighbor,B3,LE07,1,24,98,0.960192038,3.920784157,61,2.440488098,5,5,TRUE,TRUE,7,leaning_to_neighbor,suspicious,0.648648649,2.00040008,8.00160032,manual_clip,LE07_leaning_to_neighbor_take07,/home/sagemaker-user/exam_proctoring_dataset/02_clips/leaning_to_neighbor/LE07_leaning_to_neighbor_take07.mp4,images/LE07_leaning_to_neighbor_take07/win_001_midframe_0061.jpg,correct,,
LE07_leaning_to_neighbor_take07.mp4,LE07_leaning_to_neighbor_take07,leaning_to_neighbor,B3,LE07,2,48,122,1.920384077,4.880976195,85,3.400680136,5,5,TRUE,TRUE,7,leaning_to_neighbor,suspicious,0.972972973,2.00040008,8.00160032,manual_clip,LE07_leaning_to_neighbor_take07,/home/sagemaker-user/exam_proctoring_dataset/02_clips/leaning_to_neighbor/LE07_leaning_to_neighbor_take07.mp4,images/LE07_leaning_to_neighbor_take07/win_002_midframe_0085.jpg,correct,,
LE07_leaning_to_neighbor_take07.mp4,LE07_leaning_to_neighbor_take07,leaning_to_neighbor,B3,LE07,3,72,146,2.880576115,5.841168234,109,4.360872174,5,5,TRUE,TRUE,8,leaning_to_neighbor,suspicious,1,2.00040008,8.00160032,manual_clip,LE07_leaning_to_neighbor_take07,/home/sagemaker-user/exam_proctoring_dataset/02_clips/leaning_to_neighbor/LE07_leaning_to_neighbor_take07.mp4,images/LE07_leaning_to_neighbor_take07/win_003_midframe_0109.jpg,correct,,
LE07_leaning_to_neighbor_take07.mp4,LE07_leaning_to_neighbor_take07,leaning_to_neighbor,B3,LE07,4,96,170,3.840768154,6.801360272,133,5.321064213,5,5,TRUE,TRUE,8,leaning_to_neighbor,suspicious,1,2.00040008,8.00160032,manual_clip,LE07_leaning_to_neighbor_take07,/home/sagemaker-user/exam_proctoring_dataset/02_clips/leaning_to_neighbor/LE07_leaning_to_neighbor_take07.mp4,images/LE07_leaning_to_neighbor_take07/win_004_midframe_0133.jpg,correct,,
LE07_leaning_to_neighbor_take07.mp4,LE07_leaning_to_neighbor_take07,leaning_to_neighbor,B3,LE07,5,120,194,4.800960192,7.76155231,157,6.281256251,5,5,TRUE,TRUE,7,leaning_to_neighbor,suspicious,1,2.00040008,8.00160032,manual_clip,LE07_leaning_to_neighbor_take07,/home/sagemaker-user/exam_proctoring_dataset/02_clips/leaning_to_neighbor/LE07_leaning_to_neighbor_take07.mp4,images/LE07_leaning_to_neighbor_take07/win_005_midframe_0157.jpg,correct,,
LE07_leaning_to_neighbor_take07.mp4,LE07_leaning_to_neighbor_take07,leaning_to_neighbor,B3,LE07,6,144,218,5.76115223,8.721744349,181,7.24144829,5,5,TRUE,TRUE,8,leaning_to_neighbor,suspicious,0.756756757,2.00040008,8.00160032,manual_clip,LE07_leaning_to_neighbor_take07,/home/sagemaker-user/exam_proctoring_dataset/02_clips/leaning_to_neighbor/LE07_leaning_to_neighbor_take07.mp4,images/LE07_leaning_to_neighbor_take07/win_006_midframe_0181.jpg,correct,,
LE07_leaning_to_neighbor_take07.mp4,LE07_leaning_to_neighbor_take07,leaning_to_neighbor,B3,LE07,7,168,242,6.721344269,9.681936387,205,8.201640328,5,5,TRUE,TRUE,7,normal,normal,0.432432432,2.00040008,8.00160032,manual_clip,LE07_leaning_to_neighbor_take07,/home/sagemaker-user/exam_proctoring_dataset/02_clips/leaning_to_neighbor/LE07_leaning_to_neighbor_take07.mp4,images/LE07_leaning_to_neighbor_take07/win_007_midframe_0205.jpg,correct,,
LE07_leaning_to_neighbor_take08.mp4,LE07_leaning_to_neighbor_take08,leaning_to_neighbor,B4,LE07,0,0,74,0,2.960592118,37,1.480296059,7,7,TRUE,TRUE,8,normal,normal,0,4.00080016,9.00180036,manual_clip,LE07_leaning_to_neighbor_take08,/home/sagemaker-user/exam_proctoring_dataset/02_clips/leaning_to_neighbor/LE07_leaning_to_neighbor_take08.mp4,images/LE07_leaning_to_neighbor_take08/win_000_midframe_0037.jpg,correct,,
LE07_leaning_to_neighbor_take08.mp4,LE07_leaning_to_neighbor_take08,leaning_to_neighbor,B4,LE07,1,24,98,0.960192038,3.920784157,61,2.440488098,7,-1,FALSE,FALSE,7,normal,normal,0,4.00080016,9.00180036,manual_clip,LE07_leaning_to_neighbor_take08,/home/sagemaker-user/exam_proctoring_dataset/02_clips/leaning_to_neighbor/LE07_leaning_to_neighbor_take08.mp4,images/LE07_leaning_to_neighbor_take08/win_001_midframe_0061.jpg,exclude,,mismatch
LE07_leaning_to_neighbor_take08.mp4,LE07_leaning_to_neighbor_take08,leaning_to_neighbor,B4,LE07,2,48,122,1.920384077,4.880976195,85,3.400680136,7,7,TRUE,TRUE,8,normal,normal,0.297297297,4.00080016,9.00180036,manual_clip,LE07_leaning_to_neighbor_take08,/home/sagemaker-user/exam_proctoring_dataset/02_clips/leaning_to_neighbor/LE07_leaning_to_neighbor_take08.mp4,images/LE07_leaning_to_neighbor_take08/win_002_midframe_0085.jpg,correct,,
LE07_leaning_to_neighbor_take08.mp4,LE07_leaning_to_neighbor_take08,leaning_to_neighbor,B4,LE07,3,72,146,2.880576115,5.841168234,109,4.360872174,7,7,TRUE,TRUE,8,leaning_to_neighbor,suspicious,0.621621622,4.00080016,9.00180036,manual_clip,LE07_leaning_to_neighbor_take08,/home/sagemaker-user/exam_proctoring_dataset/02_clips/leaning_to_neighbor/LE07_leaning_to_neighbor_take08.mp4,images/LE07_leaning_to_neighbor_take08/win_003_midframe_0109.jpg,correct,,
LE07_leaning_to_neighbor_take08.mp4,LE07_leaning_to_neighbor_take08,leaning_to_neighbor,B4,LE07,4,96,170,3.840768154,6.801360272,133,5.321064213,7,-1,FALSE,FALSE,7,leaning_to_neighbor,suspicious,0.945945946,4.00080016,9.00180036,manual_clip,LE07_leaning_to_neighbor_take08,/home/sagemaker-user/exam_proctoring_dataset/02_clips/leaning_to_neighbor/LE07_leaning_to_neighbor_take08.mp4,images/LE07_leaning_to_neighbor_take08/win_004_midframe_0133.jpg,exclude,,mismatch
LE07_leaning_to_neighbor_take08.mp4,LE07_leaning_to_neighbor_take08,leaning_to_neighbor,B4,LE07,5,120,194,4.800960192,7.76155231,157,6.281256251,7,-1,FALSE,FALSE,7,leaning_to_neighbor,suspicious,1,4.00080016,9.00180036,manual_clip,LE07_leaning_to_neighbor_take08,/home/sagemaker-user/exam_proctoring_dataset/02_clips/leaning_to_neighbor/LE07_leaning_to_neighbor_take08.mp4,images/LE07_leaning_to_neighbor_take08/win_005_midframe_0157.jpg,exclude,,mismatch
LE07_leaning_to_neighbor_take08.mp4,LE07_leaning_to_neighbor_take08,leaning_to_neighbor,B4,LE07,6,144,218,5.76115223,8.721744349,181,7.24144829,7,-1,FALSE,FALSE,7,leaning_to_neighbor,suspicious,1,4.00080016,9.00180036,manual_clip,LE07_leaning_to_neighbor_take08,/home/sagemaker-user/exam_proctoring_dataset/02_clips/leaning_to_neighbor/LE07_leaning_to_neighbor_take08.mp4,images/LE07_leaning_to_neighbor_take08/win_006_midframe_0181.jpg,exclude,,mismatch
LE07_leaning_to_neighbor_take08.mp4,LE07_leaning_to_neighbor_take08,leaning_to_neighbor,B4,LE07,7,168,242,6.721344269,9.681936387,205,8.201640328,7,-1,FALSE,FALSE,7,leaning_to_neighbor,suspicious,0.77027027,4.00080016,9.00180036,manual_clip,LE07_leaning_to_neighbor_take08,/home/sagemaker-user/exam_proctoring_dataset/02_clips/leaning_to_neighbor/LE07_leaning_to_neighbor_take08.mp4,images/LE07_leaning_to_neighbor_take08/win_007_midframe_0205.jpg,exclude,,mismatch
LE08_leaning_to_neighbor_take01.mp4,LE08_leaning_to_neighbor_take01,leaning_to_neighbor,A1,LE08,0,0,74,0,2.960355243,37,1.480177621,0,0,TRUE,TRUE,8,normal,normal,0,4.000480058,9.00108013,manual_clip,LE08_leaning_to_neighbor_take01,/home/sagemaker-user/exam_proctoring_dataset/02_clips/leaning_to_neighbor/LE08_leaning_to_neighbor_take01.mp4,images/LE08_leaning_to_neighbor_take01/win_000_midframe_0037.jpg,correct,,
LE08_leaning_to_neighbor_take01.mp4,LE08_leaning_to_neighbor_take01,leaning_to_neighbor,A1,LE08,1,24,98,0.960115214,3.920470456,61,2.440292835,0,0,TRUE,TRUE,8,normal,normal,0,4.000480058,9.00108013,manual_clip,LE08_leaning_to_neighbor_take01,/home/sagemaker-user/exam_proctoring_dataset/02_clips/leaning_to_neighbor/LE08_leaning_to_neighbor_take01.mp4,images/LE08_leaning_to_neighbor_take01/win_001_midframe_0061.jpg,correct,,
LE08_leaning_to_neighbor_take01.mp4,LE08_leaning_to_neighbor_take01,leaning_to_neighbor,A1,LE08,2,48,122,1.920230428,4.88058567,85,3.400408049,0,0,TRUE,TRUE,8,normal,normal,0.297297297,4.000480058,9.00108013,manual_clip,LE08_leaning_to_neighbor_take01,/home/sagemaker-user/exam_proctoring_dataset/02_clips/leaning_to_neighbor/LE08_leaning_to_neighbor_take01.mp4,images/LE08_leaning_to_neighbor_take01/win_002_midframe_0085.jpg,correct,,
LE08_leaning_to_neighbor_take01.mp4,LE08_leaning_to_neighbor_take01,leaning_to_neighbor,A1,LE08,3,72,146,2.880345641,5.840700884,109,4.360523263,0,0,TRUE,TRUE,8,leaning_to_neighbor,suspicious,0.621621622,4.000480058,9.00108013,manual_clip,LE08_leaning_to_neighbor_take01,/home/sagemaker-user/exam_proctoring_dataset/02_clips/leaning_to_neighbor/LE08_leaning_to_neighbor_take01.mp4,images/LE08_leaning_to_neighbor_take01/win_003_midframe_0109.jpg,correct,,
LE08_leaning_to_neighbor_take01.mp4,LE08_leaning_to_neighbor_take01,leaning_to_neighbor,A1,LE08,4,96,170,3.840460855,6.800816098,133,5.320638477,0,0,TRUE,TRUE,8,leaning_to_neighbor,suspicious,0.945945946,4.000480058,9.00108013,manual_clip,LE08_leaning_to_neighbor_take01,/home/sagemaker-user/exam_proctoring_dataset/02_clips/leaning_to_neighbor/LE08_leaning_to_neighbor_take01.mp4,images/LE08_leaning_to_neighbor_take01/win_004_midframe_0133.jpg,correct,,
LE08_leaning_to_neighbor_take01.mp4,LE08_leaning_to_neighbor_take01,leaning_to_neighbor,A1,LE08,5,120,194,4.800576069,7.760931312,157,6.28075369,0,0,TRUE,TRUE,8,leaning_to_neighbor,suspicious,1,4.000480058,9.00108013,manual_clip,LE08_leaning_to_neighbor_take01,/home/sagemaker-user/exam_proctoring_dataset/02_clips/leaning_to_neighbor/LE08_leaning_to_neighbor_take01.mp4,images/LE08_leaning_to_neighbor_take01/win_005_midframe_0157.jpg,correct,,
LE08_leaning_to_neighbor_take01.mp4,LE08_leaning_to_neighbor_take01,leaning_to_neighbor,A1,LE08,6,144,218,5.760691283,8.721046526,181,7.240868904,0,0,TRUE,TRUE,8,leaning_to_neighbor,suspicious,1,4.000480058,9.00108013,manual_clip,LE08_leaning_to_neighbor_take01,/home/sagemaker-user/exam_proctoring_dataset/02_clips/leaning_to_neighbor/LE08_leaning_to_neighbor_take01.mp4,images/LE08_leaning_to_neighbor_take01/win_006_midframe_0181.jpg,correct,,
LE08_leaning_to_neighbor_take01.mp4,LE08_leaning_to_neighbor_take01,leaning_to_neighbor,A1,LE08,7,168,242,6.720806497,9.681161739,205,8.200984118,0,0,TRUE,TRUE,8,leaning_to_neighbor,suspicious,0.77027027,4.000480058,9.00108013,manual_clip,LE08_leaning_to_neighbor_take01,/home/sagemaker-user/exam_proctoring_dataset/02_clips/leaning_to_neighbor/LE08_leaning_to_neighbor_take01.mp4,images/LE08_leaning_to_neighbor_take01/win_007_midframe_0205.jpg,correct,,
LE08_leaning_to_neighbor_take02.mp4,LE08_leaning_to_neighbor_take02,leaning_to_neighbor,A2,LE08,0,0,74,0,2.960355243,37,1.480177621,2,2,TRUE,TRUE,8,normal,normal,0,4.000480058,9.00108013,manual_clip,LE08_leaning_to_neighbor_take02,/home/sagemaker-user/exam_proctoring_dataset/02_clips/leaning_to_neighbor/LE08_leaning_to_neighbor_take02.mp4,images/LE08_leaning_to_neighbor_take02/win_000_midframe_0037.jpg,correct,,
LE08_leaning_to_neighbor_take02.mp4,LE08_leaning_to_neighbor_take02,leaning_to_neighbor,A2,LE08,1,24,98,0.960115214,3.920470456,61,2.440292835,2,2,TRUE,TRUE,8,normal,normal,0,4.000480058,9.00108013,manual_clip,LE08_leaning_to_neighbor_take02,/home/sagemaker-user/exam_proctoring_dataset/02_clips/leaning_to_neighbor/LE08_leaning_to_neighbor_take02.mp4,images/LE08_leaning_to_neighbor_take02/win_001_midframe_0061.jpg,correct,,
LE08_leaning_to_neighbor_take02.mp4,LE08_leaning_to_neighbor_take02,leaning_to_neighbor,A2,LE08,2,48,122,1.920230428,4.88058567,85,3.400408049,2,2,TRUE,TRUE,8,normal,normal,0.297297297,4.000480058,9.00108013,manual_clip,LE08_leaning_to_neighbor_take02,/home/sagemaker-user/exam_proctoring_dataset/02_clips/leaning_to_neighbor/LE08_leaning_to_neighbor_take02.mp4,images/LE08_leaning_to_neighbor_take02/win_002_midframe_0085.jpg,correct,,
LE08_leaning_to_neighbor_take02.mp4,LE08_leaning_to_neighbor_take02,leaning_to_neighbor,A2,LE08,3,72,146,2.880345641,5.840700884,109,4.360523263,2,2,TRUE,TRUE,8,leaning_to_neighbor,suspicious,0.621621622,4.000480058,9.00108013,manual_clip,LE08_leaning_to_neighbor_take02,/home/sagemaker-user/exam_proctoring_dataset/02_clips/leaning_to_neighbor/LE08_leaning_to_neighbor_take02.mp4,images/LE08_leaning_to_neighbor_take02/win_003_midframe_0109.jpg,correct,,
LE08_leaning_to_neighbor_take02.mp4,LE08_leaning_to_neighbor_take02,leaning_to_neighbor,A2,LE08,4,96,170,3.840460855,6.800816098,133,5.320638477,2,2,TRUE,TRUE,7,leaning_to_neighbor,suspicious,0.945945946,4.000480058,9.00108013,manual_clip,LE08_leaning_to_neighbor_take02,/home/sagemaker-user/exam_proctoring_dataset/02_clips/leaning_to_neighbor/LE08_leaning_to_neighbor_take02.mp4,images/LE08_leaning_to_neighbor_take02/win_004_midframe_0133.jpg,correct,,
LE08_leaning_to_neighbor_take02.mp4,LE08_leaning_to_neighbor_take02,leaning_to_neighbor,A2,LE08,5,120,194,4.800576069,7.760931312,157,6.28075369,2,2,TRUE,TRUE,7,leaning_to_neighbor,suspicious,1,4.000480058,9.00108013,manual_clip,LE08_leaning_to_neighbor_take02,/home/sagemaker-user/exam_proctoring_dataset/02_clips/leaning_to_neighbor/LE08_leaning_to_neighbor_take02.mp4,images/LE08_leaning_to_neighbor_take02/win_005_midframe_0157.jpg,correct,,
LE08_leaning_to_neighbor_take02.mp4,LE08_leaning_to_neighbor_take02,leaning_to_neighbor,A2,LE08,6,144,218,5.760691283,8.721046526,181,7.240868904,2,2,TRUE,TRUE,7,leaning_to_neighbor,suspicious,1,4.000480058,9.00108013,manual_clip,LE08_leaning_to_neighbor_take02,/home/sagemaker-user/exam_proctoring_dataset/02_clips/leaning_to_neighbor/LE08_leaning_to_neighbor_take02.mp4,images/LE08_leaning_to_neighbor_take02/win_006_midframe_0181.jpg,correct,,
LE08_leaning_to_neighbor_take02.mp4,LE08_leaning_to_neighbor_take02,leaning_to_neighbor,A2,LE08,7,168,242,6.720806497,9.681161739,205,8.200984118,2,2,TRUE,TRUE,7,leaning_to_neighbor,suspicious,0.77027027,4.000480058,9.00108013,manual_clip,LE08_leaning_to_neighbor_take02,/home/sagemaker-user/exam_proctoring_dataset/02_clips/leaning_to_neighbor/LE08_leaning_to_neighbor_take02.mp4,images/LE08_leaning_to_neighbor_take02/win_007_midframe_0205.jpg,correct,,
LE08_leaning_to_neighbor_take03.mp4,LE08_leaning_to_neighbor_take03,leaning_to_neighbor,A3,LE08,0,0,74,0,2.960355243,37,1.480177621,4,4,TRUE,TRUE,8,normal,normal,0,4.000480058,9.00108013,manual_clip,LE08_leaning_to_neighbor_take03,/home/sagemaker-user/exam_proctoring_dataset/02_clips/leaning_to_neighbor/LE08_leaning_to_neighbor_take03.mp4,images/LE08_leaning_to_neighbor_take03/win_000_midframe_0037.jpg,correct,,
LE08_leaning_to_neighbor_take03.mp4,LE08_leaning_to_neighbor_take03,leaning_to_neighbor,A3,LE08,1,24,98,0.960115214,3.920470456,61,2.440292835,4,4,TRUE,TRUE,8,normal,normal,0,4.000480058,9.00108013,manual_clip,LE08_leaning_to_neighbor_take03,/home/sagemaker-user/exam_proctoring_dataset/02_clips/leaning_to_neighbor/LE08_leaning_to_neighbor_take03.mp4,images/LE08_leaning_to_neighbor_take03/win_001_midframe_0061.jpg,correct,,
LE08_leaning_to_neighbor_take03.mp4,LE08_leaning_to_neighbor_take03,leaning_to_neighbor,A3,LE08,2,48,122,1.920230428,4.88058567,85,3.400408049,4,4,TRUE,TRUE,8,normal,normal,0.297297297,4.000480058,9.00108013,manual_clip,LE08_leaning_to_neighbor_take03,/home/sagemaker-user/exam_proctoring_dataset/02_clips/leaning_to_neighbor/LE08_leaning_to_neighbor_take03.mp4,images/LE08_leaning_to_neighbor_take03/win_002_midframe_0085.jpg,correct,,
LE08_leaning_to_neighbor_take03.mp4,LE08_leaning_to_neighbor_take03,leaning_to_neighbor,A3,LE08,3,72,146,2.880345641,5.840700884,109,4.360523263,4,4,TRUE,TRUE,8,leaning_to_neighbor,suspicious,0.621621622,4.000480058,9.00108013,manual_clip,LE08_leaning_to_neighbor_take03,/home/sagemaker-user/exam_proctoring_dataset/02_clips/leaning_to_neighbor/LE08_leaning_to_neighbor_take03.mp4,images/LE08_leaning_to_neighbor_take03/win_003_midframe_0109.jpg,correct,,
LE08_leaning_to_neighbor_take03.mp4,LE08_leaning_to_neighbor_take03,leaning_to_neighbor,A3,LE08,4,96,170,3.840460855,6.800816098,133,5.320638477,4,4,TRUE,TRUE,7,leaning_to_neighbor,suspicious,0.945945946,4.000480058,9.00108013,manual_clip,LE08_leaning_to_neighbor_take03,/home/sagemaker-user/exam_proctoring_dataset/02_clips/leaning_to_neighbor/LE08_leaning_to_neighbor_take03.mp4,images/LE08_leaning_to_neighbor_take03/win_004_midframe_0133.jpg,correct,,
LE08_leaning_to_neighbor_take03.mp4,LE08_leaning_to_neighbor_take03,leaning_to_neighbor,A3,LE08,5,120,194,4.800576069,7.760931312,157,6.28075369,4,4,TRUE,TRUE,7,leaning_to_neighbor,suspicious,1,4.000480058,9.00108013,manual_clip,LE08_leaning_to_neighbor_take03,/home/sagemaker-user/exam_proctoring_dataset/02_clips/leaning_to_neighbor/LE08_leaning_to_neighbor_take03.mp4,images/LE08_leaning_to_neighbor_take03/win_005_midframe_0157.jpg,correct,,
LE08_leaning_to_neighbor_take03.mp4,LE08_leaning_to_neighbor_take03,leaning_to_neighbor,A3,LE08,6,144,218,5.760691283,8.721046526,181,7.240868904,4,4,TRUE,TRUE,7,leaning_to_neighbor,suspicious,1,4.000480058,9.00108013,manual_clip,LE08_leaning_to_neighbor_take03,/home/sagemaker-user/exam_proctoring_dataset/02_clips/leaning_to_neighbor/LE08_leaning_to_neighbor_take03.mp4,images/LE08_leaning_to_neighbor_take03/win_006_midframe_0181.jpg,correct,,
LE08_leaning_to_neighbor_take03.mp4,LE08_leaning_to_neighbor_take03,leaning_to_neighbor,A3,LE08,7,168,242,6.720806497,9.681161739,205,8.200984118,4,4,TRUE,TRUE,7,leaning_to_neighbor,suspicious,0.77027027,4.000480058,9.00108013,manual_clip,LE08_leaning_to_neighbor_take03,/home/sagemaker-user/exam_proctoring_dataset/02_clips/leaning_to_neighbor/LE08_leaning_to_neighbor_take03.mp4,images/LE08_leaning_to_neighbor_take03/win_007_midframe_0205.jpg,correct,,
LE08_leaning_to_neighbor_take05.mp4,LE08_leaning_to_neighbor_take05,leaning_to_neighbor,B1,LE08,0,0,74,0,2.960355243,37,1.480177621,1,1,TRUE,TRUE,8,normal,normal,0,4.000480058,9.00108013,manual_clip,LE08_leaning_to_neighbor_take05,/home/sagemaker-user/exam_proctoring_dataset/02_clips/leaning_to_neighbor/LE08_leaning_to_neighbor_take05.mp4,images/LE08_leaning_to_neighbor_take05/win_000_midframe_0037.jpg,correct,,
LE08_leaning_to_neighbor_take05.mp4,LE08_leaning_to_neighbor_take05,leaning_to_neighbor,B1,LE08,1,24,98,0.960115214,3.920470456,61,2.440292835,1,1,TRUE,TRUE,8,normal,normal,0,4.000480058,9.00108013,manual_clip,LE08_leaning_to_neighbor_take05,/home/sagemaker-user/exam_proctoring_dataset/02_clips/leaning_to_neighbor/LE08_leaning_to_neighbor_take05.mp4,images/LE08_leaning_to_neighbor_take05/win_001_midframe_0061.jpg,correct,,
LE08_leaning_to_neighbor_take05.mp4,LE08_leaning_to_neighbor_take05,leaning_to_neighbor,B1,LE08,2,48,122,1.920230428,4.88058567,85,3.400408049,1,1,TRUE,TRUE,8,normal,normal,0.297297297,4.000480058,9.00108013,manual_clip,LE08_leaning_to_neighbor_take05,/home/sagemaker-user/exam_proctoring_dataset/02_clips/leaning_to_neighbor/LE08_leaning_to_neighbor_take05.mp4,images/LE08_leaning_to_neighbor_take05/win_002_midframe_0085.jpg,correct,,
LE08_leaning_to_neighbor_take05.mp4,LE08_leaning_to_neighbor_take05,leaning_to_neighbor,B1,LE08,3,72,146,2.880345641,5.840700884,109,4.360523263,1,1,TRUE,TRUE,8,leaning_to_neighbor,suspicious,0.621621622,4.000480058,9.00108013,manual_clip,LE08_leaning_to_neighbor_take05,/home/sagemaker-user/exam_proctoring_dataset/02_clips/leaning_to_neighbor/LE08_leaning_to_neighbor_take05.mp4,images/LE08_leaning_to_neighbor_take05/win_003_midframe_0109.jpg,correct,,
LE08_leaning_to_neighbor_take05.mp4,LE08_leaning_to_neighbor_take05,leaning_to_neighbor,B1,LE08,4,96,170,3.840460855,6.800816098,133,5.320638477,1,1,TRUE,TRUE,8,leaning_to_neighbor,suspicious,0.945945946,4.000480058,9.00108013,manual_clip,LE08_leaning_to_neighbor_take05,/home/sagemaker-user/exam_proctoring_dataset/02_clips/leaning_to_neighbor/LE08_leaning_to_neighbor_take05.mp4,images/LE08_leaning_to_neighbor_take05/win_004_midframe_0133.jpg,correct,,
LE08_leaning_to_neighbor_take05.mp4,LE08_leaning_to_neighbor_take05,leaning_to_neighbor,B1,LE08,5,120,194,4.800576069,7.760931312,157,6.28075369,1,1,TRUE,TRUE,8,leaning_to_neighbor,suspicious,1,4.000480058,9.00108013,manual_clip,LE08_leaning_to_neighbor_take05,/home/sagemaker-user/exam_proctoring_dataset/02_clips/leaning_to_neighbor/LE08_leaning_to_neighbor_take05.mp4,images/LE08_leaning_to_neighbor_take05/win_005_midframe_0157.jpg,correct,,
LE08_leaning_to_neighbor_take05.mp4,LE08_leaning_to_neighbor_take05,leaning_to_neighbor,B1,LE08,6,144,218,5.760691283,8.721046526,181,7.240868904,1,1,TRUE,TRUE,8,leaning_to_neighbor,suspicious,1,4.000480058,9.00108013,manual_clip,LE08_leaning_to_neighbor_take05,/home/sagemaker-user/exam_proctoring_dataset/02_clips/leaning_to_neighbor/LE08_leaning_to_neighbor_take05.mp4,images/LE08_leaning_to_neighbor_take05/win_006_midframe_0181.jpg,correct,,
LE08_leaning_to_neighbor_take05.mp4,LE08_leaning_to_neighbor_take05,leaning_to_neighbor,B1,LE08,7,168,242,6.720806497,9.681161739,205,8.200984118,1,1,TRUE,TRUE,8,leaning_to_neighbor,suspicious,0.77027027,4.000480058,9.00108013,manual_clip,LE08_leaning_to_neighbor_take05,/home/sagemaker-user/exam_proctoring_dataset/02_clips/leaning_to_neighbor/LE08_leaning_to_neighbor_take05.mp4,images/LE08_leaning_to_neighbor_take05/win_007_midframe_0205.jpg,correct,,
LE08_leaning_to_neighbor_take06.mp4,LE08_leaning_to_neighbor_take06,leaning_to_neighbor,B2,LE08,0,0,74,0,2.960355243,37,1.480177621,3,3,TRUE,TRUE,8,normal,normal,0,4.000480058,9.00108013,manual_clip,LE08_leaning_to_neighbor_take06,/home/sagemaker-user/exam_proctoring_dataset/02_clips/leaning_to_neighbor/LE08_leaning_to_neighbor_take06.mp4,images/LE08_leaning_to_neighbor_take06/win_000_midframe_0037.jpg,correct,,
LE08_leaning_to_neighbor_take06.mp4,LE08_leaning_to_neighbor_take06,leaning_to_neighbor,B2,LE08,1,24,98,0.960115214,3.920470456,61,2.440292835,3,3,TRUE,TRUE,8,normal,normal,0,4.000480058,9.00108013,manual_clip,LE08_leaning_to_neighbor_take06,/home/sagemaker-user/exam_proctoring_dataset/02_clips/leaning_to_neighbor/LE08_leaning_to_neighbor_take06.mp4,images/LE08_leaning_to_neighbor_take06/win_001_midframe_0061.jpg,correct,,
LE08_leaning_to_neighbor_take06.mp4,LE08_leaning_to_neighbor_take06,leaning_to_neighbor,B2,LE08,2,48,122,1.920230428,4.88058567,85,3.400408049,3,3,TRUE,TRUE,8,normal,normal,0.297297297,4.000480058,9.00108013,manual_clip,LE08_leaning_to_neighbor_take06,/home/sagemaker-user/exam_proctoring_dataset/02_clips/leaning_to_neighbor/LE08_leaning_to_neighbor_take06.mp4,images/LE08_leaning_to_neighbor_take06/win_002_midframe_0085.jpg,correct,,
LE08_leaning_to_neighbor_take06.mp4,LE08_leaning_to_neighbor_take06,leaning_to_neighbor,B2,LE08,3,72,146,2.880345641,5.840700884,109,4.360523263,3,3,TRUE,TRUE,8,leaning_to_neighbor,suspicious,0.621621622,4.000480058,9.00108013,manual_clip,LE08_leaning_to_neighbor_take06,/home/sagemaker-user/exam_proctoring_dataset/02_clips/leaning_to_neighbor/LE08_leaning_to_neighbor_take06.mp4,images/LE08_leaning_to_neighbor_take06/win_003_midframe_0109.jpg,correct,,
LE08_leaning_to_neighbor_take06.mp4,LE08_leaning_to_neighbor_take06,leaning_to_neighbor,B2,LE08,4,96,170,3.840460855,6.800816098,133,5.320638477,3,3,TRUE,TRUE,8,leaning_to_neighbor,suspicious,0.945945946,4.000480058,9.00108013,manual_clip,LE08_leaning_to_neighbor_take06,/home/sagemaker-user/exam_proctoring_dataset/02_clips/leaning_to_neighbor/LE08_leaning_to_neighbor_take06.mp4,images/LE08_leaning_to_neighbor_take06/win_004_midframe_0133.jpg,correct,,
LE08_leaning_to_neighbor_take06.mp4,LE08_leaning_to_neighbor_take06,leaning_to_neighbor,B2,LE08,5,120,194,4.800576069,7.760931312,157,6.28075369,3,3,TRUE,TRUE,8,leaning_to_neighbor,suspicious,1,4.000480058,9.00108013,manual_clip,LE08_leaning_to_neighbor_take06,/home/sagemaker-user/exam_proctoring_dataset/02_clips/leaning_to_neighbor/LE08_leaning_to_neighbor_take06.mp4,images/LE08_leaning_to_neighbor_take06/win_005_midframe_0157.jpg,correct,,
LE08_leaning_to_neighbor_take06.mp4,LE08_leaning_to_neighbor_take06,leaning_to_neighbor,B2,LE08,6,144,218,5.760691283,8.721046526,181,7.240868904,3,3,TRUE,TRUE,8,leaning_to_neighbor,suspicious,1,4.000480058,9.00108013,manual_clip,LE08_leaning_to_neighbor_take06,/home/sagemaker-user/exam_proctoring_dataset/02_clips/leaning_to_neighbor/LE08_leaning_to_neighbor_take06.mp4,images/LE08_leaning_to_neighbor_take06/win_006_midframe_0181.jpg,correct,,
LE08_leaning_to_neighbor_take06.mp4,LE08_leaning_to_neighbor_take06,leaning_to_neighbor,B2,LE08,7,168,242,6.720806497,9.681161739,205,8.200984118,3,3,TRUE,TRUE,8,leaning_to_neighbor,suspicious,0.77027027,4.000480058,9.00108013,manual_clip,LE08_leaning_to_neighbor_take06,/home/sagemaker-user/exam_proctoring_dataset/02_clips/leaning_to_neighbor/LE08_leaning_to_neighbor_take06.mp4,images/LE08_leaning_to_neighbor_take06/win_007_midframe_0205.jpg,correct,,
LE08_leaning_to_neighbor_take07.mp4,LE08_leaning_to_neighbor_take07,leaning_to_neighbor,B3,LE08,0,0,74,0,2.960355243,37,1.480177621,5,5,TRUE,TRUE,8,normal,normal,0,4.000480058,9.00108013,manual_clip,LE08_leaning_to_neighbor_take07,/home/sagemaker-user/exam_proctoring_dataset/02_clips/leaning_to_neighbor/LE08_leaning_to_neighbor_take07.mp4,images/LE08_leaning_to_neighbor_take07/win_000_midframe_0037.jpg,correct,,
LE08_leaning_to_neighbor_take07.mp4,LE08_leaning_to_neighbor_take07,leaning_to_neighbor,B3,LE08,1,24,98,0.960115214,3.920470456,61,2.440292835,5,5,TRUE,TRUE,8,normal,normal,0,4.000480058,9.00108013,manual_clip,LE08_leaning_to_neighbor_take07,/home/sagemaker-user/exam_proctoring_dataset/02_clips/leaning_to_neighbor/LE08_leaning_to_neighbor_take07.mp4,images/LE08_leaning_to_neighbor_take07/win_001_midframe_0061.jpg,correct,,
LE08_leaning_to_neighbor_take07.mp4,LE08_leaning_to_neighbor_take07,leaning_to_neighbor,B3,LE08,2,48,122,1.920230428,4.88058567,85,3.400408049,5,5,TRUE,TRUE,8,normal,normal,0.297297297,4.000480058,9.00108013,manual_clip,LE08_leaning_to_neighbor_take07,/home/sagemaker-user/exam_proctoring_dataset/02_clips/leaning_to_neighbor/LE08_leaning_to_neighbor_take07.mp4,images/LE08_leaning_to_neighbor_take07/win_002_midframe_0085.jpg,correct,,
LE08_leaning_to_neighbor_take07.mp4,LE08_leaning_to_neighbor_take07,leaning_to_neighbor,B3,LE08,3,72,146,2.880345641,5.840700884,109,4.360523263,5,5,TRUE,TRUE,8,leaning_to_neighbor,suspicious,0.621621622,4.000480058,9.00108013,manual_clip,LE08_leaning_to_neighbor_take07,/home/sagemaker-user/exam_proctoring_dataset/02_clips/leaning_to_neighbor/LE08_leaning_to_neighbor_take07.mp4,images/LE08_leaning_to_neighbor_take07/win_003_midframe_0109.jpg,correct,,
LE08_leaning_to_neighbor_take07.mp4,LE08_leaning_to_neighbor_take07,leaning_to_neighbor,B3,LE08,4,96,170,3.840460855,6.800816098,133,5.320638477,5,5,TRUE,TRUE,8,leaning_to_neighbor,suspicious,0.945945946,4.000480058,9.00108013,manual_clip,LE08_leaning_to_neighbor_take07,/home/sagemaker-user/exam_proctoring_dataset/02_clips/leaning_to_neighbor/LE08_leaning_to_neighbor_take07.mp4,images/LE08_leaning_to_neighbor_take07/win_004_midframe_0133.jpg,correct,,
LE08_leaning_to_neighbor_take07.mp4,LE08_leaning_to_neighbor_take07,leaning_to_neighbor,B3,LE08,5,120,194,4.800576069,7.760931312,157,6.28075369,5,5,TRUE,TRUE,8,leaning_to_neighbor,suspicious,1,4.000480058,9.00108013,manual_clip,LE08_leaning_to_neighbor_take07,/home/sagemaker-user/exam_proctoring_dataset/02_clips/leaning_to_neighbor/LE08_leaning_to_neighbor_take07.mp4,images/LE08_leaning_to_neighbor_take07/win_005_midframe_0157.jpg,correct,,
LE08_leaning_to_neighbor_take07.mp4,LE08_leaning_to_neighbor_take07,leaning_to_neighbor,B3,LE08,6,144,218,5.760691283,8.721046526,181,7.240868904,5,5,TRUE,TRUE,8,leaning_to_neighbor,suspicious,1,4.000480058,9.00108013,manual_clip,LE08_leaning_to_neighbor_take07,/home/sagemaker-user/exam_proctoring_dataset/02_clips/leaning_to_neighbor/LE08_leaning_to_neighbor_take07.mp4,images/LE08_leaning_to_neighbor_take07/win_006_midframe_0181.jpg,correct,,
LE08_leaning_to_neighbor_take07.mp4,LE08_leaning_to_neighbor_take07,leaning_to_neighbor,B3,LE08,7,168,242,6.720806497,9.681161739,205,8.200984118,5,5,TRUE,TRUE,8,leaning_to_neighbor,suspicious,0.77027027,4.000480058,9.00108013,manual_clip,LE08_leaning_to_neighbor_take07,/home/sagemaker-user/exam_proctoring_dataset/02_clips/leaning_to_neighbor/LE08_leaning_to_neighbor_take07.mp4,images/LE08_leaning_to_neighbor_take07/win_007_midframe_0205.jpg,correct,,
T01_talking_to_neighbor_take01.mp4,T01_talking_to_neighbor_take01,talking_to_neighbor,A1,T01,0,0,74,0,2.961421482,37,1.480710741,0,0,TRUE,TRUE,7,normal,normal,0,4.001920922,9.004322075,manual_clip,T01_talking_to_neighbor_take01,/home/sagemaker-user/exam_proctoring_dataset/02_clips/talking_to_neighbor/T01_talking_to_neighbor_take01.mp4,images/T01_talking_to_neighbor_take01/win_000_midframe_0037.jpg,correct,,
T01_talking_to_neighbor_take01.mp4,T01_talking_to_neighbor_take01,talking_to_neighbor,A1,T01,1,24,98,0.960461021,3.921882504,61,2.441171762,0,0,TRUE,TRUE,7,normal,normal,0,4.001920922,9.004322075,manual_clip,T01_talking_to_neighbor_take01,/home/sagemaker-user/exam_proctoring_dataset/02_clips/talking_to_neighbor/T01_talking_to_neighbor_take01.mp4,images/T01_talking_to_neighbor_take01/win_001_midframe_0061.jpg,correct,,
T01_talking_to_neighbor_take01.mp4,T01_talking_to_neighbor_take01,talking_to_neighbor,A1,T01,2,48,122,1.920922043,4.882343525,85,3.401632784,0,0,TRUE,TRUE,7,normal,normal,0.297297297,4.001920922,9.004322075,manual_clip,T01_talking_to_neighbor_take01,/home/sagemaker-user/exam_proctoring_dataset/02_clips/talking_to_neighbor/T01_talking_to_neighbor_take01.mp4,images/T01_talking_to_neighbor_take01/win_002_midframe_0085.jpg,correct,,
T01_talking_to_neighbor_take01.mp4,T01_talking_to_neighbor_take01,talking_to_neighbor,A1,T01,3,72,146,2.881383064,5.842804546,109,4.362093805,0,0,TRUE,TRUE,7,talking_to_neighbor,suspicious,0.621621622,4.001920922,9.004322075,manual_clip,T01_talking_to_neighbor_take01,/home/sagemaker-user/exam_proctoring_dataset/02_clips/talking_to_neighbor/T01_talking_to_neighbor_take01.mp4,images/T01_talking_to_neighbor_take01/win_003_midframe_0109.jpg,correct,,
T01_talking_to_neighbor_take01.mp4,T01_talking_to_neighbor_take01,talking_to_neighbor,A1,T01,4,96,170,3.841844085,6.803265567,133,5.322554826,0,0,TRUE,TRUE,7,talking_to_neighbor,suspicious,0.945945946,4.001920922,9.004322075,manual_clip,T01_talking_to_neighbor_take01,/home/sagemaker-user/exam_proctoring_dataset/02_clips/talking_to_neighbor/T01_talking_to_neighbor_take01.mp4,images/T01_talking_to_neighbor_take01/win_004_midframe_0133.jpg,correct,,
T01_talking_to_neighbor_take01.mp4,T01_talking_to_neighbor_take01,talking_to_neighbor,A1,T01,5,120,194,4.802305106,7.763726589,157,6.283015848,0,0,TRUE,TRUE,7,talking_to_neighbor,suspicious,1,4.001920922,9.004322075,manual_clip,T01_talking_to_neighbor_take01,/home/sagemaker-user/exam_proctoring_dataset/02_clips/talking_to_neighbor/T01_talking_to_neighbor_take01.mp4,images/T01_talking_to_neighbor_take01/win_005_midframe_0157.jpg,correct,,
T01_talking_to_neighbor_take01.mp4,T01_talking_to_neighbor_take01,talking_to_neighbor,A1,T01,6,144,218,5.762766128,8.72418761,181,7.243476869,0,0,TRUE,TRUE,7,talking_to_neighbor,suspicious,1,4.001920922,9.004322075,manual_clip,T01_talking_to_neighbor_take01,/home/sagemaker-user/exam_proctoring_dataset/02_clips/talking_to_neighbor/T01_talking_to_neighbor_take01.mp4,images/T01_talking_to_neighbor_take01/win_006_midframe_0181.jpg,correct,,
T01_talking_to_neighbor_take01.mp4,T01_talking_to_neighbor_take01,talking_to_neighbor,A1,T01,7,168,242,6.723227149,9.684648631,205,8.20393789,0,0,TRUE,TRUE,7,talking_to_neighbor,suspicious,0.77027027,4.001920922,9.004322075,manual_clip,T01_talking_to_neighbor_take01,/home/sagemaker-user/exam_proctoring_dataset/02_clips/talking_to_neighbor/T01_talking_to_neighbor_take01.mp4,images/T01_talking_to_neighbor_take01/win_007_midframe_0205.jpg,correct,,
T01_talking_to_neighbor_take03.mp4,T01_talking_to_neighbor_take03,talking_to_neighbor,A3,T01,0,0,74,0,2.961421482,37,1.480710741,4,4,TRUE,TRUE,7,normal,normal,0.324324324,2.000960461,8.003841844,manual_clip,T01_talking_to_neighbor_take03,/home/sagemaker-user/exam_proctoring_dataset/02_clips/talking_to_neighbor/T01_talking_to_neighbor_take03.mp4,images/T01_talking_to_neighbor_take03/win_000_midframe_0037.jpg,correct,,
T01_talking_to_neighbor_take03.mp4,T01_talking_to_neighbor_take03,talking_to_neighbor,A3,T01,1,24,98,0.960461021,3.921882504,61,2.441171762,4,4,TRUE,TRUE,7,talking_to_neighbor,suspicious,0.648648649,2.000960461,8.003841844,manual_clip,T01_talking_to_neighbor_take03,/home/sagemaker-user/exam_proctoring_dataset/02_clips/talking_to_neighbor/T01_talking_to_neighbor_take03.mp4,images/T01_talking_to_neighbor_take03/win_001_midframe_0061.jpg,correct,,
T01_talking_to_neighbor_take03.mp4,T01_talking_to_neighbor_take03,talking_to_neighbor,A3,T01,2,48,122,1.920922043,4.882343525,85,3.401632784,4,4,TRUE,TRUE,7,talking_to_neighbor,suspicious,0.972972973,2.000960461,8.003841844,manual_clip,T01_talking_to_neighbor_take03,/home/sagemaker-user/exam_proctoring_dataset/02_clips/talking_to_neighbor/T01_talking_to_neighbor_take03.mp4,images/T01_talking_to_neighbor_take03/win_002_midframe_0085.jpg,correct,,
T01_talking_to_neighbor_take03.mp4,T01_talking_to_neighbor_take03,talking_to_neighbor,A3,T01,3,72,146,2.881383064,5.842804546,109,4.362093805,4,4,TRUE,TRUE,7,talking_to_neighbor,suspicious,1,2.000960461,8.003841844,manual_clip,T01_talking_to_neighbor_take03,/home/sagemaker-user/exam_proctoring_dataset/02_clips/talking_to_neighbor/T01_talking_to_neighbor_take03.mp4,images/T01_talking_to_neighbor_take03/win_003_midframe_0109.jpg,correct,,
T01_talking_to_neighbor_take03.mp4,T01_talking_to_neighbor_take03,talking_to_neighbor,A3,T01,4,96,170,3.841844085,6.803265567,133,5.322554826,4,4,TRUE,TRUE,7,talking_to_neighbor,suspicious,1,2.000960461,8.003841844,manual_clip,T01_talking_to_neighbor_take03,/home/sagemaker-user/exam_proctoring_dataset/02_clips/talking_to_neighbor/T01_talking_to_neighbor_take03.mp4,images/T01_talking_to_neighbor_take03/win_004_midframe_0133.jpg,correct,,
T01_talking_to_neighbor_take03.mp4,T01_talking_to_neighbor_take03,talking_to_neighbor,A3,T01,5,120,194,4.802305106,7.763726589,157,6.283015848,4,4,TRUE,TRUE,7,talking_to_neighbor,suspicious,1,2.000960461,8.003841844,manual_clip,T01_talking_to_neighbor_take03,/home/sagemaker-user/exam_proctoring_dataset/02_clips/talking_to_neighbor/T01_talking_to_neighbor_take03.mp4,images/T01_talking_to_neighbor_take03/win_005_midframe_0157.jpg,correct,,
T01_talking_to_neighbor_take03.mp4,T01_talking_to_neighbor_take03,talking_to_neighbor,A3,T01,6,144,218,5.762766128,8.72418761,181,7.243476869,4,4,TRUE,TRUE,7,talking_to_neighbor,suspicious,0.756756757,2.000960461,8.003841844,manual_clip,T01_talking_to_neighbor_take03,/home/sagemaker-user/exam_proctoring_dataset/02_clips/talking_to_neighbor/T01_talking_to_neighbor_take03.mp4,images/T01_talking_to_neighbor_take03/win_006_midframe_0181.jpg,correct,,
T01_talking_to_neighbor_take03.mp4,T01_talking_to_neighbor_take03,talking_to_neighbor,A3,T01,7,168,242,6.723227149,9.684648631,205,8.20393789,4,4,TRUE,TRUE,7,normal,normal,0.432432432,2.000960461,8.003841844,manual_clip,T01_talking_to_neighbor_take03,/home/sagemaker-user/exam_proctoring_dataset/02_clips/talking_to_neighbor/T01_talking_to_neighbor_take03.mp4,images/T01_talking_to_neighbor_take03/win_007_midframe_0205.jpg,correct,,
T01_talking_to_neighbor_take04.mp4,T01_talking_to_neighbor_take04,talking_to_neighbor,B1,T01,0,0,74,0,2.961421482,37,1.480710741,1,1,TRUE,TRUE,7,normal,normal,0,4.001920922,9.004322075,manual_clip,T01_talking_to_neighbor_take04,/home/sagemaker-user/exam_proctoring_dataset/02_clips/talking_to_neighbor/T01_talking_to_neighbor_take04.mp4,images/T01_talking_to_neighbor_take04/win_000_midframe_0037.jpg,correct,,
T01_talking_to_neighbor_take04.mp4,T01_talking_to_neighbor_take04,talking_to_neighbor,B1,T01,1,24,98,0.960461021,3.921882504,61,2.441171762,1,1,TRUE,TRUE,7,normal,normal,0,4.001920922,9.004322075,manual_clip,T01_talking_to_neighbor_take04,/home/sagemaker-user/exam_proctoring_dataset/02_clips/talking_to_neighbor/T01_talking_to_neighbor_take04.mp4,images/T01_talking_to_neighbor_take04/win_001_midframe_0061.jpg,correct,,
T01_talking_to_neighbor_take04.mp4,T01_talking_to_neighbor_take04,talking_to_neighbor,B1,T01,2,48,122,1.920922043,4.882343525,85,3.401632784,1,1,TRUE,TRUE,7,normal,normal,0.297297297,4.001920922,9.004322075,manual_clip,T01_talking_to_neighbor_take04,/home/sagemaker-user/exam_proctoring_dataset/02_clips/talking_to_neighbor/T01_talking_to_neighbor_take04.mp4,images/T01_talking_to_neighbor_take04/win_002_midframe_0085.jpg,correct,,
T01_talking_to_neighbor_take04.mp4,T01_talking_to_neighbor_take04,talking_to_neighbor,B1,T01,3,72,146,2.881383064,5.842804546,109,4.362093805,1,1,TRUE,TRUE,7,talking_to_neighbor,suspicious,0.621621622,4.001920922,9.004322075,manual_clip,T01_talking_to_neighbor_take04,/home/sagemaker-user/exam_proctoring_dataset/02_clips/talking_to_neighbor/T01_talking_to_neighbor_take04.mp4,images/T01_talking_to_neighbor_take04/win_003_midframe_0109.jpg,correct,,
T01_talking_to_neighbor_take04.mp4,T01_talking_to_neighbor_take04,talking_to_neighbor,B1,T01,4,96,170,3.841844085,6.803265567,133,5.322554826,1,1,TRUE,TRUE,7,talking_to_neighbor,suspicious,0.945945946,4.001920922,9.004322075,manual_clip,T01_talking_to_neighbor_take04,/home/sagemaker-user/exam_proctoring_dataset/02_clips/talking_to_neighbor/T01_talking_to_neighbor_take04.mp4,images/T01_talking_to_neighbor_take04/win_004_midframe_0133.jpg,correct,,
T01_talking_to_neighbor_take04.mp4,T01_talking_to_neighbor_take04,talking_to_neighbor,B1,T01,5,120,194,4.802305106,7.763726589,157,6.283015848,1,1,TRUE,TRUE,7,talking_to_neighbor,suspicious,1,4.001920922,9.004322075,manual_clip,T01_talking_to_neighbor_take04,/home/sagemaker-user/exam_proctoring_dataset/02_clips/talking_to_neighbor/T01_talking_to_neighbor_take04.mp4,images/T01_talking_to_neighbor_take04/win_005_midframe_0157.jpg,correct,,
T01_talking_to_neighbor_take04.mp4,T01_talking_to_neighbor_take04,talking_to_neighbor,B1,T01,6,144,218,5.762766128,8.72418761,181,7.243476869,1,1,TRUE,TRUE,7,talking_to_neighbor,suspicious,1,4.001920922,9.004322075,manual_clip,T01_talking_to_neighbor_take04,/home/sagemaker-user/exam_proctoring_dataset/02_clips/talking_to_neighbor/T01_talking_to_neighbor_take04.mp4,images/T01_talking_to_neighbor_take04/win_006_midframe_0181.jpg,correct,,
T01_talking_to_neighbor_take04.mp4,T01_talking_to_neighbor_take04,talking_to_neighbor,B1,T01,7,168,242,6.723227149,9.684648631,205,8.20393789,1,1,TRUE,TRUE,7,talking_to_neighbor,suspicious,0.77027027,4.001920922,9.004322075,manual_clip,T01_talking_to_neighbor_take04,/home/sagemaker-user/exam_proctoring_dataset/02_clips/talking_to_neighbor/T01_talking_to_neighbor_take04.mp4,images/T01_talking_to_neighbor_take04/win_007_midframe_0205.jpg,correct,,
T01_talking_to_neighbor_take05.mp4,T01_talking_to_neighbor_take05,talking_to_neighbor,B2,T01,0,0,74,0,2.961421482,37,1.480710741,3,3,TRUE,TRUE,7,normal,normal,0,4.001920922,9.004322075,manual_clip,T01_talking_to_neighbor_take05,/home/sagemaker-user/exam_proctoring_dataset/02_clips/talking_to_neighbor/T01_talking_to_neighbor_take05.mp4,images/T01_talking_to_neighbor_take05/win_000_midframe_0037.jpg,correct,,
T01_talking_to_neighbor_take05.mp4,T01_talking_to_neighbor_take05,talking_to_neighbor,B2,T01,1,24,98,0.960461021,3.921882504,61,2.441171762,3,3,TRUE,TRUE,7,normal,normal,0,4.001920922,9.004322075,manual_clip,T01_talking_to_neighbor_take05,/home/sagemaker-user/exam_proctoring_dataset/02_clips/talking_to_neighbor/T01_talking_to_neighbor_take05.mp4,images/T01_talking_to_neighbor_take05/win_001_midframe_0061.jpg,correct,,
T01_talking_to_neighbor_take05.mp4,T01_talking_to_neighbor_take05,talking_to_neighbor,B2,T01,2,48,122,1.920922043,4.882343525,85,3.401632784,3,3,TRUE,TRUE,7,normal,normal,0.297297297,4.001920922,9.004322075,manual_clip,T01_talking_to_neighbor_take05,/home/sagemaker-user/exam_proctoring_dataset/02_clips/talking_to_neighbor/T01_talking_to_neighbor_take05.mp4,images/T01_talking_to_neighbor_take05/win_002_midframe_0085.jpg,correct,,
T01_talking_to_neighbor_take05.mp4,T01_talking_to_neighbor_take05,talking_to_neighbor,B2,T01,3,72,146,2.881383064,5.842804546,109,4.362093805,3,3,TRUE,TRUE,7,talking_to_neighbor,suspicious,0.621621622,4.001920922,9.004322075,manual_clip,T01_talking_to_neighbor_take05,/home/sagemaker-user/exam_proctoring_dataset/02_clips/talking_to_neighbor/T01_talking_to_neighbor_take05.mp4,images/T01_talking_to_neighbor_take05/win_003_midframe_0109.jpg,correct,,
T01_talking_to_neighbor_take05.mp4,T01_talking_to_neighbor_take05,talking_to_neighbor,B2,T01,4,96,170,3.841844085,6.803265567,133,5.322554826,3,3,TRUE,TRUE,7,talking_to_neighbor,suspicious,0.945945946,4.001920922,9.004322075,manual_clip,T01_talking_to_neighbor_take05,/home/sagemaker-user/exam_proctoring_dataset/02_clips/talking_to_neighbor/T01_talking_to_neighbor_take05.mp4,images/T01_talking_to_neighbor_take05/win_004_midframe_0133.jpg,correct,,
T01_talking_to_neighbor_take05.mp4,T01_talking_to_neighbor_take05,talking_to_neighbor,B2,T01,5,120,194,4.802305106,7.763726589,157,6.283015848,3,3,TRUE,TRUE,7,talking_to_neighbor,suspicious,1,4.001920922,9.004322075,manual_clip,T01_talking_to_neighbor_take05,/home/sagemaker-user/exam_proctoring_dataset/02_clips/talking_to_neighbor/T01_talking_to_neighbor_take05.mp4,images/T01_talking_to_neighbor_take05/win_005_midframe_0157.jpg,correct,,
T01_talking_to_neighbor_take05.mp4,T01_talking_to_neighbor_take05,talking_to_neighbor,B2,T01,6,144,218,5.762766128,8.72418761,181,7.243476869,3,3,TRUE,TRUE,7,talking_to_neighbor,suspicious,1,4.001920922,9.004322075,manual_clip,T01_talking_to_neighbor_take05,/home/sagemaker-user/exam_proctoring_dataset/02_clips/talking_to_neighbor/T01_talking_to_neighbor_take05.mp4,images/T01_talking_to_neighbor_take05/win_006_midframe_0181.jpg,correct,,
T01_talking_to_neighbor_take05.mp4,T01_talking_to_neighbor_take05,talking_to_neighbor,B2,T01,7,168,242,6.723227149,9.684648631,205,8.20393789,3,3,TRUE,TRUE,7,talking_to_neighbor,suspicious,0.77027027,4.001920922,9.004322075,manual_clip,T01_talking_to_neighbor_take05,/home/sagemaker-user/exam_proctoring_dataset/02_clips/talking_to_neighbor/T01_talking_to_neighbor_take05.mp4,images/T01_talking_to_neighbor_take05/win_007_midframe_0205.jpg,correct,,
T01_talking_to_neighbor_take06.mp4,T01_talking_to_neighbor_take06,talking_to_neighbor,B3,T01,0,0,74,0,2.961421482,37,1.480710741,5,5,TRUE,TRUE,7,normal,normal,0,3.001440692,8.003841844,manual_clip,T01_talking_to_neighbor_take06,/home/sagemaker-user/exam_proctoring_dataset/02_clips/talking_to_neighbor/T01_talking_to_neighbor_take06.mp4,images/T01_talking_to_neighbor_take06/win_000_midframe_0037.jpg,correct,,
T01_talking_to_neighbor_take06.mp4,T01_talking_to_neighbor_take06,talking_to_neighbor,B3,T01,1,24,98,0.960461021,3.921882504,61,2.441171762,5,5,TRUE,TRUE,7,normal,normal,0.310810811,3.001440692,8.003841844,manual_clip,T01_talking_to_neighbor_take06,/home/sagemaker-user/exam_proctoring_dataset/02_clips/talking_to_neighbor/T01_talking_to_neighbor_take06.mp4,images/T01_talking_to_neighbor_take06/win_001_midframe_0061.jpg,correct,,
T01_talking_to_neighbor_take06.mp4,T01_talking_to_neighbor_take06,talking_to_neighbor,B3,T01,2,48,122,1.920922043,4.882343525,85,3.401632784,5,5,TRUE,TRUE,7,talking_to_neighbor,suspicious,0.635135135,3.001440692,8.003841844,manual_clip,T01_talking_to_neighbor_take06,/home/sagemaker-user/exam_proctoring_dataset/02_clips/talking_to_neighbor/T01_talking_to_neighbor_take06.mp4,images/T01_talking_to_neighbor_take06/win_002_midframe_0085.jpg,correct,,
T01_talking_to_neighbor_take06.mp4,T01_talking_to_neighbor_take06,talking_to_neighbor,B3,T01,3,72,146,2.881383064,5.842804546,109,4.362093805,5,5,TRUE,TRUE,7,talking_to_neighbor,suspicious,0.959459459,3.001440692,8.003841844,manual_clip,T01_talking_to_neighbor_take06,/home/sagemaker-user/exam_proctoring_dataset/02_clips/talking_to_neighbor/T01_talking_to_neighbor_take06.mp4,images/T01_talking_to_neighbor_take06/win_003_midframe_0109.jpg,correct,,
T01_talking_to_neighbor_take06.mp4,T01_talking_to_neighbor_take06,talking_to_neighbor,B3,T01,4,96,170,3.841844085,6.803265567,133,5.322554826,5,5,TRUE,TRUE,7,talking_to_neighbor,suspicious,1,3.001440692,8.003841844,manual_clip,T01_talking_to_neighbor_take06,/home/sagemaker-user/exam_proctoring_dataset/02_clips/talking_to_neighbor/T01_talking_to_neighbor_take06.mp4,images/T01_talking_to_neighbor_take06/win_004_midframe_0133.jpg,correct,,
T01_talking_to_neighbor_take06.mp4,T01_talking_to_neighbor_take06,talking_to_neighbor,B3,T01,5,120,194,4.802305106,7.763726589,157,6.283015848,5,5,TRUE,TRUE,7,talking_to_neighbor,suspicious,1,3.001440692,8.003841844,manual_clip,T01_talking_to_neighbor_take06,/home/sagemaker-user/exam_proctoring_dataset/02_clips/talking_to_neighbor/T01_talking_to_neighbor_take06.mp4,images/T01_talking_to_neighbor_take06/win_005_midframe_0157.jpg,correct,,
T01_talking_to_neighbor_take06.mp4,T01_talking_to_neighbor_take06,talking_to_neighbor,B3,T01,6,144,218,5.762766128,8.72418761,181,7.243476869,5,5,TRUE,TRUE,7,talking_to_neighbor,suspicious,0.756756757,3.001440692,8.003841844,manual_clip,T01_talking_to_neighbor_take06,/home/sagemaker-user/exam_proctoring_dataset/02_clips/talking_to_neighbor/T01_talking_to_neighbor_take06.mp4,images/T01_talking_to_neighbor_take06/win_006_midframe_0181.jpg,correct,,
T01_talking_to_neighbor_take06.mp4,T01_talking_to_neighbor_take06,talking_to_neighbor,B3,T01,7,168,242,6.723227149,9.684648631,205,8.20393789,5,5,TRUE,TRUE,7,normal,normal,0.432432432,3.001440692,8.003841844,manual_clip,T01_talking_to_neighbor_take06,/home/sagemaker-user/exam_proctoring_dataset/02_clips/talking_to_neighbor/T01_talking_to_neighbor_take06.mp4,images/T01_talking_to_neighbor_take06/win_007_midframe_0205.jpg,correct,,
T02_talking_to_neighbor_take01.mp4,T02_talking_to_neighbor_take01,talking_to_neighbor,A1,T02,0,0,74,0,2.961540001,37,1.48077,0,0,TRUE,TRUE,8,normal,normal,0,3.001560812,9.004682435,manual_clip,T02_talking_to_neighbor_take01,/home/sagemaker-user/exam_proctoring_dataset/02_clips/talking_to_neighbor/T02_talking_to_neighbor_take01.mp4,images/T02_talking_to_neighbor_take01/win_000_midframe_0037.jpg,correct,,
T02_talking_to_neighbor_take01.mp4,T02_talking_to_neighbor_take01,talking_to_neighbor,A1,T02,1,24,98,0.96049946,3.922039461,61,2.44126946,0,0,TRUE,TRUE,8,normal,normal,0.310810811,3.001560812,9.004682435,manual_clip,T02_talking_to_neighbor_take01,/home/sagemaker-user/exam_proctoring_dataset/02_clips/talking_to_neighbor/T02_talking_to_neighbor_take01.mp4,images/T02_talking_to_neighbor_take01/win_001_midframe_0061.jpg,correct,,
T02_talking_to_neighbor_take01.mp4,T02_talking_to_neighbor_take01,talking_to_neighbor,A1,T02,2,48,122,1.920998919,4.88253892,85,3.40176892,0,0,TRUE,TRUE,8,talking_to_neighbor,suspicious,0.635135135,3.001560812,9.004682435,manual_clip,T02_talking_to_neighbor_take01,/home/sagemaker-user/exam_proctoring_dataset/02_clips/talking_to_neighbor/T02_talking_to_neighbor_take01.mp4,images/T02_talking_to_neighbor_take01/win_002_midframe_0085.jpg,correct,,
T02_talking_to_neighbor_take01.mp4,T02_talking_to_neighbor_take01,talking_to_neighbor,A1,T02,3,72,146,2.881498379,5.84303838,109,4.36226838,0,0,TRUE,TRUE,7,talking_to_neighbor,suspicious,0.959459459,3.001560812,9.004682435,manual_clip,T02_talking_to_neighbor_take01,/home/sagemaker-user/exam_proctoring_dataset/02_clips/talking_to_neighbor/T02_talking_to_neighbor_take01.mp4,images/T02_talking_to_neighbor_take01/win_003_midframe_0109.jpg,correct,,
T02_talking_to_neighbor_take01.mp4,T02_talking_to_neighbor_take01,talking_to_neighbor,A1,T02,4,96,170,3.841997839,6.80353784,133,5.322767839,0,0,TRUE,TRUE,7,talking_to_neighbor,suspicious,1,3.001560812,9.004682435,manual_clip,T02_talking_to_neighbor_take01,/home/sagemaker-user/exam_proctoring_dataset/02_clips/talking_to_neighbor/T02_talking_to_neighbor_take01.mp4,images/T02_talking_to_neighbor_take01/win_004_midframe_0133.jpg,correct,,
T02_talking_to_neighbor_take01.mp4,T02_talking_to_neighbor_take01,talking_to_neighbor,A1,T02,5,120,194,4.802497299,7.764037299,157,6.283267299,0,0,TRUE,TRUE,8,talking_to_neighbor,suspicious,1,3.001560812,9.004682435,manual_clip,T02_talking_to_neighbor_take01,/home/sagemaker-user/exam_proctoring_dataset/02_clips/talking_to_neighbor/T02_talking_to_neighbor_take01.mp4,images/T02_talking_to_neighbor_take01/win_005_midframe_0157.jpg,correct,,
T02_talking_to_neighbor_take01.mp4,T02_talking_to_neighbor_take01,talking_to_neighbor,A1,T02,6,144,218,5.762996758,8.724536759,181,7.243766759,0,0,TRUE,TRUE,8,talking_to_neighbor,suspicious,1,3.001560812,9.004682435,manual_clip,T02_talking_to_neighbor_take01,/home/sagemaker-user/exam_proctoring_dataset/02_clips/talking_to_neighbor/T02_talking_to_neighbor_take01.mp4,images/T02_talking_to_neighbor_take01/win_006_midframe_0181.jpg,correct,,
T02_talking_to_neighbor_take01.mp4,T02_talking_to_neighbor_take01,talking_to_neighbor,A1,T02,7,168,242,6.723496218,9.685036219,205,8.204266218,0,0,TRUE,TRUE,8,talking_to_neighbor,suspicious,0.77027027,3.001560812,9.004682435,manual_clip,T02_talking_to_neighbor_take01,/home/sagemaker-user/exam_proctoring_dataset/02_clips/talking_to_neighbor/T02_talking_to_neighbor_take01.mp4,images/T02_talking_to_neighbor_take01/win_007_midframe_0205.jpg,correct,,
T02_talking_to_neighbor_take02.mp4,T02_talking_to_neighbor_take02,talking_to_neighbor,A2,T02,0,0,74,0,2.961540001,37,1.48077,2,2,TRUE,TRUE,8,normal,normal,0,4.002081082,9.004682435,manual_clip,T02_talking_to_neighbor_take02,/home/sagemaker-user/exam_proctoring_dataset/02_clips/talking_to_neighbor/T02_talking_to_neighbor_take02.mp4,images/T02_talking_to_neighbor_take02/win_000_midframe_0037.jpg,correct,,
T02_talking_to_neighbor_take02.mp4,T02_talking_to_neighbor_take02,talking_to_neighbor,A2,T02,1,24,98,0.96049946,3.922039461,61,2.44126946,2,2,TRUE,TRUE,8,normal,normal,0,4.002081082,9.004682435,manual_clip,T02_talking_to_neighbor_take02,/home/sagemaker-user/exam_proctoring_dataset/02_clips/talking_to_neighbor/T02_talking_to_neighbor_take02.mp4,images/T02_talking_to_neighbor_take02/win_001_midframe_0061.jpg,correct,,
T02_talking_to_neighbor_take02.mp4,T02_talking_to_neighbor_take02,talking_to_neighbor,A2,T02,2,48,122,1.920998919,4.88253892,85,3.40176892,2,2,TRUE,TRUE,8,normal,normal,0.297297297,4.002081082,9.004682435,manual_clip,T02_talking_to_neighbor_take02,/home/sagemaker-user/exam_proctoring_dataset/02_clips/talking_to_neighbor/T02_talking_to_neighbor_take02.mp4,images/T02_talking_to_neighbor_take02/win_002_midframe_0085.jpg,correct,,
T02_talking_to_neighbor_take02.mp4,T02_talking_to_neighbor_take02,talking_to_neighbor,A2,T02,3,72,146,2.881498379,5.84303838,109,4.36226838,2,2,TRUE,TRUE,8,talking_to_neighbor,suspicious,0.621621622,4.002081082,9.004682435,manual_clip,T02_talking_to_neighbor_take02,/home/sagemaker-user/exam_proctoring_dataset/02_clips/talking_to_neighbor/T02_talking_to_neighbor_take02.mp4,images/T02_talking_to_neighbor_take02/win_003_midframe_0109.jpg,correct,,
T02_talking_to_neighbor_take02.mp4,T02_talking_to_neighbor_take02,talking_to_neighbor,A2,T02,4,96,170,3.841997839,6.80353784,133,5.322767839,2,2,TRUE,TRUE,8,talking_to_neighbor,suspicious,0.945945946,4.002081082,9.004682435,manual_clip,T02_talking_to_neighbor_take02,/home/sagemaker-user/exam_proctoring_dataset/02_clips/talking_to_neighbor/T02_talking_to_neighbor_take02.mp4,images/T02_talking_to_neighbor_take02/win_004_midframe_0133.jpg,correct,,
T02_talking_to_neighbor_take02.mp4,T02_talking_to_neighbor_take02,talking_to_neighbor,A2,T02,5,120,194,4.802497299,7.764037299,157,6.283267299,2,2,TRUE,TRUE,8,talking_to_neighbor,suspicious,1,4.002081082,9.004682435,manual_clip,T02_talking_to_neighbor_take02,/home/sagemaker-user/exam_proctoring_dataset/02_clips/talking_to_neighbor/T02_talking_to_neighbor_take02.mp4,images/T02_talking_to_neighbor_take02/win_005_midframe_0157.jpg,correct,,
T02_talking_to_neighbor_take02.mp4,T02_talking_to_neighbor_take02,talking_to_neighbor,A2,T02,6,144,218,5.762996758,8.724536759,181,7.243766759,2,2,TRUE,TRUE,8,talking_to_neighbor,suspicious,1,4.002081082,9.004682435,manual_clip,T02_talking_to_neighbor_take02,/home/sagemaker-user/exam_proctoring_dataset/02_clips/talking_to_neighbor/T02_talking_to_neighbor_take02.mp4,images/T02_talking_to_neighbor_take02/win_006_midframe_0181.jpg,correct,,
T02_talking_to_neighbor_take02.mp4,T02_talking_to_neighbor_take02,talking_to_neighbor,A2,T02,7,168,242,6.723496218,9.685036219,205,8.204266218,2,2,TRUE,TRUE,8,talking_to_neighbor,suspicious,0.77027027,4.002081082,9.004682435,manual_clip,T02_talking_to_neighbor_take02,/home/sagemaker-user/exam_proctoring_dataset/02_clips/talking_to_neighbor/T02_talking_to_neighbor_take02.mp4,images/T02_talking_to_neighbor_take02/win_007_midframe_0205.jpg,correct,,
T02_talking_to_neighbor_take03.mp4,T02_talking_to_neighbor_take03,talking_to_neighbor,A3,T02,0,0,74,0,2.961540001,37,1.48077,4,4,TRUE,TRUE,8,normal,normal,0,4.002081082,9.004682435,manual_clip,T02_talking_to_neighbor_take03,/home/sagemaker-user/exam_proctoring_dataset/02_clips/talking_to_neighbor/T02_talking_to_neighbor_take03.mp4,images/T02_talking_to_neighbor_take03/win_000_midframe_0037.jpg,correct,,
T02_talking_to_neighbor_take03.mp4,T02_talking_to_neighbor_take03,talking_to_neighbor,A3,T02,1,24,98,0.96049946,3.922039461,61,2.44126946,4,4,TRUE,TRUE,8,normal,normal,0,4.002081082,9.004682435,manual_clip,T02_talking_to_neighbor_take03,/home/sagemaker-user/exam_proctoring_dataset/02_clips/talking_to_neighbor/T02_talking_to_neighbor_take03.mp4,images/T02_talking_to_neighbor_take03/win_001_midframe_0061.jpg,correct,,
T02_talking_to_neighbor_take03.mp4,T02_talking_to_neighbor_take03,talking_to_neighbor,A3,T02,2,48,122,1.920998919,4.88253892,85,3.40176892,4,4,TRUE,TRUE,8,normal,normal,0.297297297,4.002081082,9.004682435,manual_clip,T02_talking_to_neighbor_take03,/home/sagemaker-user/exam_proctoring_dataset/02_clips/talking_to_neighbor/T02_talking_to_neighbor_take03.mp4,images/T02_talking_to_neighbor_take03/win_002_midframe_0085.jpg,correct,,
T02_talking_to_neighbor_take03.mp4,T02_talking_to_neighbor_take03,talking_to_neighbor,A3,T02,3,72,146,2.881498379,5.84303838,109,4.36226838,4,4,TRUE,TRUE,8,talking_to_neighbor,suspicious,0.621621622,4.002081082,9.004682435,manual_clip,T02_talking_to_neighbor_take03,/home/sagemaker-user/exam_proctoring_dataset/02_clips/talking_to_neighbor/T02_talking_to_neighbor_take03.mp4,images/T02_talking_to_neighbor_take03/win_003_midframe_0109.jpg,correct,,
T02_talking_to_neighbor_take03.mp4,T02_talking_to_neighbor_take03,talking_to_neighbor,A3,T02,4,96,170,3.841997839,6.80353784,133,5.322767839,4,4,TRUE,TRUE,8,talking_to_neighbor,suspicious,0.945945946,4.002081082,9.004682435,manual_clip,T02_talking_to_neighbor_take03,/home/sagemaker-user/exam_proctoring_dataset/02_clips/talking_to_neighbor/T02_talking_to_neighbor_take03.mp4,images/T02_talking_to_neighbor_take03/win_004_midframe_0133.jpg,correct,,
T02_talking_to_neighbor_take03.mp4,T02_talking_to_neighbor_take03,talking_to_neighbor,A3,T02,5,120,194,4.802497299,7.764037299,157,6.283267299,4,4,TRUE,TRUE,8,talking_to_neighbor,suspicious,1,4.002081082,9.004682435,manual_clip,T02_talking_to_neighbor_take03,/home/sagemaker-user/exam_proctoring_dataset/02_clips/talking_to_neighbor/T02_talking_to_neighbor_take03.mp4,images/T02_talking_to_neighbor_take03/win_005_midframe_0157.jpg,correct,,
T02_talking_to_neighbor_take03.mp4,T02_talking_to_neighbor_take03,talking_to_neighbor,A3,T02,6,144,218,5.762996758,8.724536759,181,7.243766759,4,4,TRUE,TRUE,8,talking_to_neighbor,suspicious,1,4.002081082,9.004682435,manual_clip,T02_talking_to_neighbor_take03,/home/sagemaker-user/exam_proctoring_dataset/02_clips/talking_to_neighbor/T02_talking_to_neighbor_take03.mp4,images/T02_talking_to_neighbor_take03/win_006_midframe_0181.jpg,correct,,
T02_talking_to_neighbor_take03.mp4,T02_talking_to_neighbor_take03,talking_to_neighbor,A3,T02,7,168,242,6.723496218,9.685036219,205,8.204266218,4,4,TRUE,TRUE,8,talking_to_neighbor,suspicious,0.77027027,4.002081082,9.004682435,manual_clip,T02_talking_to_neighbor_take03,/home/sagemaker-user/exam_proctoring_dataset/02_clips/talking_to_neighbor/T02_talking_to_neighbor_take03.mp4,images/T02_talking_to_neighbor_take03/win_007_midframe_0205.jpg,correct,,
T02_talking_to_neighbor_take04.mp4,T02_talking_to_neighbor_take04,talking_to_neighbor,B1,T02,0,0,74,0,2.961540001,37,1.48077,1,1,TRUE,TRUE,8,normal,normal,0,4.002081082,9.004682435,manual_clip,T02_talking_to_neighbor_take04,/home/sagemaker-user/exam_proctoring_dataset/02_clips/talking_to_neighbor/T02_talking_to_neighbor_take04.mp4,images/T02_talking_to_neighbor_take04/win_000_midframe_0037.jpg,correct,,
T02_talking_to_neighbor_take04.mp4,T02_talking_to_neighbor_take04,talking_to_neighbor,B1,T02,1,24,98,0.96049946,3.922039461,61,2.44126946,1,1,TRUE,TRUE,8,normal,normal,0,4.002081082,9.004682435,manual_clip,T02_talking_to_neighbor_take04,/home/sagemaker-user/exam_proctoring_dataset/02_clips/talking_to_neighbor/T02_talking_to_neighbor_take04.mp4,images/T02_talking_to_neighbor_take04/win_001_midframe_0061.jpg,correct,,
T02_talking_to_neighbor_take04.mp4,T02_talking_to_neighbor_take04,talking_to_neighbor,B1,T02,2,48,122,1.920998919,4.88253892,85,3.40176892,1,1,TRUE,TRUE,8,normal,normal,0.297297297,4.002081082,9.004682435,manual_clip,T02_talking_to_neighbor_take04,/home/sagemaker-user/exam_proctoring_dataset/02_clips/talking_to_neighbor/T02_talking_to_neighbor_take04.mp4,images/T02_talking_to_neighbor_take04/win_002_midframe_0085.jpg,correct,,
T02_talking_to_neighbor_take04.mp4,T02_talking_to_neighbor_take04,talking_to_neighbor,B1,T02,3,72,146,2.881498379,5.84303838,109,4.36226838,1,1,TRUE,TRUE,8,talking_to_neighbor,suspicious,0.621621622,4.002081082,9.004682435,manual_clip,T02_talking_to_neighbor_take04,/home/sagemaker-user/exam_proctoring_dataset/02_clips/talking_to_neighbor/T02_talking_to_neighbor_take04.mp4,images/T02_talking_to_neighbor_take04/win_003_midframe_0109.jpg,correct,,
T02_talking_to_neighbor_take04.mp4,T02_talking_to_neighbor_take04,talking_to_neighbor,B1,T02,4,96,170,3.841997839,6.80353784,133,5.322767839,1,1,TRUE,TRUE,8,talking_to_neighbor,suspicious,0.945945946,4.002081082,9.004682435,manual_clip,T02_talking_to_neighbor_take04,/home/sagemaker-user/exam_proctoring_dataset/02_clips/talking_to_neighbor/T02_talking_to_neighbor_take04.mp4,images/T02_talking_to_neighbor_take04/win_004_midframe_0133.jpg,correct,,
T02_talking_to_neighbor_take04.mp4,T02_talking_to_neighbor_take04,talking_to_neighbor,B1,T02,5,120,194,4.802497299,7.764037299,157,6.283267299,1,1,TRUE,TRUE,8,talking_to_neighbor,suspicious,1,4.002081082,9.004682435,manual_clip,T02_talking_to_neighbor_take04,/home/sagemaker-user/exam_proctoring_dataset/02_clips/talking_to_neighbor/T02_talking_to_neighbor_take04.mp4,images/T02_talking_to_neighbor_take04/win_005_midframe_0157.jpg,correct,,
T02_talking_to_neighbor_take04.mp4,T02_talking_to_neighbor_take04,talking_to_neighbor,B1,T02,6,144,218,5.762996758,8.724536759,181,7.243766759,1,1,TRUE,TRUE,8,talking_to_neighbor,suspicious,1,4.002081082,9.004682435,manual_clip,T02_talking_to_neighbor_take04,/home/sagemaker-user/exam_proctoring_dataset/02_clips/talking_to_neighbor/T02_talking_to_neighbor_take04.mp4,images/T02_talking_to_neighbor_take04/win_006_midframe_0181.jpg,correct,,
T02_talking_to_neighbor_take04.mp4,T02_talking_to_neighbor_take04,talking_to_neighbor,B1,T02,7,168,242,6.723496218,9.685036219,205,8.204266218,1,1,TRUE,TRUE,8,talking_to_neighbor,suspicious,0.77027027,4.002081082,9.004682435,manual_clip,T02_talking_to_neighbor_take04,/home/sagemaker-user/exam_proctoring_dataset/02_clips/talking_to_neighbor/T02_talking_to_neighbor_take04.mp4,images/T02_talking_to_neighbor_take04/win_007_midframe_0205.jpg,correct,,
T02_talking_to_neighbor_take05.mp4,T02_talking_to_neighbor_take05,talking_to_neighbor,B2,T02,0,0,74,0,2.961540001,37,1.48077,3,3,TRUE,TRUE,8,normal,normal,0,3.001560812,9.004682435,manual_clip,T02_talking_to_neighbor_take05,/home/sagemaker-user/exam_proctoring_dataset/02_clips/talking_to_neighbor/T02_talking_to_neighbor_take05.mp4,images/T02_talking_to_neighbor_take05/win_000_midframe_0037.jpg,correct,,
T02_talking_to_neighbor_take05.mp4,T02_talking_to_neighbor_take05,talking_to_neighbor,B2,T02,1,24,98,0.96049946,3.922039461,61,2.44126946,3,3,TRUE,TRUE,8,normal,normal,0.310810811,3.001560812,9.004682435,manual_clip,T02_talking_to_neighbor_take05,/home/sagemaker-user/exam_proctoring_dataset/02_clips/talking_to_neighbor/T02_talking_to_neighbor_take05.mp4,images/T02_talking_to_neighbor_take05/win_001_midframe_0061.jpg,correct,,
T02_talking_to_neighbor_take05.mp4,T02_talking_to_neighbor_take05,talking_to_neighbor,B2,T02,2,48,122,1.920998919,4.88253892,85,3.40176892,3,3,TRUE,TRUE,8,talking_to_neighbor,suspicious,0.635135135,3.001560812,9.004682435,manual_clip,T02_talking_to_neighbor_take05,/home/sagemaker-user/exam_proctoring_dataset/02_clips/talking_to_neighbor/T02_talking_to_neighbor_take05.mp4,images/T02_talking_to_neighbor_take05/win_002_midframe_0085.jpg,correct,,
T02_talking_to_neighbor_take05.mp4,T02_talking_to_neighbor_take05,talking_to_neighbor,B2,T02,3,72,146,2.881498379,5.84303838,109,4.36226838,3,3,TRUE,TRUE,8,talking_to_neighbor,suspicious,0.959459459,3.001560812,9.004682435,manual_clip,T02_talking_to_neighbor_take05,/home/sagemaker-user/exam_proctoring_dataset/02_clips/talking_to_neighbor/T02_talking_to_neighbor_take05.mp4,images/T02_talking_to_neighbor_take05/win_003_midframe_0109.jpg,correct,,
T02_talking_to_neighbor_take05.mp4,T02_talking_to_neighbor_take05,talking_to_neighbor,B2,T02,4,96,170,3.841997839,6.80353784,133,5.322767839,3,3,TRUE,TRUE,8,talking_to_neighbor,suspicious,1,3.001560812,9.004682435,manual_clip,T02_talking_to_neighbor_take05,/home/sagemaker-user/exam_proctoring_dataset/02_clips/talking_to_neighbor/T02_talking_to_neighbor_take05.mp4,images/T02_talking_to_neighbor_take05/win_004_midframe_0133.jpg,correct,,
T02_talking_to_neighbor_take05.mp4,T02_talking_to_neighbor_take05,talking_to_neighbor,B2,T02,5,120,194,4.802497299,7.764037299,157,6.283267299,3,3,TRUE,TRUE,8,talking_to_neighbor,suspicious,1,3.001560812,9.004682435,manual_clip,T02_talking_to_neighbor_take05,/home/sagemaker-user/exam_proctoring_dataset/02_clips/talking_to_neighbor/T02_talking_to_neighbor_take05.mp4,images/T02_talking_to_neighbor_take05/win_005_midframe_0157.jpg,correct,,
T02_talking_to_neighbor_take05.mp4,T02_talking_to_neighbor_take05,talking_to_neighbor,B2,T02,6,144,218,5.762996758,8.724536759,181,7.243766759,3,3,TRUE,TRUE,8,talking_to_neighbor,suspicious,1,3.001560812,9.004682435,manual_clip,T02_talking_to_neighbor_take05,/home/sagemaker-user/exam_proctoring_dataset/02_clips/talking_to_neighbor/T02_talking_to_neighbor_take05.mp4,images/T02_talking_to_neighbor_take05/win_006_midframe_0181.jpg,correct,,
T02_talking_to_neighbor_take05.mp4,T02_talking_to_neighbor_take05,talking_to_neighbor,B2,T02,7,168,242,6.723496218,9.685036219,205,8.204266218,3,3,TRUE,TRUE,8,talking_to_neighbor,suspicious,0.77027027,3.001560812,9.004682435,manual_clip,T02_talking_to_neighbor_take05,/home/sagemaker-user/exam_proctoring_dataset/02_clips/talking_to_neighbor/T02_talking_to_neighbor_take05.mp4,images/T02_talking_to_neighbor_take05/win_007_midframe_0205.jpg,correct,,
T02_talking_to_neighbor_take06.mp4,T02_talking_to_neighbor_take06,talking_to_neighbor,B3,T02,0,0,74,0,2.961540001,37,1.48077,5,5,TRUE,TRUE,8,normal,normal,0,4.002081082,9.004682435,manual_clip,T02_talking_to_neighbor_take06,/home/sagemaker-user/exam_proctoring_dataset/02_clips/talking_to_neighbor/T02_talking_to_neighbor_take06.mp4,images/T02_talking_to_neighbor_take06/win_000_midframe_0037.jpg,correct,,
T02_talking_to_neighbor_take06.mp4,T02_talking_to_neighbor_take06,talking_to_neighbor,B3,T02,1,24,98,0.96049946,3.922039461,61,2.44126946,5,5,TRUE,TRUE,8,normal,normal,0,4.002081082,9.004682435,manual_clip,T02_talking_to_neighbor_take06,/home/sagemaker-user/exam_proctoring_dataset/02_clips/talking_to_neighbor/T02_talking_to_neighbor_take06.mp4,images/T02_talking_to_neighbor_take06/win_001_midframe_0061.jpg,correct,,
T02_talking_to_neighbor_take06.mp4,T02_talking_to_neighbor_take06,talking_to_neighbor,B3,T02,2,48,122,1.920998919,4.88253892,85,3.40176892,5,5,TRUE,TRUE,8,normal,normal,0.297297297,4.002081082,9.004682435,manual_clip,T02_talking_to_neighbor_take06,/home/sagemaker-user/exam_proctoring_dataset/02_clips/talking_to_neighbor/T02_talking_to_neighbor_take06.mp4,images/T02_talking_to_neighbor_take06/win_002_midframe_0085.jpg,correct,,
T02_talking_to_neighbor_take06.mp4,T02_talking_to_neighbor_take06,talking_to_neighbor,B3,T02,3,72,146,2.881498379,5.84303838,109,4.36226838,5,5,TRUE,TRUE,8,talking_to_neighbor,suspicious,0.621621622,4.002081082,9.004682435,manual_clip,T02_talking_to_neighbor_take06,/home/sagemaker-user/exam_proctoring_dataset/02_clips/talking_to_neighbor/T02_talking_to_neighbor_take06.mp4,images/T02_talking_to_neighbor_take06/win_003_midframe_0109.jpg,correct,,
T02_talking_to_neighbor_take06.mp4,T02_talking_to_neighbor_take06,talking_to_neighbor,B3,T02,4,96,170,3.841997839,6.80353784,133,5.322767839,5,5,TRUE,TRUE,8,talking_to_neighbor,suspicious,0.945945946,4.002081082,9.004682435,manual_clip,T02_talking_to_neighbor_take06,/home/sagemaker-user/exam_proctoring_dataset/02_clips/talking_to_neighbor/T02_talking_to_neighbor_take06.mp4,images/T02_talking_to_neighbor_take06/win_004_midframe_0133.jpg,correct,,
T02_talking_to_neighbor_take06.mp4,T02_talking_to_neighbor_take06,talking_to_neighbor,B3,T02,5,120,194,4.802497299,7.764037299,157,6.283267299,5,5,TRUE,TRUE,8,talking_to_neighbor,suspicious,1,4.002081082,9.004682435,manual_clip,T02_talking_to_neighbor_take06,/home/sagemaker-user/exam_proctoring_dataset/02_clips/talking_to_neighbor/T02_talking_to_neighbor_take06.mp4,images/T02_talking_to_neighbor_take06/win_005_midframe_0157.jpg,correct,,
T02_talking_to_neighbor_take06.mp4,T02_talking_to_neighbor_take06,talking_to_neighbor,B3,T02,6,144,218,5.762996758,8.724536759,181,7.243766759,5,5,TRUE,TRUE,8,talking_to_neighbor,suspicious,1,4.002081082,9.004682435,manual_clip,T02_talking_to_neighbor_take06,/home/sagemaker-user/exam_proctoring_dataset/02_clips/talking_to_neighbor/T02_talking_to_neighbor_take06.mp4,images/T02_talking_to_neighbor_take06/win_006_midframe_0181.jpg,correct,,
T02_talking_to_neighbor_take06.mp4,T02_talking_to_neighbor_take06,talking_to_neighbor,B3,T02,7,168,242,6.723496218,9.685036219,205,8.204266218,5,5,TRUE,TRUE,8,talking_to_neighbor,suspicious,0.77027027,4.002081082,9.004682435,manual_clip,T02_talking_to_neighbor_take06,/home/sagemaker-user/exam_proctoring_dataset/02_clips/talking_to_neighbor/T02_talking_to_neighbor_take06.mp4,images/T02_talking_to_neighbor_take06/win_007_midframe_0205.jpg,correct,,
T03_talking_to_neighbor_take01.mp4,T03_talking_to_neighbor_take01,talking_to_neighbor,A1,T03,0,0,74,0,2.960355243,37,1.480177621,0,0,TRUE,TRUE,7,normal,normal,0,4.000480058,9.00108013,manual_clip,T03_talking_to_neighbor_take01,/home/sagemaker-user/exam_proctoring_dataset/02_clips/talking_to_neighbor/T03_talking_to_neighbor_take01.mp4,images/T03_talking_to_neighbor_take01/win_000_midframe_0037.jpg,correct,,
T03_talking_to_neighbor_take01.mp4,T03_talking_to_neighbor_take01,talking_to_neighbor,A1,T03,1,24,98,0.960115214,3.920470456,61,2.440292835,0,0,TRUE,TRUE,7,normal,normal,0,4.000480058,9.00108013,manual_clip,T03_talking_to_neighbor_take01,/home/sagemaker-user/exam_proctoring_dataset/02_clips/talking_to_neighbor/T03_talking_to_neighbor_take01.mp4,images/T03_talking_to_neighbor_take01/win_001_midframe_0061.jpg,correct,,
T03_talking_to_neighbor_take01.mp4,T03_talking_to_neighbor_take01,talking_to_neighbor,A1,T03,2,48,122,1.920230428,4.88058567,85,3.400408049,0,0,TRUE,TRUE,7,normal,normal,0.297297297,4.000480058,9.00108013,manual_clip,T03_talking_to_neighbor_take01,/home/sagemaker-user/exam_proctoring_dataset/02_clips/talking_to_neighbor/T03_talking_to_neighbor_take01.mp4,images/T03_talking_to_neighbor_take01/win_002_midframe_0085.jpg,correct,,
T03_talking_to_neighbor_take01.mp4,T03_talking_to_neighbor_take01,talking_to_neighbor,A1,T03,3,72,146,2.880345641,5.840700884,109,4.360523263,0,0,TRUE,TRUE,7,talking_to_neighbor,suspicious,0.621621622,4.000480058,9.00108013,manual_clip,T03_talking_to_neighbor_take01,/home/sagemaker-user/exam_proctoring_dataset/02_clips/talking_to_neighbor/T03_talking_to_neighbor_take01.mp4,images/T03_talking_to_neighbor_take01/win_003_midframe_0109.jpg,correct,,
T03_talking_to_neighbor_take01.mp4,T03_talking_to_neighbor_take01,talking_to_neighbor,A1,T03,4,96,170,3.840460855,6.800816098,133,5.320638477,0,0,TRUE,TRUE,7,talking_to_neighbor,suspicious,0.945945946,4.000480058,9.00108013,manual_clip,T03_talking_to_neighbor_take01,/home/sagemaker-user/exam_proctoring_dataset/02_clips/talking_to_neighbor/T03_talking_to_neighbor_take01.mp4,images/T03_talking_to_neighbor_take01/win_004_midframe_0133.jpg,correct,,
T03_talking_to_neighbor_take01.mp4,T03_talking_to_neighbor_take01,talking_to_neighbor,A1,T03,5,120,194,4.800576069,7.760931312,157,6.28075369,0,0,TRUE,TRUE,7,talking_to_neighbor,suspicious,1,4.000480058,9.00108013,manual_clip,T03_talking_to_neighbor_take01,/home/sagemaker-user/exam_proctoring_dataset/02_clips/talking_to_neighbor/T03_talking_to_neighbor_take01.mp4,images/T03_talking_to_neighbor_take01/win_005_midframe_0157.jpg,correct,,
T03_talking_to_neighbor_take01.mp4,T03_talking_to_neighbor_take01,talking_to_neighbor,A1,T03,6,144,218,5.760691283,8.721046526,181,7.240868904,0,0,TRUE,TRUE,7,talking_to_neighbor,suspicious,1,4.000480058,9.00108013,manual_clip,T03_talking_to_neighbor_take01,/home/sagemaker-user/exam_proctoring_dataset/02_clips/talking_to_neighbor/T03_talking_to_neighbor_take01.mp4,images/T03_talking_to_neighbor_take01/win_006_midframe_0181.jpg,correct,,
T03_talking_to_neighbor_take01.mp4,T03_talking_to_neighbor_take01,talking_to_neighbor,A1,T03,7,168,242,6.720806497,9.681161739,205,8.200984118,0,0,TRUE,TRUE,7,talking_to_neighbor,suspicious,0.77027027,4.000480058,9.00108013,manual_clip,T03_talking_to_neighbor_take01,/home/sagemaker-user/exam_proctoring_dataset/02_clips/talking_to_neighbor/T03_talking_to_neighbor_take01.mp4,images/T03_talking_to_neighbor_take01/win_007_midframe_0205.jpg,correct,,
T03_talking_to_neighbor_take02.mp4,T03_talking_to_neighbor_take02,talking_to_neighbor,A2,T03,0,0,74,0,2.960355243,37,1.480177621,2,2,TRUE,TRUE,7,normal,normal,0,4.000480058,9.00108013,manual_clip,T03_talking_to_neighbor_take02,/home/sagemaker-user/exam_proctoring_dataset/02_clips/talking_to_neighbor/T03_talking_to_neighbor_take02.mp4,images/T03_talking_to_neighbor_take02/win_000_midframe_0037.jpg,correct,,
T03_talking_to_neighbor_take02.mp4,T03_talking_to_neighbor_take02,talking_to_neighbor,A2,T03,1,24,98,0.960115214,3.920470456,61,2.440292835,2,2,TRUE,TRUE,7,normal,normal,0,4.000480058,9.00108013,manual_clip,T03_talking_to_neighbor_take02,/home/sagemaker-user/exam_proctoring_dataset/02_clips/talking_to_neighbor/T03_talking_to_neighbor_take02.mp4,images/T03_talking_to_neighbor_take02/win_001_midframe_0061.jpg,correct,,
T03_talking_to_neighbor_take02.mp4,T03_talking_to_neighbor_take02,talking_to_neighbor,A2,T03,2,48,122,1.920230428,4.88058567,85,3.400408049,2,2,TRUE,TRUE,7,normal,normal,0.297297297,4.000480058,9.00108013,manual_clip,T03_talking_to_neighbor_take02,/home/sagemaker-user/exam_proctoring_dataset/02_clips/talking_to_neighbor/T03_talking_to_neighbor_take02.mp4,images/T03_talking_to_neighbor_take02/win_002_midframe_0085.jpg,correct,,
T03_talking_to_neighbor_take02.mp4,T03_talking_to_neighbor_take02,talking_to_neighbor,A2,T03,3,72,146,2.880345641,5.840700884,109,4.360523263,2,2,TRUE,TRUE,7,talking_to_neighbor,suspicious,0.621621622,4.000480058,9.00108013,manual_clip,T03_talking_to_neighbor_take02,/home/sagemaker-user/exam_proctoring_dataset/02_clips/talking_to_neighbor/T03_talking_to_neighbor_take02.mp4,images/T03_talking_to_neighbor_take02/win_003_midframe_0109.jpg,correct,,
T03_talking_to_neighbor_take02.mp4,T03_talking_to_neighbor_take02,talking_to_neighbor,A2,T03,4,96,170,3.840460855,6.800816098,133,5.320638477,2,2,TRUE,TRUE,7,talking_to_neighbor,suspicious,0.945945946,4.000480058,9.00108013,manual_clip,T03_talking_to_neighbor_take02,/home/sagemaker-user/exam_proctoring_dataset/02_clips/talking_to_neighbor/T03_talking_to_neighbor_take02.mp4,images/T03_talking_to_neighbor_take02/win_004_midframe_0133.jpg,correct,,
T03_talking_to_neighbor_take02.mp4,T03_talking_to_neighbor_take02,talking_to_neighbor,A2,T03,5,120,194,4.800576069,7.760931312,157,6.28075369,2,2,TRUE,TRUE,7,talking_to_neighbor,suspicious,1,4.000480058,9.00108013,manual_clip,T03_talking_to_neighbor_take02,/home/sagemaker-user/exam_proctoring_dataset/02_clips/talking_to_neighbor/T03_talking_to_neighbor_take02.mp4,images/T03_talking_to_neighbor_take02/win_005_midframe_0157.jpg,correct,,
T03_talking_to_neighbor_take02.mp4,T03_talking_to_neighbor_take02,talking_to_neighbor,A2,T03,6,144,218,5.760691283,8.721046526,181,7.240868904,2,2,TRUE,TRUE,7,talking_to_neighbor,suspicious,1,4.000480058,9.00108013,manual_clip,T03_talking_to_neighbor_take02,/home/sagemaker-user/exam_proctoring_dataset/02_clips/talking_to_neighbor/T03_talking_to_neighbor_take02.mp4,images/T03_talking_to_neighbor_take02/win_006_midframe_0181.jpg,correct,,
T03_talking_to_neighbor_take02.mp4,T03_talking_to_neighbor_take02,talking_to_neighbor,A2,T03,7,168,242,6.720806497,9.681161739,205,8.200984118,2,2,TRUE,TRUE,7,talking_to_neighbor,suspicious,0.77027027,4.000480058,9.00108013,manual_clip,T03_talking_to_neighbor_take02,/home/sagemaker-user/exam_proctoring_dataset/02_clips/talking_to_neighbor/T03_talking_to_neighbor_take02.mp4,images/T03_talking_to_neighbor_take02/win_007_midframe_0205.jpg,correct,,
T03_talking_to_neighbor_take03.mp4,T03_talking_to_neighbor_take03,talking_to_neighbor,A3,T03,0,0,74,0,2.960355243,37,1.480177621,4,4,TRUE,TRUE,7,normal,normal,0,4.000480058,9.00108013,manual_clip,T03_talking_to_neighbor_take03,/home/sagemaker-user/exam_proctoring_dataset/02_clips/talking_to_neighbor/T03_talking_to_neighbor_take03.mp4,images/T03_talking_to_neighbor_take03/win_000_midframe_0037.jpg,correct,,
T03_talking_to_neighbor_take03.mp4,T03_talking_to_neighbor_take03,talking_to_neighbor,A3,T03,1,24,98,0.960115214,3.920470456,61,2.440292835,4,4,TRUE,TRUE,7,normal,normal,0,4.000480058,9.00108013,manual_clip,T03_talking_to_neighbor_take03,/home/sagemaker-user/exam_proctoring_dataset/02_clips/talking_to_neighbor/T03_talking_to_neighbor_take03.mp4,images/T03_talking_to_neighbor_take03/win_001_midframe_0061.jpg,correct,,
T03_talking_to_neighbor_take03.mp4,T03_talking_to_neighbor_take03,talking_to_neighbor,A3,T03,2,48,122,1.920230428,4.88058567,85,3.400408049,4,4,TRUE,TRUE,7,normal,normal,0.297297297,4.000480058,9.00108013,manual_clip,T03_talking_to_neighbor_take03,/home/sagemaker-user/exam_proctoring_dataset/02_clips/talking_to_neighbor/T03_talking_to_neighbor_take03.mp4,images/T03_talking_to_neighbor_take03/win_002_midframe_0085.jpg,correct,,
T03_talking_to_neighbor_take03.mp4,T03_talking_to_neighbor_take03,talking_to_neighbor,A3,T03,3,72,146,2.880345641,5.840700884,109,4.360523263,4,4,TRUE,TRUE,7,talking_to_neighbor,suspicious,0.621621622,4.000480058,9.00108013,manual_clip,T03_talking_to_neighbor_take03,/home/sagemaker-user/exam_proctoring_dataset/02_clips/talking_to_neighbor/T03_talking_to_neighbor_take03.mp4,images/T03_talking_to_neighbor_take03/win_003_midframe_0109.jpg,correct,,
T03_talking_to_neighbor_take03.mp4,T03_talking_to_neighbor_take03,talking_to_neighbor,A3,T03,4,96,170,3.840460855,6.800816098,133,5.320638477,4,4,TRUE,TRUE,7,talking_to_neighbor,suspicious,0.945945946,4.000480058,9.00108013,manual_clip,T03_talking_to_neighbor_take03,/home/sagemaker-user/exam_proctoring_dataset/02_clips/talking_to_neighbor/T03_talking_to_neighbor_take03.mp4,images/T03_talking_to_neighbor_take03/win_004_midframe_0133.jpg,correct,,
T03_talking_to_neighbor_take03.mp4,T03_talking_to_neighbor_take03,talking_to_neighbor,A3,T03,5,120,194,4.800576069,7.760931312,157,6.28075369,4,4,TRUE,TRUE,7,talking_to_neighbor,suspicious,1,4.000480058,9.00108013,manual_clip,T03_talking_to_neighbor_take03,/home/sagemaker-user/exam_proctoring_dataset/02_clips/talking_to_neighbor/T03_talking_to_neighbor_take03.mp4,images/T03_talking_to_neighbor_take03/win_005_midframe_0157.jpg,correct,,
T03_talking_to_neighbor_take03.mp4,T03_talking_to_neighbor_take03,talking_to_neighbor,A3,T03,6,144,218,5.760691283,8.721046526,181,7.240868904,4,4,TRUE,TRUE,7,talking_to_neighbor,suspicious,1,4.000480058,9.00108013,manual_clip,T03_talking_to_neighbor_take03,/home/sagemaker-user/exam_proctoring_dataset/02_clips/talking_to_neighbor/T03_talking_to_neighbor_take03.mp4,images/T03_talking_to_neighbor_take03/win_006_midframe_0181.jpg,correct,,
T03_talking_to_neighbor_take03.mp4,T03_talking_to_neighbor_take03,talking_to_neighbor,A3,T03,7,168,242,6.720806497,9.681161739,205,8.200984118,4,4,TRUE,TRUE,7,talking_to_neighbor,suspicious,0.77027027,4.000480058,9.00108013,manual_clip,T03_talking_to_neighbor_take03,/home/sagemaker-user/exam_proctoring_dataset/02_clips/talking_to_neighbor/T03_talking_to_neighbor_take03.mp4,images/T03_talking_to_neighbor_take03/win_007_midframe_0205.jpg,correct,,
T03_talking_to_neighbor_take04.mp4,T03_talking_to_neighbor_take04,talking_to_neighbor,B1,T03,0,0,74,0,2.960355243,37,1.480177621,1,1,TRUE,TRUE,7,normal,normal,0,4.000480058,9.00108013,manual_clip,T03_talking_to_neighbor_take04,/home/sagemaker-user/exam_proctoring_dataset/02_clips/talking_to_neighbor/T03_talking_to_neighbor_take04.mp4,images/T03_talking_to_neighbor_take04/win_000_midframe_0037.jpg,correct,,
T03_talking_to_neighbor_take04.mp4,T03_talking_to_neighbor_take04,talking_to_neighbor,B1,T03,1,24,98,0.960115214,3.920470456,61,2.440292835,1,1,TRUE,TRUE,7,normal,normal,0,4.000480058,9.00108013,manual_clip,T03_talking_to_neighbor_take04,/home/sagemaker-user/exam_proctoring_dataset/02_clips/talking_to_neighbor/T03_talking_to_neighbor_take04.mp4,images/T03_talking_to_neighbor_take04/win_001_midframe_0061.jpg,correct,,
T03_talking_to_neighbor_take04.mp4,T03_talking_to_neighbor_take04,talking_to_neighbor,B1,T03,2,48,122,1.920230428,4.88058567,85,3.400408049,1,1,TRUE,TRUE,7,normal,normal,0.297297297,4.000480058,9.00108013,manual_clip,T03_talking_to_neighbor_take04,/home/sagemaker-user/exam_proctoring_dataset/02_clips/talking_to_neighbor/T03_talking_to_neighbor_take04.mp4,images/T03_talking_to_neighbor_take04/win_002_midframe_0085.jpg,correct,,
T03_talking_to_neighbor_take04.mp4,T03_talking_to_neighbor_take04,talking_to_neighbor,B1,T03,3,72,146,2.880345641,5.840700884,109,4.360523263,1,1,TRUE,TRUE,7,talking_to_neighbor,suspicious,0.621621622,4.000480058,9.00108013,manual_clip,T03_talking_to_neighbor_take04,/home/sagemaker-user/exam_proctoring_dataset/02_clips/talking_to_neighbor/T03_talking_to_neighbor_take04.mp4,images/T03_talking_to_neighbor_take04/win_003_midframe_0109.jpg,correct,,
T03_talking_to_neighbor_take04.mp4,T03_talking_to_neighbor_take04,talking_to_neighbor,B1,T03,4,96,170,3.840460855,6.800816098,133,5.320638477,1,1,TRUE,TRUE,7,talking_to_neighbor,suspicious,0.945945946,4.000480058,9.00108013,manual_clip,T03_talking_to_neighbor_take04,/home/sagemaker-user/exam_proctoring_dataset/02_clips/talking_to_neighbor/T03_talking_to_neighbor_take04.mp4,images/T03_talking_to_neighbor_take04/win_004_midframe_0133.jpg,correct,,
T03_talking_to_neighbor_take04.mp4,T03_talking_to_neighbor_take04,talking_to_neighbor,B1,T03,5,120,194,4.800576069,7.760931312,157,6.28075369,1,1,TRUE,TRUE,7,talking_to_neighbor,suspicious,1,4.000480058,9.00108013,manual_clip,T03_talking_to_neighbor_take04,/home/sagemaker-user/exam_proctoring_dataset/02_clips/talking_to_neighbor/T03_talking_to_neighbor_take04.mp4,images/T03_talking_to_neighbor_take04/win_005_midframe_0157.jpg,correct,,
T03_talking_to_neighbor_take04.mp4,T03_talking_to_neighbor_take04,talking_to_neighbor,B1,T03,6,144,218,5.760691283,8.721046526,181,7.240868904,1,1,TRUE,TRUE,7,talking_to_neighbor,suspicious,1,4.000480058,9.00108013,manual_clip,T03_talking_to_neighbor_take04,/home/sagemaker-user/exam_proctoring_dataset/02_clips/talking_to_neighbor/T03_talking_to_neighbor_take04.mp4,images/T03_talking_to_neighbor_take04/win_006_midframe_0181.jpg,correct,,
T03_talking_to_neighbor_take04.mp4,T03_talking_to_neighbor_take04,talking_to_neighbor,B1,T03,7,168,242,6.720806497,9.681161739,205,8.200984118,1,1,TRUE,TRUE,7,talking_to_neighbor,suspicious,0.77027027,4.000480058,9.00108013,manual_clip,T03_talking_to_neighbor_take04,/home/sagemaker-user/exam_proctoring_dataset/02_clips/talking_to_neighbor/T03_talking_to_neighbor_take04.mp4,images/T03_talking_to_neighbor_take04/win_007_midframe_0205.jpg,correct,,
T03_talking_to_neighbor_take05.mp4,T03_talking_to_neighbor_take05,talking_to_neighbor,B2,T03,0,0,74,0,2.960355243,37,1.480177621,3,3,TRUE,TRUE,7,normal,normal,0,4.000480058,9.00108013,manual_clip,T03_talking_to_neighbor_take05,/home/sagemaker-user/exam_proctoring_dataset/02_clips/talking_to_neighbor/T03_talking_to_neighbor_take05.mp4,images/T03_talking_to_neighbor_take05/win_000_midframe_0037.jpg,correct,,
T03_talking_to_neighbor_take05.mp4,T03_talking_to_neighbor_take05,talking_to_neighbor,B2,T03,1,24,98,0.960115214,3.920470456,61,2.440292835,3,3,TRUE,TRUE,7,normal,normal,0,4.000480058,9.00108013,manual_clip,T03_talking_to_neighbor_take05,/home/sagemaker-user/exam_proctoring_dataset/02_clips/talking_to_neighbor/T03_talking_to_neighbor_take05.mp4,images/T03_talking_to_neighbor_take05/win_001_midframe_0061.jpg,correct,,
T03_talking_to_neighbor_take05.mp4,T03_talking_to_neighbor_take05,talking_to_neighbor,B2,T03,2,48,122,1.920230428,4.88058567,85,3.400408049,3,3,TRUE,TRUE,7,normal,normal,0.297297297,4.000480058,9.00108013,manual_clip,T03_talking_to_neighbor_take05,/home/sagemaker-user/exam_proctoring_dataset/02_clips/talking_to_neighbor/T03_talking_to_neighbor_take05.mp4,images/T03_talking_to_neighbor_take05/win_002_midframe_0085.jpg,correct,,
T03_talking_to_neighbor_take05.mp4,T03_talking_to_neighbor_take05,talking_to_neighbor,B2,T03,3,72,146,2.880345641,5.840700884,109,4.360523263,3,3,TRUE,TRUE,7,talking_to_neighbor,suspicious,0.621621622,4.000480058,9.00108013,manual_clip,T03_talking_to_neighbor_take05,/home/sagemaker-user/exam_proctoring_dataset/02_clips/talking_to_neighbor/T03_talking_to_neighbor_take05.mp4,images/T03_talking_to_neighbor_take05/win_003_midframe_0109.jpg,correct,,
T03_talking_to_neighbor_take05.mp4,T03_talking_to_neighbor_take05,talking_to_neighbor,B2,T03,4,96,170,3.840460855,6.800816098,133,5.320638477,3,3,TRUE,TRUE,7,talking_to_neighbor,suspicious,0.945945946,4.000480058,9.00108013,manual_clip,T03_talking_to_neighbor_take05,/home/sagemaker-user/exam_proctoring_dataset/02_clips/talking_to_neighbor/T03_talking_to_neighbor_take05.mp4,images/T03_talking_to_neighbor_take05/win_004_midframe_0133.jpg,correct,,
T03_talking_to_neighbor_take05.mp4,T03_talking_to_neighbor_take05,talking_to_neighbor,B2,T03,5,120,194,4.800576069,7.760931312,157,6.28075369,3,3,TRUE,TRUE,7,talking_to_neighbor,suspicious,1,4.000480058,9.00108013,manual_clip,T03_talking_to_neighbor_take05,/home/sagemaker-user/exam_proctoring_dataset/02_clips/talking_to_neighbor/T03_talking_to_neighbor_take05.mp4,images/T03_talking_to_neighbor_take05/win_005_midframe_0157.jpg,correct,,
T03_talking_to_neighbor_take05.mp4,T03_talking_to_neighbor_take05,talking_to_neighbor,B2,T03,6,144,218,5.760691283,8.721046526,181,7.240868904,3,3,TRUE,TRUE,7,talking_to_neighbor,suspicious,1,4.000480058,9.00108013,manual_clip,T03_talking_to_neighbor_take05,/home/sagemaker-user/exam_proctoring_dataset/02_clips/talking_to_neighbor/T03_talking_to_neighbor_take05.mp4,images/T03_talking_to_neighbor_take05/win_006_midframe_0181.jpg,correct,,
T03_talking_to_neighbor_take05.mp4,T03_talking_to_neighbor_take05,talking_to_neighbor,B2,T03,7,168,242,6.720806497,9.681161739,205,8.200984118,3,3,TRUE,TRUE,7,talking_to_neighbor,suspicious,0.77027027,4.000480058,9.00108013,manual_clip,T03_talking_to_neighbor_take05,/home/sagemaker-user/exam_proctoring_dataset/02_clips/talking_to_neighbor/T03_talking_to_neighbor_take05.mp4,images/T03_talking_to_neighbor_take05/win_007_midframe_0205.jpg,correct,,
T03_talking_to_neighbor_take06.mp4,T03_talking_to_neighbor_take06,talking_to_neighbor,B3,T03,0,0,74,0,2.960355243,37,1.480177621,5,5,TRUE,TRUE,7,normal,normal,0,3.000360043,9.00108013,manual_clip,T03_talking_to_neighbor_take06,/home/sagemaker-user/exam_proctoring_dataset/02_clips/talking_to_neighbor/T03_talking_to_neighbor_take06.mp4,images/T03_talking_to_neighbor_take06/win_000_midframe_0037.jpg,correct,,
T03_talking_to_neighbor_take06.mp4,T03_talking_to_neighbor_take06,talking_to_neighbor,B3,T03,1,24,98,0.960115214,3.920470456,61,2.440292835,5,5,TRUE,TRUE,7,normal,normal,0.310810811,3.000360043,9.00108013,manual_clip,T03_talking_to_neighbor_take06,/home/sagemaker-user/exam_proctoring_dataset/02_clips/talking_to_neighbor/T03_talking_to_neighbor_take06.mp4,images/T03_talking_to_neighbor_take06/win_001_midframe_0061.jpg,correct,,
T03_talking_to_neighbor_take06.mp4,T03_talking_to_neighbor_take06,talking_to_neighbor,B3,T03,2,48,122,1.920230428,4.88058567,85,3.400408049,5,5,TRUE,TRUE,8,talking_to_neighbor,suspicious,0.635135135,3.000360043,9.00108013,manual_clip,T03_talking_to_neighbor_take06,/home/sagemaker-user/exam_proctoring_dataset/02_clips/talking_to_neighbor/T03_talking_to_neighbor_take06.mp4,images/T03_talking_to_neighbor_take06/win_002_midframe_0085.jpg,correct,,
T03_talking_to_neighbor_take06.mp4,T03_talking_to_neighbor_take06,talking_to_neighbor,B3,T03,3,72,146,2.880345641,5.840700884,109,4.360523263,5,5,TRUE,TRUE,8,talking_to_neighbor,suspicious,0.959459459,3.000360043,9.00108013,manual_clip,T03_talking_to_neighbor_take06,/home/sagemaker-user/exam_proctoring_dataset/02_clips/talking_to_neighbor/T03_talking_to_neighbor_take06.mp4,images/T03_talking_to_neighbor_take06/win_003_midframe_0109.jpg,correct,,
T03_talking_to_neighbor_take06.mp4,T03_talking_to_neighbor_take06,talking_to_neighbor,B3,T03,4,96,170,3.840460855,6.800816098,133,5.320638477,5,5,TRUE,TRUE,8,talking_to_neighbor,suspicious,1,3.000360043,9.00108013,manual_clip,T03_talking_to_neighbor_take06,/home/sagemaker-user/exam_proctoring_dataset/02_clips/talking_to_neighbor/T03_talking_to_neighbor_take06.mp4,images/T03_talking_to_neighbor_take06/win_004_midframe_0133.jpg,correct,,
T03_talking_to_neighbor_take06.mp4,T03_talking_to_neighbor_take06,talking_to_neighbor,B3,T03,5,120,194,4.800576069,7.760931312,157,6.28075369,5,5,TRUE,TRUE,8,talking_to_neighbor,suspicious,1,3.000360043,9.00108013,manual_clip,T03_talking_to_neighbor_take06,/home/sagemaker-user/exam_proctoring_dataset/02_clips/talking_to_neighbor/T03_talking_to_neighbor_take06.mp4,images/T03_talking_to_neighbor_take06/win_005_midframe_0157.jpg,correct,,
T03_talking_to_neighbor_take06.mp4,T03_talking_to_neighbor_take06,talking_to_neighbor,B3,T03,6,144,218,5.760691283,8.721046526,181,7.240868904,5,5,TRUE,TRUE,8,talking_to_neighbor,suspicious,1,3.000360043,9.00108013,manual_clip,T03_talking_to_neighbor_take06,/home/sagemaker-user/exam_proctoring_dataset/02_clips/talking_to_neighbor/T03_talking_to_neighbor_take06.mp4,images/T03_talking_to_neighbor_take06/win_006_midframe_0181.jpg,correct,,
T03_talking_to_neighbor_take06.mp4,T03_talking_to_neighbor_take06,talking_to_neighbor,B3,T03,7,168,242,6.720806497,9.681161739,205,8.200984118,5,5,TRUE,TRUE,8,talking_to_neighbor,suspicious,0.77027027,3.000360043,9.00108013,manual_clip,T03_talking_to_neighbor_take06,/home/sagemaker-user/exam_proctoring_dataset/02_clips/talking_to_neighbor/T03_talking_to_neighbor_take06.mp4,images/T03_talking_to_neighbor_take06/win_007_midframe_0205.jpg,correct,,
T04_talking_to_neighbor_take01.mp4,T04_talking_to_neighbor_take01,talking_to_neighbor,A1,T04,0,0,74,0,2.960592118,37,1.480296059,0,0,TRUE,TRUE,7,normal,normal,0,4.00080016,9.00180036,manual_clip,T04_talking_to_neighbor_take01,/home/sagemaker-user/exam_proctoring_dataset/02_clips/talking_to_neighbor/T04_talking_to_neighbor_take01.mp4,images/T04_talking_to_neighbor_take01/win_000_midframe_0037.jpg,correct,,
T04_talking_to_neighbor_take01.mp4,T04_talking_to_neighbor_take01,talking_to_neighbor,A1,T04,1,24,98,0.960192038,3.920784157,61,2.440488098,0,0,TRUE,TRUE,8,normal,normal,0,4.00080016,9.00180036,manual_clip,T04_talking_to_neighbor_take01,/home/sagemaker-user/exam_proctoring_dataset/02_clips/talking_to_neighbor/T04_talking_to_neighbor_take01.mp4,images/T04_talking_to_neighbor_take01/win_001_midframe_0061.jpg,correct,,
T04_talking_to_neighbor_take01.mp4,T04_talking_to_neighbor_take01,talking_to_neighbor,A1,T04,2,48,122,1.920384077,4.880976195,85,3.400680136,0,0,TRUE,TRUE,7,normal,normal,0.297297297,4.00080016,9.00180036,manual_clip,T04_talking_to_neighbor_take01,/home/sagemaker-user/exam_proctoring_dataset/02_clips/talking_to_neighbor/T04_talking_to_neighbor_take01.mp4,images/T04_talking_to_neighbor_take01/win_002_midframe_0085.jpg,correct,,
T04_talking_to_neighbor_take01.mp4,T04_talking_to_neighbor_take01,talking_to_neighbor,A1,T04,3,72,146,2.880576115,5.841168234,109,4.360872174,0,0,TRUE,TRUE,7,talking_to_neighbor,suspicious,0.621621622,4.00080016,9.00180036,manual_clip,T04_talking_to_neighbor_take01,/home/sagemaker-user/exam_proctoring_dataset/02_clips/talking_to_neighbor/T04_talking_to_neighbor_take01.mp4,images/T04_talking_to_neighbor_take01/win_003_midframe_0109.jpg,correct,,
T04_talking_to_neighbor_take01.mp4,T04_talking_to_neighbor_take01,talking_to_neighbor,A1,T04,4,96,170,3.840768154,6.801360272,133,5.321064213,0,0,TRUE,TRUE,8,talking_to_neighbor,suspicious,0.945945946,4.00080016,9.00180036,manual_clip,T04_talking_to_neighbor_take01,/home/sagemaker-user/exam_proctoring_dataset/02_clips/talking_to_neighbor/T04_talking_to_neighbor_take01.mp4,images/T04_talking_to_neighbor_take01/win_004_midframe_0133.jpg,correct,,
T04_talking_to_neighbor_take01.mp4,T04_talking_to_neighbor_take01,talking_to_neighbor,A1,T04,5,120,194,4.800960192,7.76155231,157,6.281256251,0,0,TRUE,TRUE,7,talking_to_neighbor,suspicious,1,4.00080016,9.00180036,manual_clip,T04_talking_to_neighbor_take01,/home/sagemaker-user/exam_proctoring_dataset/02_clips/talking_to_neighbor/T04_talking_to_neighbor_take01.mp4,images/T04_talking_to_neighbor_take01/win_005_midframe_0157.jpg,correct,,
T04_talking_to_neighbor_take01.mp4,T04_talking_to_neighbor_take01,talking_to_neighbor,A1,T04,6,144,218,5.76115223,8.721744349,181,7.24144829,0,0,TRUE,TRUE,7,talking_to_neighbor,suspicious,1,4.00080016,9.00180036,manual_clip,T04_talking_to_neighbor_take01,/home/sagemaker-user/exam_proctoring_dataset/02_clips/talking_to_neighbor/T04_talking_to_neighbor_take01.mp4,images/T04_talking_to_neighbor_take01/win_006_midframe_0181.jpg,correct,,
T04_talking_to_neighbor_take01.mp4,T04_talking_to_neighbor_take01,talking_to_neighbor,A1,T04,7,168,242,6.721344269,9.681936387,205,8.201640328,0,0,TRUE,TRUE,8,talking_to_neighbor,suspicious,0.77027027,4.00080016,9.00180036,manual_clip,T04_talking_to_neighbor_take01,/home/sagemaker-user/exam_proctoring_dataset/02_clips/talking_to_neighbor/T04_talking_to_neighbor_take01.mp4,images/T04_talking_to_neighbor_take01/win_007_midframe_0205.jpg,correct,,
T04_talking_to_neighbor_take02.mp4,T04_talking_to_neighbor_take02,talking_to_neighbor,A2,T04,0,0,74,0,2.960592118,37,1.480296059,2,2,TRUE,TRUE,7,normal,normal,0,4.00080016,9.00180036,manual_clip,T04_talking_to_neighbor_take02,/home/sagemaker-user/exam_proctoring_dataset/02_clips/talking_to_neighbor/T04_talking_to_neighbor_take02.mp4,images/T04_talking_to_neighbor_take02/win_000_midframe_0037.jpg,correct,,
T04_talking_to_neighbor_take02.mp4,T04_talking_to_neighbor_take02,talking_to_neighbor,A2,T04,1,24,98,0.960192038,3.920784157,61,2.440488098,2,2,TRUE,TRUE,8,normal,normal,0,4.00080016,9.00180036,manual_clip,T04_talking_to_neighbor_take02,/home/sagemaker-user/exam_proctoring_dataset/02_clips/talking_to_neighbor/T04_talking_to_neighbor_take02.mp4,images/T04_talking_to_neighbor_take02/win_001_midframe_0061.jpg,correct,,
T04_talking_to_neighbor_take02.mp4,T04_talking_to_neighbor_take02,talking_to_neighbor,A2,T04,2,48,122,1.920384077,4.880976195,85,3.400680136,2,2,TRUE,TRUE,7,normal,normal,0.297297297,4.00080016,9.00180036,manual_clip,T04_talking_to_neighbor_take02,/home/sagemaker-user/exam_proctoring_dataset/02_clips/talking_to_neighbor/T04_talking_to_neighbor_take02.mp4,images/T04_talking_to_neighbor_take02/win_002_midframe_0085.jpg,correct,,
T04_talking_to_neighbor_take02.mp4,T04_talking_to_neighbor_take02,talking_to_neighbor,A2,T04,3,72,146,2.880576115,5.841168234,109,4.360872174,2,2,TRUE,TRUE,7,talking_to_neighbor,suspicious,0.621621622,4.00080016,9.00180036,manual_clip,T04_talking_to_neighbor_take02,/home/sagemaker-user/exam_proctoring_dataset/02_clips/talking_to_neighbor/T04_talking_to_neighbor_take02.mp4,images/T04_talking_to_neighbor_take02/win_003_midframe_0109.jpg,correct,,
T04_talking_to_neighbor_take02.mp4,T04_talking_to_neighbor_take02,talking_to_neighbor,A2,T04,4,96,170,3.840768154,6.801360272,133,5.321064213,2,2,TRUE,TRUE,7,talking_to_neighbor,suspicious,0.945945946,4.00080016,9.00180036,manual_clip,T04_talking_to_neighbor_take02,/home/sagemaker-user/exam_proctoring_dataset/02_clips/talking_to_neighbor/T04_talking_to_neighbor_take02.mp4,images/T04_talking_to_neighbor_take02/win_004_midframe_0133.jpg,correct,,
T04_talking_to_neighbor_take02.mp4,T04_talking_to_neighbor_take02,talking_to_neighbor,A2,T04,5,120,194,4.800960192,7.76155231,157,6.281256251,2,2,TRUE,TRUE,8,talking_to_neighbor,suspicious,1,4.00080016,9.00180036,manual_clip,T04_talking_to_neighbor_take02,/home/sagemaker-user/exam_proctoring_dataset/02_clips/talking_to_neighbor/T04_talking_to_neighbor_take02.mp4,images/T04_talking_to_neighbor_take02/win_005_midframe_0157.jpg,correct,,
T04_talking_to_neighbor_take02.mp4,T04_talking_to_neighbor_take02,talking_to_neighbor,A2,T04,6,144,218,5.76115223,8.721744349,181,7.24144829,2,2,TRUE,TRUE,8,talking_to_neighbor,suspicious,1,4.00080016,9.00180036,manual_clip,T04_talking_to_neighbor_take02,/home/sagemaker-user/exam_proctoring_dataset/02_clips/talking_to_neighbor/T04_talking_to_neighbor_take02.mp4,images/T04_talking_to_neighbor_take02/win_006_midframe_0181.jpg,correct,,
T04_talking_to_neighbor_take02.mp4,T04_talking_to_neighbor_take02,talking_to_neighbor,A2,T04,7,168,242,6.721344269,9.681936387,205,8.201640328,2,2,TRUE,TRUE,8,talking_to_neighbor,suspicious,0.77027027,4.00080016,9.00180036,manual_clip,T04_talking_to_neighbor_take02,/home/sagemaker-user/exam_proctoring_dataset/02_clips/talking_to_neighbor/T04_talking_to_neighbor_take02.mp4,images/T04_talking_to_neighbor_take02/win_007_midframe_0205.jpg,correct,,
T04_talking_to_neighbor_take03.mp4,T04_talking_to_neighbor_take03,talking_to_neighbor,A3,T04,0,0,74,0,2.960592118,37,1.480296059,4,4,TRUE,TRUE,7,normal,normal,0,5.0010002,9.00180036,manual_clip,T04_talking_to_neighbor_take03,/home/sagemaker-user/exam_proctoring_dataset/02_clips/talking_to_neighbor/T04_talking_to_neighbor_take03.mp4,images/T04_talking_to_neighbor_take03/win_000_midframe_0037.jpg,correct,,
T04_talking_to_neighbor_take03.mp4,T04_talking_to_neighbor_take03,talking_to_neighbor,A3,T04,1,24,98,0.960192038,3.920784157,61,2.440488098,4,4,TRUE,TRUE,8,normal,normal,0,5.0010002,9.00180036,manual_clip,T04_talking_to_neighbor_take03,/home/sagemaker-user/exam_proctoring_dataset/02_clips/talking_to_neighbor/T04_talking_to_neighbor_take03.mp4,images/T04_talking_to_neighbor_take03/win_001_midframe_0061.jpg,correct,,
T04_talking_to_neighbor_take03.mp4,T04_talking_to_neighbor_take03,talking_to_neighbor,A3,T04,2,48,122,1.920384077,4.880976195,85,3.400680136,4,4,TRUE,TRUE,7,normal,normal,0,5.0010002,9.00180036,manual_clip,T04_talking_to_neighbor_take03,/home/sagemaker-user/exam_proctoring_dataset/02_clips/talking_to_neighbor/T04_talking_to_neighbor_take03.mp4,images/T04_talking_to_neighbor_take03/win_002_midframe_0085.jpg,correct,,
T04_talking_to_neighbor_take03.mp4,T04_talking_to_neighbor_take03,talking_to_neighbor,A3,T04,3,72,146,2.880576115,5.841168234,109,4.360872174,4,4,TRUE,TRUE,7,normal,normal,0.283783784,5.0010002,9.00180036,manual_clip,T04_talking_to_neighbor_take03,/home/sagemaker-user/exam_proctoring_dataset/02_clips/talking_to_neighbor/T04_talking_to_neighbor_take03.mp4,images/T04_talking_to_neighbor_take03/win_003_midframe_0109.jpg,correct,,
T04_talking_to_neighbor_take03.mp4,T04_talking_to_neighbor_take03,talking_to_neighbor,A3,T04,4,96,170,3.840768154,6.801360272,133,5.321064213,4,4,TRUE,TRUE,7,talking_to_neighbor,suspicious,0.608108108,5.0010002,9.00180036,manual_clip,T04_talking_to_neighbor_take03,/home/sagemaker-user/exam_proctoring_dataset/02_clips/talking_to_neighbor/T04_talking_to_neighbor_take03.mp4,images/T04_talking_to_neighbor_take03/win_004_midframe_0133.jpg,correct,,
T04_talking_to_neighbor_take03.mp4,T04_talking_to_neighbor_take03,talking_to_neighbor,A3,T04,5,120,194,4.800960192,7.76155231,157,6.281256251,4,4,TRUE,TRUE,8,talking_to_neighbor,suspicious,0.932432432,5.0010002,9.00180036,manual_clip,T04_talking_to_neighbor_take03,/home/sagemaker-user/exam_proctoring_dataset/02_clips/talking_to_neighbor/T04_talking_to_neighbor_take03.mp4,images/T04_talking_to_neighbor_take03/win_005_midframe_0157.jpg,correct,,
T04_talking_to_neighbor_take03.mp4,T04_talking_to_neighbor_take03,talking_to_neighbor,A3,T04,6,144,218,5.76115223,8.721744349,181,7.24144829,4,4,TRUE,TRUE,8,talking_to_neighbor,suspicious,1,5.0010002,9.00180036,manual_clip,T04_talking_to_neighbor_take03,/home/sagemaker-user/exam_proctoring_dataset/02_clips/talking_to_neighbor/T04_talking_to_neighbor_take03.mp4,images/T04_talking_to_neighbor_take03/win_006_midframe_0181.jpg,correct,,
T04_talking_to_neighbor_take03.mp4,T04_talking_to_neighbor_take03,talking_to_neighbor,A3,T04,7,168,242,6.721344269,9.681936387,205,8.201640328,4,4,TRUE,TRUE,8,talking_to_neighbor,suspicious,0.77027027,5.0010002,9.00180036,manual_clip,T04_talking_to_neighbor_take03,/home/sagemaker-user/exam_proctoring_dataset/02_clips/talking_to_neighbor/T04_talking_to_neighbor_take03.mp4,images/T04_talking_to_neighbor_take03/win_007_midframe_0205.jpg,correct,,
T04_talking_to_neighbor_take04.mp4,T04_talking_to_neighbor_take04,talking_to_neighbor,B1,T04,0,0,74,0,2.960592118,37,1.480296059,1,1,TRUE,TRUE,7,normal,normal,0,4.00080016,9.00180036,manual_clip,T04_talking_to_neighbor_take04,/home/sagemaker-user/exam_proctoring_dataset/02_clips/talking_to_neighbor/T04_talking_to_neighbor_take04.mp4,images/T04_talking_to_neighbor_take04/win_000_midframe_0037.jpg,correct,,
T04_talking_to_neighbor_take04.mp4,T04_talking_to_neighbor_take04,talking_to_neighbor,B1,T04,1,24,98,0.960192038,3.920784157,61,2.440488098,1,1,TRUE,TRUE,7,normal,normal,0,4.00080016,9.00180036,manual_clip,T04_talking_to_neighbor_take04,/home/sagemaker-user/exam_proctoring_dataset/02_clips/talking_to_neighbor/T04_talking_to_neighbor_take04.mp4,images/T04_talking_to_neighbor_take04/win_001_midframe_0061.jpg,correct,,
T04_talking_to_neighbor_take04.mp4,T04_talking_to_neighbor_take04,talking_to_neighbor,B1,T04,2,48,122,1.920384077,4.880976195,85,3.400680136,1,1,TRUE,TRUE,7,normal,normal,0.297297297,4.00080016,9.00180036,manual_clip,T04_talking_to_neighbor_take04,/home/sagemaker-user/exam_proctoring_dataset/02_clips/talking_to_neighbor/T04_talking_to_neighbor_take04.mp4,images/T04_talking_to_neighbor_take04/win_002_midframe_0085.jpg,correct,,
T04_talking_to_neighbor_take04.mp4,T04_talking_to_neighbor_take04,talking_to_neighbor,B1,T04,3,72,146,2.880576115,5.841168234,109,4.360872174,1,1,TRUE,TRUE,7,talking_to_neighbor,suspicious,0.621621622,4.00080016,9.00180036,manual_clip,T04_talking_to_neighbor_take04,/home/sagemaker-user/exam_proctoring_dataset/02_clips/talking_to_neighbor/T04_talking_to_neighbor_take04.mp4,images/T04_talking_to_neighbor_take04/win_003_midframe_0109.jpg,correct,,
T04_talking_to_neighbor_take04.mp4,T04_talking_to_neighbor_take04,talking_to_neighbor,B1,T04,4,96,170,3.840768154,6.801360272,133,5.321064213,1,1,TRUE,TRUE,7,talking_to_neighbor,suspicious,0.945945946,4.00080016,9.00180036,manual_clip,T04_talking_to_neighbor_take04,/home/sagemaker-user/exam_proctoring_dataset/02_clips/talking_to_neighbor/T04_talking_to_neighbor_take04.mp4,images/T04_talking_to_neighbor_take04/win_004_midframe_0133.jpg,correct,,
T04_talking_to_neighbor_take04.mp4,T04_talking_to_neighbor_take04,talking_to_neighbor,B1,T04,5,120,194,4.800960192,7.76155231,157,6.281256251,1,1,TRUE,TRUE,7,talking_to_neighbor,suspicious,1,4.00080016,9.00180036,manual_clip,T04_talking_to_neighbor_take04,/home/sagemaker-user/exam_proctoring_dataset/02_clips/talking_to_neighbor/T04_talking_to_neighbor_take04.mp4,images/T04_talking_to_neighbor_take04/win_005_midframe_0157.jpg,correct,,
T04_talking_to_neighbor_take04.mp4,T04_talking_to_neighbor_take04,talking_to_neighbor,B1,T04,6,144,218,5.76115223,8.721744349,181,7.24144829,1,1,TRUE,TRUE,7,talking_to_neighbor,suspicious,1,4.00080016,9.00180036,manual_clip,T04_talking_to_neighbor_take04,/home/sagemaker-user/exam_proctoring_dataset/02_clips/talking_to_neighbor/T04_talking_to_neighbor_take04.mp4,images/T04_talking_to_neighbor_take04/win_006_midframe_0181.jpg,correct,,
T04_talking_to_neighbor_take04.mp4,T04_talking_to_neighbor_take04,talking_to_neighbor,B1,T04,7,168,242,6.721344269,9.681936387,205,8.201640328,1,1,TRUE,TRUE,7,talking_to_neighbor,suspicious,0.77027027,4.00080016,9.00180036,manual_clip,T04_talking_to_neighbor_take04,/home/sagemaker-user/exam_proctoring_dataset/02_clips/talking_to_neighbor/T04_talking_to_neighbor_take04.mp4,images/T04_talking_to_neighbor_take04/win_007_midframe_0205.jpg,correct,,
T04_talking_to_neighbor_take05.mp4,T04_talking_to_neighbor_take05,talking_to_neighbor,B2,T04,0,0,74,0,2.960592118,37,1.480296059,3,3,TRUE,TRUE,7,talking_to_neighbor,suspicious,0.662162162,1.00020004,9.00180036,manual_clip,T04_talking_to_neighbor_take05,/home/sagemaker-user/exam_proctoring_dataset/02_clips/talking_to_neighbor/T04_talking_to_neighbor_take05.mp4,images/T04_talking_to_neighbor_take05/win_000_midframe_0037.jpg,correct,,
T04_talking_to_neighbor_take05.mp4,T04_talking_to_neighbor_take05,talking_to_neighbor,B2,T04,1,24,98,0.960192038,3.920784157,61,2.440488098,3,3,TRUE,TRUE,7,talking_to_neighbor,suspicious,0.986486486,1.00020004,9.00180036,manual_clip,T04_talking_to_neighbor_take05,/home/sagemaker-user/exam_proctoring_dataset/02_clips/talking_to_neighbor/T04_talking_to_neighbor_take05.mp4,images/T04_talking_to_neighbor_take05/win_001_midframe_0061.jpg,correct,,
T04_talking_to_neighbor_take05.mp4,T04_talking_to_neighbor_take05,talking_to_neighbor,B2,T04,2,48,122,1.920384077,4.880976195,85,3.400680136,3,3,TRUE,TRUE,7,talking_to_neighbor,suspicious,1,1.00020004,9.00180036,manual_clip,T04_talking_to_neighbor_take05,/home/sagemaker-user/exam_proctoring_dataset/02_clips/talking_to_neighbor/T04_talking_to_neighbor_take05.mp4,images/T04_talking_to_neighbor_take05/win_002_midframe_0085.jpg,correct,,
T04_talking_to_neighbor_take05.mp4,T04_talking_to_neighbor_take05,talking_to_neighbor,B2,T04,3,72,146,2.880576115,5.841168234,109,4.360872174,3,3,TRUE,TRUE,7,talking_to_neighbor,suspicious,1,1.00020004,9.00180036,manual_clip,T04_talking_to_neighbor_take05,/home/sagemaker-user/exam_proctoring_dataset/02_clips/talking_to_neighbor/T04_talking_to_neighbor_take05.mp4,images/T04_talking_to_neighbor_take05/win_003_midframe_0109.jpg,correct,,
T04_talking_to_neighbor_take05.mp4,T04_talking_to_neighbor_take05,talking_to_neighbor,B2,T04,4,96,170,3.840768154,6.801360272,133,5.321064213,3,3,TRUE,TRUE,7,talking_to_neighbor,suspicious,1,1.00020004,9.00180036,manual_clip,T04_talking_to_neighbor_take05,/home/sagemaker-user/exam_proctoring_dataset/02_clips/talking_to_neighbor/T04_talking_to_neighbor_take05.mp4,images/T04_talking_to_neighbor_take05/win_004_midframe_0133.jpg,correct,,
T04_talking_to_neighbor_take05.mp4,T04_talking_to_neighbor_take05,talking_to_neighbor,B2,T04,5,120,194,4.800960192,7.76155231,157,6.281256251,3,3,TRUE,TRUE,7,talking_to_neighbor,suspicious,1,1.00020004,9.00180036,manual_clip,T04_talking_to_neighbor_take05,/home/sagemaker-user/exam_proctoring_dataset/02_clips/talking_to_neighbor/T04_talking_to_neighbor_take05.mp4,images/T04_talking_to_neighbor_take05/win_005_midframe_0157.jpg,correct,,
T04_talking_to_neighbor_take05.mp4,T04_talking_to_neighbor_take05,talking_to_neighbor,B2,T04,6,144,218,5.76115223,8.721744349,181,7.24144829,3,3,TRUE,TRUE,7,talking_to_neighbor,suspicious,1,1.00020004,9.00180036,manual_clip,T04_talking_to_neighbor_take05,/home/sagemaker-user/exam_proctoring_dataset/02_clips/talking_to_neighbor/T04_talking_to_neighbor_take05.mp4,images/T04_talking_to_neighbor_take05/win_006_midframe_0181.jpg,correct,,
T04_talking_to_neighbor_take05.mp4,T04_talking_to_neighbor_take05,talking_to_neighbor,B2,T04,7,168,242,6.721344269,9.681936387,205,8.201640328,3,3,TRUE,TRUE,7,talking_to_neighbor,suspicious,0.77027027,1.00020004,9.00180036,manual_clip,T04_talking_to_neighbor_take05,/home/sagemaker-user/exam_proctoring_dataset/02_clips/talking_to_neighbor/T04_talking_to_neighbor_take05.mp4,images/T04_talking_to_neighbor_take05/win_007_midframe_0205.jpg,correct,,
T04_talking_to_neighbor_take06.mp4,T04_talking_to_neighbor_take06,talking_to_neighbor,B3,T04,0,0,74,0,2.960592118,37,1.480296059,5,5,TRUE,TRUE,7,normal,normal,0,3.00060012,9.00180036,manual_clip,T04_talking_to_neighbor_take06,/home/sagemaker-user/exam_proctoring_dataset/02_clips/talking_to_neighbor/T04_talking_to_neighbor_take06.mp4,images/T04_talking_to_neighbor_take06/win_000_midframe_0037.jpg,correct,,
T04_talking_to_neighbor_take06.mp4,T04_talking_to_neighbor_take06,talking_to_neighbor,B3,T04,1,24,98,0.960192038,3.920784157,61,2.440488098,5,5,TRUE,TRUE,7,normal,normal,0.310810811,3.00060012,9.00180036,manual_clip,T04_talking_to_neighbor_take06,/home/sagemaker-user/exam_proctoring_dataset/02_clips/talking_to_neighbor/T04_talking_to_neighbor_take06.mp4,images/T04_talking_to_neighbor_take06/win_001_midframe_0061.jpg,correct,,
T04_talking_to_neighbor_take06.mp4,T04_talking_to_neighbor_take06,talking_to_neighbor,B3,T04,2,48,122,1.920384077,4.880976195,85,3.400680136,5,5,TRUE,TRUE,8,talking_to_neighbor,suspicious,0.635135135,3.00060012,9.00180036,manual_clip,T04_talking_to_neighbor_take06,/home/sagemaker-user/exam_proctoring_dataset/02_clips/talking_to_neighbor/T04_talking_to_neighbor_take06.mp4,images/T04_talking_to_neighbor_take06/win_002_midframe_0085.jpg,correct,,
T04_talking_to_neighbor_take06.mp4,T04_talking_to_neighbor_take06,talking_to_neighbor,B3,T04,3,72,146,2.880576115,5.841168234,109,4.360872174,5,5,TRUE,TRUE,8,talking_to_neighbor,suspicious,0.959459459,3.00060012,9.00180036,manual_clip,T04_talking_to_neighbor_take06,/home/sagemaker-user/exam_proctoring_dataset/02_clips/talking_to_neighbor/T04_talking_to_neighbor_take06.mp4,images/T04_talking_to_neighbor_take06/win_003_midframe_0109.jpg,correct,,
T04_talking_to_neighbor_take06.mp4,T04_talking_to_neighbor_take06,talking_to_neighbor,B3,T04,4,96,170,3.840768154,6.801360272,133,5.321064213,5,5,TRUE,TRUE,8,talking_to_neighbor,suspicious,1,3.00060012,9.00180036,manual_clip,T04_talking_to_neighbor_take06,/home/sagemaker-user/exam_proctoring_dataset/02_clips/talking_to_neighbor/T04_talking_to_neighbor_take06.mp4,images/T04_talking_to_neighbor_take06/win_004_midframe_0133.jpg,correct,,
T04_talking_to_neighbor_take06.mp4,T04_talking_to_neighbor_take06,talking_to_neighbor,B3,T04,5,120,194,4.800960192,7.76155231,157,6.281256251,5,5,TRUE,TRUE,8,talking_to_neighbor,suspicious,1,3.00060012,9.00180036,manual_clip,T04_talking_to_neighbor_take06,/home/sagemaker-user/exam_proctoring_dataset/02_clips/talking_to_neighbor/T04_talking_to_neighbor_take06.mp4,images/T04_talking_to_neighbor_take06/win_005_midframe_0157.jpg,correct,,
T04_talking_to_neighbor_take06.mp4,T04_talking_to_neighbor_take06,talking_to_neighbor,B3,T04,6,144,218,5.76115223,8.721744349,181,7.24144829,5,5,TRUE,TRUE,8,talking_to_neighbor,suspicious,1,3.00060012,9.00180036,manual_clip,T04_talking_to_neighbor_take06,/home/sagemaker-user/exam_proctoring_dataset/02_clips/talking_to_neighbor/T04_talking_to_neighbor_take06.mp4,images/T04_talking_to_neighbor_take06/win_006_midframe_0181.jpg,correct,,
T04_talking_to_neighbor_take06.mp4,T04_talking_to_neighbor_take06,talking_to_neighbor,B3,T04,7,168,242,6.721344269,9.681936387,205,8.201640328,5,5,TRUE,TRUE,8,talking_to_neighbor,suspicious,0.77027027,3.00060012,9.00180036,manual_clip,T04_talking_to_neighbor_take06,/home/sagemaker-user/exam_proctoring_dataset/02_clips/talking_to_neighbor/T04_talking_to_neighbor_take06.mp4,images/T04_talking_to_neighbor_take06/win_007_midframe_0205.jpg,correct,,
T05_talking_to_neighbor_take01.mp4,T05_talking_to_neighbor_take01,talking_to_neighbor,A1,T05,0,0,74,0,2.963793656,37,1.481896828,0,0,TRUE,TRUE,8,normal,normal,0,4.005126562,9.011534764,manual_clip,T05_talking_to_neighbor_take01,/home/sagemaker-user/exam_proctoring_dataset/02_clips/talking_to_neighbor/T05_talking_to_neighbor_take01.mp4,images/T05_talking_to_neighbor_take01/win_000_midframe_0037.jpg,correct,,
T05_talking_to_neighbor_take01.mp4,T05_talking_to_neighbor_take01,talking_to_neighbor,A1,T05,1,24,98,0.961230375,3.925024031,61,2.443127203,0,0,TRUE,TRUE,8,normal,normal,0,4.005126562,9.011534764,manual_clip,T05_talking_to_neighbor_take01,/home/sagemaker-user/exam_proctoring_dataset/02_clips/talking_to_neighbor/T05_talking_to_neighbor_take01.mp4,images/T05_talking_to_neighbor_take01/win_001_midframe_0061.jpg,correct,,
T05_talking_to_neighbor_take01.mp4,T05_talking_to_neighbor_take01,talking_to_neighbor,A1,T05,2,48,122,1.92246075,4.886254406,85,3.404357578,0,0,TRUE,TRUE,8,normal,normal,0.297297297,4.005126562,9.011534764,manual_clip,T05_talking_to_neighbor_take01,/home/sagemaker-user/exam_proctoring_dataset/02_clips/talking_to_neighbor/T05_talking_to_neighbor_take01.mp4,images/T05_talking_to_neighbor_take01/win_002_midframe_0085.jpg,correct,,
T05_talking_to_neighbor_take01.mp4,T05_talking_to_neighbor_take01,talking_to_neighbor,A1,T05,3,72,146,2.883691125,5.847484781,109,4.365587953,0,0,TRUE,TRUE,8,talking_to_neighbor,suspicious,0.621621622,4.005126562,9.011534764,manual_clip,T05_talking_to_neighbor_take01,/home/sagemaker-user/exam_proctoring_dataset/02_clips/talking_to_neighbor/T05_talking_to_neighbor_take01.mp4,images/T05_talking_to_neighbor_take01/win_003_midframe_0109.jpg,correct,,
T05_talking_to_neighbor_take01.mp4,T05_talking_to_neighbor_take01,talking_to_neighbor,A1,T05,4,96,170,3.8449215,6.808715155,133,5.326818327,0,0,TRUE,TRUE,8,talking_to_neighbor,suspicious,0.945945946,4.005126562,9.011534764,manual_clip,T05_talking_to_neighbor_take01,/home/sagemaker-user/exam_proctoring_dataset/02_clips/talking_to_neighbor/T05_talking_to_neighbor_take01.mp4,images/T05_talking_to_neighbor_take01/win_004_midframe_0133.jpg,correct,,
T05_talking_to_neighbor_take01.mp4,T05_talking_to_neighbor_take01,talking_to_neighbor,A1,T05,5,120,194,4.806151874,7.76994553,157,6.288048702,0,0,TRUE,TRUE,8,talking_to_neighbor,suspicious,1,4.005126562,9.011534764,manual_clip,T05_talking_to_neighbor_take01,/home/sagemaker-user/exam_proctoring_dataset/02_clips/talking_to_neighbor/T05_talking_to_neighbor_take01.mp4,images/T05_talking_to_neighbor_take01/win_005_midframe_0157.jpg,correct,,
T05_talking_to_neighbor_take01.mp4,T05_talking_to_neighbor_take01,talking_to_neighbor,A1,T05,6,144,218,5.767382249,8.731175905,181,7.249279077,0,0,TRUE,TRUE,7,talking_to_neighbor,suspicious,1,4.005126562,9.011534764,manual_clip,T05_talking_to_neighbor_take01,/home/sagemaker-user/exam_proctoring_dataset/02_clips/talking_to_neighbor/T05_talking_to_neighbor_take01.mp4,images/T05_talking_to_neighbor_take01/win_006_midframe_0181.jpg,correct,,
T05_talking_to_neighbor_take01.mp4,T05_talking_to_neighbor_take01,talking_to_neighbor,A1,T05,7,168,242,6.728612624,9.69240628,205,8.210509452,0,0,TRUE,TRUE,8,talking_to_neighbor,suspicious,0.77027027,4.005126562,9.011534764,manual_clip,T05_talking_to_neighbor_take01,/home/sagemaker-user/exam_proctoring_dataset/02_clips/talking_to_neighbor/T05_talking_to_neighbor_take01.mp4,images/T05_talking_to_neighbor_take01/win_007_midframe_0205.jpg,correct,,
T05_talking_to_neighbor_take02.mp4,T05_talking_to_neighbor_take02,talking_to_neighbor,A2,T05,0,0,74,0,2.963793656,37,1.481896828,2,2,TRUE,TRUE,8,normal,normal,0,5.006408202,9.011534764,manual_clip,T05_talking_to_neighbor_take02,/home/sagemaker-user/exam_proctoring_dataset/02_clips/talking_to_neighbor/T05_talking_to_neighbor_take02.mp4,images/T05_talking_to_neighbor_take02/win_000_midframe_0037.jpg,correct,,
T05_talking_to_neighbor_take02.mp4,T05_talking_to_neighbor_take02,talking_to_neighbor,A2,T05,1,24,98,0.961230375,3.925024031,61,2.443127203,2,2,TRUE,TRUE,8,normal,normal,0,5.006408202,9.011534764,manual_clip,T05_talking_to_neighbor_take02,/home/sagemaker-user/exam_proctoring_dataset/02_clips/talking_to_neighbor/T05_talking_to_neighbor_take02.mp4,images/T05_talking_to_neighbor_take02/win_001_midframe_0061.jpg,correct,,
T05_talking_to_neighbor_take02.mp4,T05_talking_to_neighbor_take02,talking_to_neighbor,A2,T05,2,48,122,1.92246075,4.886254406,85,3.404357578,2,2,TRUE,TRUE,8,normal,normal,0,5.006408202,9.011534764,manual_clip,T05_talking_to_neighbor_take02,/home/sagemaker-user/exam_proctoring_dataset/02_clips/talking_to_neighbor/T05_talking_to_neighbor_take02.mp4,images/T05_talking_to_neighbor_take02/win_002_midframe_0085.jpg,correct,,
T05_talking_to_neighbor_take02.mp4,T05_talking_to_neighbor_take02,talking_to_neighbor,A2,T05,3,72,146,2.883691125,5.847484781,109,4.365587953,2,2,TRUE,TRUE,8,normal,normal,0.283783784,5.006408202,9.011534764,manual_clip,T05_talking_to_neighbor_take02,/home/sagemaker-user/exam_proctoring_dataset/02_clips/talking_to_neighbor/T05_talking_to_neighbor_take02.mp4,images/T05_talking_to_neighbor_take02/win_003_midframe_0109.jpg,correct,,
T05_talking_to_neighbor_take02.mp4,T05_talking_to_neighbor_take02,talking_to_neighbor,A2,T05,4,96,170,3.8449215,6.808715155,133,5.326818327,2,2,TRUE,TRUE,8,talking_to_neighbor,suspicious,0.608108108,5.006408202,9.011534764,manual_clip,T05_talking_to_neighbor_take02,/home/sagemaker-user/exam_proctoring_dataset/02_clips/talking_to_neighbor/T05_talking_to_neighbor_take02.mp4,images/T05_talking_to_neighbor_take02/win_004_midframe_0133.jpg,correct,,
T05_talking_to_neighbor_take02.mp4,T05_talking_to_neighbor_take02,talking_to_neighbor,A2,T05,5,120,194,4.806151874,7.76994553,157,6.288048702,2,2,TRUE,TRUE,8,talking_to_neighbor,suspicious,0.932432432,5.006408202,9.011534764,manual_clip,T05_talking_to_neighbor_take02,/home/sagemaker-user/exam_proctoring_dataset/02_clips/talking_to_neighbor/T05_talking_to_neighbor_take02.mp4,images/T05_talking_to_neighbor_take02/win_005_midframe_0157.jpg,correct,,
T05_talking_to_neighbor_take02.mp4,T05_talking_to_neighbor_take02,talking_to_neighbor,A2,T05,6,144,218,5.767382249,8.731175905,181,7.249279077,2,2,TRUE,TRUE,8,talking_to_neighbor,suspicious,1,5.006408202,9.011534764,manual_clip,T05_talking_to_neighbor_take02,/home/sagemaker-user/exam_proctoring_dataset/02_clips/talking_to_neighbor/T05_talking_to_neighbor_take02.mp4,images/T05_talking_to_neighbor_take02/win_006_midframe_0181.jpg,correct,,
T05_talking_to_neighbor_take02.mp4,T05_talking_to_neighbor_take02,talking_to_neighbor,A2,T05,7,168,242,6.728612624,9.69240628,205,8.210509452,2,2,TRUE,TRUE,8,talking_to_neighbor,suspicious,0.77027027,5.006408202,9.011534764,manual_clip,T05_talking_to_neighbor_take02,/home/sagemaker-user/exam_proctoring_dataset/02_clips/talking_to_neighbor/T05_talking_to_neighbor_take02.mp4,images/T05_talking_to_neighbor_take02/win_007_midframe_0205.jpg,correct,,
T05_talking_to_neighbor_take03.mp4,T05_talking_to_neighbor_take03,talking_to_neighbor,A3,T05,0,0,74,0,2.963793656,37,1.481896828,4,4,TRUE,TRUE,8,normal,normal,0,5.006408202,9.011534764,manual_clip,T05_talking_to_neighbor_take03,/home/sagemaker-user/exam_proctoring_dataset/02_clips/talking_to_neighbor/T05_talking_to_neighbor_take03.mp4,images/T05_talking_to_neighbor_take03/win_000_midframe_0037.jpg,correct,,
T05_talking_to_neighbor_take03.mp4,T05_talking_to_neighbor_take03,talking_to_neighbor,A3,T05,1,24,98,0.961230375,3.925024031,61,2.443127203,4,4,TRUE,TRUE,8,normal,normal,0,5.006408202,9.011534764,manual_clip,T05_talking_to_neighbor_take03,/home/sagemaker-user/exam_proctoring_dataset/02_clips/talking_to_neighbor/T05_talking_to_neighbor_take03.mp4,images/T05_talking_to_neighbor_take03/win_001_midframe_0061.jpg,correct,,
T05_talking_to_neighbor_take03.mp4,T05_talking_to_neighbor_take03,talking_to_neighbor,A3,T05,2,48,122,1.92246075,4.886254406,85,3.404357578,4,4,TRUE,TRUE,8,normal,normal,0,5.006408202,9.011534764,manual_clip,T05_talking_to_neighbor_take03,/home/sagemaker-user/exam_proctoring_dataset/02_clips/talking_to_neighbor/T05_talking_to_neighbor_take03.mp4,images/T05_talking_to_neighbor_take03/win_002_midframe_0085.jpg,correct,,
T05_talking_to_neighbor_take03.mp4,T05_talking_to_neighbor_take03,talking_to_neighbor,A3,T05,3,72,146,2.883691125,5.847484781,109,4.365587953,4,4,TRUE,TRUE,8,normal,normal,0.283783784,5.006408202,9.011534764,manual_clip,T05_talking_to_neighbor_take03,/home/sagemaker-user/exam_proctoring_dataset/02_clips/talking_to_neighbor/T05_talking_to_neighbor_take03.mp4,images/T05_talking_to_neighbor_take03/win_003_midframe_0109.jpg,correct,,
T05_talking_to_neighbor_take03.mp4,T05_talking_to_neighbor_take03,talking_to_neighbor,A3,T05,4,96,170,3.8449215,6.808715155,133,5.326818327,4,4,TRUE,TRUE,8,talking_to_neighbor,suspicious,0.608108108,5.006408202,9.011534764,manual_clip,T05_talking_to_neighbor_take03,/home/sagemaker-user/exam_proctoring_dataset/02_clips/talking_to_neighbor/T05_talking_to_neighbor_take03.mp4,images/T05_talking_to_neighbor_take03/win_004_midframe_0133.jpg,correct,,
T05_talking_to_neighbor_take03.mp4,T05_talking_to_neighbor_take03,talking_to_neighbor,A3,T05,5,120,194,4.806151874,7.76994553,157,6.288048702,4,4,TRUE,TRUE,8,talking_to_neighbor,suspicious,0.932432432,5.006408202,9.011534764,manual_clip,T05_talking_to_neighbor_take03,/home/sagemaker-user/exam_proctoring_dataset/02_clips/talking_to_neighbor/T05_talking_to_neighbor_take03.mp4,images/T05_talking_to_neighbor_take03/win_005_midframe_0157.jpg,correct,,
T05_talking_to_neighbor_take03.mp4,T05_talking_to_neighbor_take03,talking_to_neighbor,A3,T05,6,144,218,5.767382249,8.731175905,181,7.249279077,4,4,TRUE,TRUE,8,talking_to_neighbor,suspicious,1,5.006408202,9.011534764,manual_clip,T05_talking_to_neighbor_take03,/home/sagemaker-user/exam_proctoring_dataset/02_clips/talking_to_neighbor/T05_talking_to_neighbor_take03.mp4,images/T05_talking_to_neighbor_take03/win_006_midframe_0181.jpg,correct,,
T05_talking_to_neighbor_take03.mp4,T05_talking_to_neighbor_take03,talking_to_neighbor,A3,T05,7,168,242,6.728612624,9.69240628,205,8.210509452,4,4,TRUE,TRUE,8,talking_to_neighbor,suspicious,0.77027027,5.006408202,9.011534764,manual_clip,T05_talking_to_neighbor_take03,/home/sagemaker-user/exam_proctoring_dataset/02_clips/talking_to_neighbor/T05_talking_to_neighbor_take03.mp4,images/T05_talking_to_neighbor_take03/win_007_midframe_0205.jpg,correct,,
T05_talking_to_neighbor_take04.mp4,T05_talking_to_neighbor_take04,talking_to_neighbor,B1,T05,0,0,74,0,2.963793656,37,1.481896828,1,1,TRUE,TRUE,8,normal,normal,0,6.007689843,9.011534764,manual_clip,T05_talking_to_neighbor_take04,/home/sagemaker-user/exam_proctoring_dataset/02_clips/talking_to_neighbor/T05_talking_to_neighbor_take04.mp4,images/T05_talking_to_neighbor_take04/win_000_midframe_0037.jpg,correct,,
T05_talking_to_neighbor_take04.mp4,T05_talking_to_neighbor_take04,talking_to_neighbor,B1,T05,1,24,98,0.961230375,3.925024031,61,2.443127203,1,1,TRUE,TRUE,8,normal,normal,0,6.007689843,9.011534764,manual_clip,T05_talking_to_neighbor_take04,/home/sagemaker-user/exam_proctoring_dataset/02_clips/talking_to_neighbor/T05_talking_to_neighbor_take04.mp4,images/T05_talking_to_neighbor_take04/win_001_midframe_0061.jpg,correct,,
T05_talking_to_neighbor_take04.mp4,T05_talking_to_neighbor_take04,talking_to_neighbor,B1,T05,2,48,122,1.92246075,4.886254406,85,3.404357578,1,1,TRUE,TRUE,8,normal,normal,0,6.007689843,9.011534764,manual_clip,T05_talking_to_neighbor_take04,/home/sagemaker-user/exam_proctoring_dataset/02_clips/talking_to_neighbor/T05_talking_to_neighbor_take04.mp4,images/T05_talking_to_neighbor_take04/win_002_midframe_0085.jpg,correct,,
T05_talking_to_neighbor_take04.mp4,T05_talking_to_neighbor_take04,talking_to_neighbor,B1,T05,3,72,146,2.883691125,5.847484781,109,4.365587953,1,1,TRUE,TRUE,8,normal,normal,0,6.007689843,9.011534764,manual_clip,T05_talking_to_neighbor_take04,/home/sagemaker-user/exam_proctoring_dataset/02_clips/talking_to_neighbor/T05_talking_to_neighbor_take04.mp4,images/T05_talking_to_neighbor_take04/win_003_midframe_0109.jpg,correct,,
T05_talking_to_neighbor_take04.mp4,T05_talking_to_neighbor_take04,talking_to_neighbor,B1,T05,4,96,170,3.8449215,6.808715155,133,5.326818327,1,1,TRUE,TRUE,8,normal,normal,0.27027027,6.007689843,9.011534764,manual_clip,T05_talking_to_neighbor_take04,/home/sagemaker-user/exam_proctoring_dataset/02_clips/talking_to_neighbor/T05_talking_to_neighbor_take04.mp4,images/T05_talking_to_neighbor_take04/win_004_midframe_0133.jpg,correct,,
T05_talking_to_neighbor_take04.mp4,T05_talking_to_neighbor_take04,talking_to_neighbor,B1,T05,5,120,194,4.806151874,7.76994553,157,6.288048702,1,1,TRUE,TRUE,8,normal,normal,0.594594595,6.007689843,9.011534764,manual_clip,T05_talking_to_neighbor_take04,/home/sagemaker-user/exam_proctoring_dataset/02_clips/talking_to_neighbor/T05_talking_to_neighbor_take04.mp4,images/T05_talking_to_neighbor_take04/win_005_midframe_0157.jpg,correct,,
T05_talking_to_neighbor_take04.mp4,T05_talking_to_neighbor_take04,talking_to_neighbor,B1,T05,6,144,218,5.767382249,8.731175905,181,7.249279077,1,1,TRUE,TRUE,8,talking_to_neighbor,suspicious,0.918918919,6.007689843,9.011534764,manual_clip,T05_talking_to_neighbor_take04,/home/sagemaker-user/exam_proctoring_dataset/02_clips/talking_to_neighbor/T05_talking_to_neighbor_take04.mp4,images/T05_talking_to_neighbor_take04/win_006_midframe_0181.jpg,correct,,
T05_talking_to_neighbor_take04.mp4,T05_talking_to_neighbor_take04,talking_to_neighbor,B1,T05,7,168,242,6.728612624,9.69240628,205,8.210509452,1,1,TRUE,TRUE,8,talking_to_neighbor,suspicious,0.77027027,6.007689843,9.011534764,manual_clip,T05_talking_to_neighbor_take04,/home/sagemaker-user/exam_proctoring_dataset/02_clips/talking_to_neighbor/T05_talking_to_neighbor_take04.mp4,images/T05_talking_to_neighbor_take04/win_007_midframe_0205.jpg,correct,,
T05_talking_to_neighbor_take05.mp4,T05_talking_to_neighbor_take05,talking_to_neighbor,B2,T05,0,0,74,0,2.963793656,37,1.481896828,3,3,TRUE,TRUE,8,normal,normal,0,4.005126562,9.011534764,manual_clip,T05_talking_to_neighbor_take05,/home/sagemaker-user/exam_proctoring_dataset/02_clips/talking_to_neighbor/T05_talking_to_neighbor_take05.mp4,images/T05_talking_to_neighbor_take05/win_000_midframe_0037.jpg,correct,,
T05_talking_to_neighbor_take05.mp4,T05_talking_to_neighbor_take05,talking_to_neighbor,B2,T05,1,24,98,0.961230375,3.925024031,61,2.443127203,3,3,TRUE,TRUE,8,normal,normal,0,4.005126562,9.011534764,manual_clip,T05_talking_to_neighbor_take05,/home/sagemaker-user/exam_proctoring_dataset/02_clips/talking_to_neighbor/T05_talking_to_neighbor_take05.mp4,images/T05_talking_to_neighbor_take05/win_001_midframe_0061.jpg,correct,,
T05_talking_to_neighbor_take05.mp4,T05_talking_to_neighbor_take05,talking_to_neighbor,B2,T05,2,48,122,1.92246075,4.886254406,85,3.404357578,3,3,TRUE,TRUE,8,normal,normal,0.297297297,4.005126562,9.011534764,manual_clip,T05_talking_to_neighbor_take05,/home/sagemaker-user/exam_proctoring_dataset/02_clips/talking_to_neighbor/T05_talking_to_neighbor_take05.mp4,images/T05_talking_to_neighbor_take05/win_002_midframe_0085.jpg,correct,,
T05_talking_to_neighbor_take05.mp4,T05_talking_to_neighbor_take05,talking_to_neighbor,B2,T05,3,72,146,2.883691125,5.847484781,109,4.365587953,3,3,TRUE,TRUE,8,talking_to_neighbor,suspicious,0.621621622,4.005126562,9.011534764,manual_clip,T05_talking_to_neighbor_take05,/home/sagemaker-user/exam_proctoring_dataset/02_clips/talking_to_neighbor/T05_talking_to_neighbor_take05.mp4,images/T05_talking_to_neighbor_take05/win_003_midframe_0109.jpg,correct,,
T05_talking_to_neighbor_take05.mp4,T05_talking_to_neighbor_take05,talking_to_neighbor,B2,T05,4,96,170,3.8449215,6.808715155,133,5.326818327,3,3,TRUE,TRUE,8,talking_to_neighbor,suspicious,0.945945946,4.005126562,9.011534764,manual_clip,T05_talking_to_neighbor_take05,/home/sagemaker-user/exam_proctoring_dataset/02_clips/talking_to_neighbor/T05_talking_to_neighbor_take05.mp4,images/T05_talking_to_neighbor_take05/win_004_midframe_0133.jpg,correct,,
T05_talking_to_neighbor_take05.mp4,T05_talking_to_neighbor_take05,talking_to_neighbor,B2,T05,5,120,194,4.806151874,7.76994553,157,6.288048702,3,3,TRUE,TRUE,8,talking_to_neighbor,suspicious,1,4.005126562,9.011534764,manual_clip,T05_talking_to_neighbor_take05,/home/sagemaker-user/exam_proctoring_dataset/02_clips/talking_to_neighbor/T05_talking_to_neighbor_take05.mp4,images/T05_talking_to_neighbor_take05/win_005_midframe_0157.jpg,correct,,
T05_talking_to_neighbor_take05.mp4,T05_talking_to_neighbor_take05,talking_to_neighbor,B2,T05,6,144,218,5.767382249,8.731175905,181,7.249279077,3,3,TRUE,TRUE,8,talking_to_neighbor,suspicious,1,4.005126562,9.011534764,manual_clip,T05_talking_to_neighbor_take05,/home/sagemaker-user/exam_proctoring_dataset/02_clips/talking_to_neighbor/T05_talking_to_neighbor_take05.mp4,images/T05_talking_to_neighbor_take05/win_006_midframe_0181.jpg,correct,,
T05_talking_to_neighbor_take05.mp4,T05_talking_to_neighbor_take05,talking_to_neighbor,B2,T05,7,168,242,6.728612624,9.69240628,205,8.210509452,3,3,TRUE,TRUE,8,talking_to_neighbor,suspicious,0.77027027,4.005126562,9.011534764,manual_clip,T05_talking_to_neighbor_take05,/home/sagemaker-user/exam_proctoring_dataset/02_clips/talking_to_neighbor/T05_talking_to_neighbor_take05.mp4,images/T05_talking_to_neighbor_take05/win_007_midframe_0205.jpg,correct,,
T05_talking_to_neighbor_take06.mp4,T05_talking_to_neighbor_take06,talking_to_neighbor,B3,T05,0,0,74,0,2.963793656,37,1.481896828,5,5,TRUE,TRUE,8,normal,normal,0,4.005126562,9.011534764,manual_clip,T05_talking_to_neighbor_take06,/home/sagemaker-user/exam_proctoring_dataset/02_clips/talking_to_neighbor/T05_talking_to_neighbor_take06.mp4,images/T05_talking_to_neighbor_take06/win_000_midframe_0037.jpg,correct,,
T05_talking_to_neighbor_take06.mp4,T05_talking_to_neighbor_take06,talking_to_neighbor,B3,T05,1,24,98,0.961230375,3.925024031,61,2.443127203,5,5,TRUE,TRUE,8,normal,normal,0,4.005126562,9.011534764,manual_clip,T05_talking_to_neighbor_take06,/home/sagemaker-user/exam_proctoring_dataset/02_clips/talking_to_neighbor/T05_talking_to_neighbor_take06.mp4,images/T05_talking_to_neighbor_take06/win_001_midframe_0061.jpg,correct,,
T05_talking_to_neighbor_take06.mp4,T05_talking_to_neighbor_take06,talking_to_neighbor,B3,T05,2,48,122,1.92246075,4.886254406,85,3.404357578,5,5,TRUE,TRUE,8,normal,normal,0.297297297,4.005126562,9.011534764,manual_clip,T05_talking_to_neighbor_take06,/home/sagemaker-user/exam_proctoring_dataset/02_clips/talking_to_neighbor/T05_talking_to_neighbor_take06.mp4,images/T05_talking_to_neighbor_take06/win_002_midframe_0085.jpg,correct,,
T05_talking_to_neighbor_take06.mp4,T05_talking_to_neighbor_take06,talking_to_neighbor,B3,T05,3,72,146,2.883691125,5.847484781,109,4.365587953,5,5,TRUE,TRUE,8,talking_to_neighbor,suspicious,0.621621622,4.005126562,9.011534764,manual_clip,T05_talking_to_neighbor_take06,/home/sagemaker-user/exam_proctoring_dataset/02_clips/talking_to_neighbor/T05_talking_to_neighbor_take06.mp4,images/T05_talking_to_neighbor_take06/win_003_midframe_0109.jpg,correct,,
T05_talking_to_neighbor_take06.mp4,T05_talking_to_neighbor_take06,talking_to_neighbor,B3,T05,4,96,170,3.8449215,6.808715155,133,5.326818327,5,5,TRUE,TRUE,8,talking_to_neighbor,suspicious,0.945945946,4.005126562,9.011534764,manual_clip,T05_talking_to_neighbor_take06,/home/sagemaker-user/exam_proctoring_dataset/02_clips/talking_to_neighbor/T05_talking_to_neighbor_take06.mp4,images/T05_talking_to_neighbor_take06/win_004_midframe_0133.jpg,correct,,
T05_talking_to_neighbor_take06.mp4,T05_talking_to_neighbor_take06,talking_to_neighbor,B3,T05,5,120,194,4.806151874,7.76994553,157,6.288048702,5,5,TRUE,TRUE,8,talking_to_neighbor,suspicious,1,4.005126562,9.011534764,manual_clip,T05_talking_to_neighbor_take06,/home/sagemaker-user/exam_proctoring_dataset/02_clips/talking_to_neighbor/T05_talking_to_neighbor_take06.mp4,images/T05_talking_to_neighbor_take06/win_005_midframe_0157.jpg,correct,,
T05_talking_to_neighbor_take06.mp4,T05_talking_to_neighbor_take06,talking_to_neighbor,B3,T05,6,144,218,5.767382249,8.731175905,181,7.249279077,5,5,TRUE,TRUE,8,talking_to_neighbor,suspicious,1,4.005126562,9.011534764,manual_clip,T05_talking_to_neighbor_take06,/home/sagemaker-user/exam_proctoring_dataset/02_clips/talking_to_neighbor/T05_talking_to_neighbor_take06.mp4,images/T05_talking_to_neighbor_take06/win_006_midframe_0181.jpg,correct,,
T05_talking_to_neighbor_take06.mp4,T05_talking_to_neighbor_take06,talking_to_neighbor,B3,T05,7,168,242,6.728612624,9.69240628,205,8.210509452,5,5,TRUE,TRUE,8,talking_to_neighbor,suspicious,0.77027027,4.005126562,9.011534764,manual_clip,T05_talking_to_neighbor_take06,/home/sagemaker-user/exam_proctoring_dataset/02_clips/talking_to_neighbor/T05_talking_to_neighbor_take06.mp4,images/T05_talking_to_neighbor_take06/win_007_midframe_0205.jpg,correct,,
T06_talking_to_neighbor_take01.mp4,T06_talking_to_neighbor_take01,talking_to_neighbor,A1,T06,0,0,74,0,2.961777066,37,1.480888533,0,0,TRUE,TRUE,8,normal,normal,0,4.002401441,9.005403242,manual_clip,T06_talking_to_neighbor_take01,/home/sagemaker-user/exam_proctoring_dataset/02_clips/talking_to_neighbor/T06_talking_to_neighbor_take01.mp4,images/T06_talking_to_neighbor_take01/win_000_midframe_0037.jpg,correct,,
T06_talking_to_neighbor_take01.mp4,T06_talking_to_neighbor_take01,talking_to_neighbor,A1,T06,1,24,98,0.960576346,3.922353412,61,2.441464879,0,0,TRUE,TRUE,8,normal,normal,0,4.002401441,9.005403242,manual_clip,T06_talking_to_neighbor_take01,/home/sagemaker-user/exam_proctoring_dataset/02_clips/talking_to_neighbor/T06_talking_to_neighbor_take01.mp4,images/T06_talking_to_neighbor_take01/win_001_midframe_0061.jpg,correct,,
T06_talking_to_neighbor_take01.mp4,T06_talking_to_neighbor_take01,talking_to_neighbor,A1,T06,2,48,122,1.921152692,4.882929758,85,3.402041225,0,0,TRUE,TRUE,8,normal,normal,0.297297297,4.002401441,9.005403242,manual_clip,T06_talking_to_neighbor_take01,/home/sagemaker-user/exam_proctoring_dataset/02_clips/talking_to_neighbor/T06_talking_to_neighbor_take01.mp4,images/T06_talking_to_neighbor_take01/win_002_midframe_0085.jpg,correct,,
T06_talking_to_neighbor_take01.mp4,T06_talking_to_neighbor_take01,talking_to_neighbor,A1,T06,3,72,146,2.881729037,5.843506104,109,4.362617571,0,0,TRUE,TRUE,8,talking_to_neighbor,suspicious,0.621621622,4.002401441,9.005403242,manual_clip,T06_talking_to_neighbor_take01,/home/sagemaker-user/exam_proctoring_dataset/02_clips/talking_to_neighbor/T06_talking_to_neighbor_take01.mp4,images/T06_talking_to_neighbor_take01/win_003_midframe_0109.jpg,correct,,
T06_talking_to_neighbor_take01.mp4,T06_talking_to_neighbor_take01,talking_to_neighbor,A1,T06,4,96,170,3.842305383,6.804082449,133,5.323193916,0,0,TRUE,TRUE,8,talking_to_neighbor,suspicious,0.945945946,4.002401441,9.005403242,manual_clip,T06_talking_to_neighbor_take01,/home/sagemaker-user/exam_proctoring_dataset/02_clips/talking_to_neighbor/T06_talking_to_neighbor_take01.mp4,images/T06_talking_to_neighbor_take01/win_004_midframe_0133.jpg,correct,,
T06_talking_to_neighbor_take01.mp4,T06_talking_to_neighbor_take01,talking_to_neighbor,A1,T06,5,120,194,4.802881729,7.764658795,157,6.283770262,0,0,TRUE,TRUE,8,talking_to_neighbor,suspicious,1,4.002401441,9.005403242,manual_clip,T06_talking_to_neighbor_take01,/home/sagemaker-user/exam_proctoring_dataset/02_clips/talking_to_neighbor/T06_talking_to_neighbor_take01.mp4,images/T06_talking_to_neighbor_take01/win_005_midframe_0157.jpg,correct,,
T06_talking_to_neighbor_take01.mp4,T06_talking_to_neighbor_take01,talking_to_neighbor,A1,T06,6,144,218,5.763458075,8.725235141,181,7.244346608,0,0,TRUE,TRUE,8,talking_to_neighbor,suspicious,1,4.002401441,9.005403242,manual_clip,T06_talking_to_neighbor_take01,/home/sagemaker-user/exam_proctoring_dataset/02_clips/talking_to_neighbor/T06_talking_to_neighbor_take01.mp4,images/T06_talking_to_neighbor_take01/win_006_midframe_0181.jpg,correct,,
T06_talking_to_neighbor_take01.mp4,T06_talking_to_neighbor_take01,talking_to_neighbor,A1,T06,7,168,242,6.724034421,9.685811487,205,8.204922954,0,0,TRUE,TRUE,8,talking_to_neighbor,suspicious,0.77027027,4.002401441,9.005403242,manual_clip,T06_talking_to_neighbor_take01,/home/sagemaker-user/exam_proctoring_dataset/02_clips/talking_to_neighbor/T06_talking_to_neighbor_take01.mp4,images/T06_talking_to_neighbor_take01/win_007_midframe_0205.jpg,correct,,
T06_talking_to_neighbor_take02.mp4,T06_talking_to_neighbor_take02,talking_to_neighbor,A2,T06,0,0,74,0,2.961777066,37,1.480888533,2,2,TRUE,TRUE,8,normal,normal,0,4.002401441,9.005403242,manual_clip,T06_talking_to_neighbor_take02,/home/sagemaker-user/exam_proctoring_dataset/02_clips/talking_to_neighbor/T06_talking_to_neighbor_take02.mp4,images/T06_talking_to_neighbor_take02/win_000_midframe_0037.jpg,correct,,
T06_talking_to_neighbor_take02.mp4,T06_talking_to_neighbor_take02,talking_to_neighbor,A2,T06,1,24,98,0.960576346,3.922353412,61,2.441464879,2,2,TRUE,TRUE,8,normal,normal,0,4.002401441,9.005403242,manual_clip,T06_talking_to_neighbor_take02,/home/sagemaker-user/exam_proctoring_dataset/02_clips/talking_to_neighbor/T06_talking_to_neighbor_take02.mp4,images/T06_talking_to_neighbor_take02/win_001_midframe_0061.jpg,correct,,
T06_talking_to_neighbor_take02.mp4,T06_talking_to_neighbor_take02,talking_to_neighbor,A2,T06,2,48,122,1.921152692,4.882929758,85,3.402041225,2,2,TRUE,TRUE,8,normal,normal,0.297297297,4.002401441,9.005403242,manual_clip,T06_talking_to_neighbor_take02,/home/sagemaker-user/exam_proctoring_dataset/02_clips/talking_to_neighbor/T06_talking_to_neighbor_take02.mp4,images/T06_talking_to_neighbor_take02/win_002_midframe_0085.jpg,correct,,
T06_talking_to_neighbor_take02.mp4,T06_talking_to_neighbor_take02,talking_to_neighbor,A2,T06,3,72,146,2.881729037,5.843506104,109,4.362617571,2,2,TRUE,TRUE,8,talking_to_neighbor,suspicious,0.621621622,4.002401441,9.005403242,manual_clip,T06_talking_to_neighbor_take02,/home/sagemaker-user/exam_proctoring_dataset/02_clips/talking_to_neighbor/T06_talking_to_neighbor_take02.mp4,images/T06_talking_to_neighbor_take02/win_003_midframe_0109.jpg,correct,,
T06_talking_to_neighbor_take02.mp4,T06_talking_to_neighbor_take02,talking_to_neighbor,A2,T06,4,96,170,3.842305383,6.804082449,133,5.323193916,2,2,TRUE,TRUE,8,talking_to_neighbor,suspicious,0.945945946,4.002401441,9.005403242,manual_clip,T06_talking_to_neighbor_take02,/home/sagemaker-user/exam_proctoring_dataset/02_clips/talking_to_neighbor/T06_talking_to_neighbor_take02.mp4,images/T06_talking_to_neighbor_take02/win_004_midframe_0133.jpg,correct,,
T06_talking_to_neighbor_take02.mp4,T06_talking_to_neighbor_take02,talking_to_neighbor,A2,T06,5,120,194,4.802881729,7.764658795,157,6.283770262,2,2,TRUE,TRUE,8,talking_to_neighbor,suspicious,1,4.002401441,9.005403242,manual_clip,T06_talking_to_neighbor_take02,/home/sagemaker-user/exam_proctoring_dataset/02_clips/talking_to_neighbor/T06_talking_to_neighbor_take02.mp4,images/T06_talking_to_neighbor_take02/win_005_midframe_0157.jpg,correct,,
T06_talking_to_neighbor_take02.mp4,T06_talking_to_neighbor_take02,talking_to_neighbor,A2,T06,6,144,218,5.763458075,8.725235141,181,7.244346608,2,2,TRUE,TRUE,8,talking_to_neighbor,suspicious,1,4.002401441,9.005403242,manual_clip,T06_talking_to_neighbor_take02,/home/sagemaker-user/exam_proctoring_dataset/02_clips/talking_to_neighbor/T06_talking_to_neighbor_take02.mp4,images/T06_talking_to_neighbor_take02/win_006_midframe_0181.jpg,correct,,
T06_talking_to_neighbor_take02.mp4,T06_talking_to_neighbor_take02,talking_to_neighbor,A2,T06,7,168,242,6.724034421,9.685811487,205,8.204922954,2,2,TRUE,TRUE,8,talking_to_neighbor,suspicious,0.77027027,4.002401441,9.005403242,manual_clip,T06_talking_to_neighbor_take02,/home/sagemaker-user/exam_proctoring_dataset/02_clips/talking_to_neighbor/T06_talking_to_neighbor_take02.mp4,images/T06_talking_to_neighbor_take02/win_007_midframe_0205.jpg,correct,,
T06_talking_to_neighbor_take03.mp4,T06_talking_to_neighbor_take03,talking_to_neighbor,A3,T06,0,0,74,0,2.961777066,37,1.480888533,4,4,TRUE,TRUE,8,normal,normal,0,4.002401441,8.004802882,manual_clip,T06_talking_to_neighbor_take03,/home/sagemaker-user/exam_proctoring_dataset/02_clips/talking_to_neighbor/T06_talking_to_neighbor_take03.mp4,images/T06_talking_to_neighbor_take03/win_000_midframe_0037.jpg,correct,,
T06_talking_to_neighbor_take03.mp4,T06_talking_to_neighbor_take03,talking_to_neighbor,A3,T06,1,24,98,0.960576346,3.922353412,61,2.441464879,4,4,TRUE,TRUE,8,normal,normal,0,4.002401441,8.004802882,manual_clip,T06_talking_to_neighbor_take03,/home/sagemaker-user/exam_proctoring_dataset/02_clips/talking_to_neighbor/T06_talking_to_neighbor_take03.mp4,images/T06_talking_to_neighbor_take03/win_001_midframe_0061.jpg,correct,,
T06_talking_to_neighbor_take03.mp4,T06_talking_to_neighbor_take03,talking_to_neighbor,A3,T06,2,48,122,1.921152692,4.882929758,85,3.402041225,4,4,TRUE,TRUE,8,normal,normal,0.297297297,4.002401441,8.004802882,manual_clip,T06_talking_to_neighbor_take03,/home/sagemaker-user/exam_proctoring_dataset/02_clips/talking_to_neighbor/T06_talking_to_neighbor_take03.mp4,images/T06_talking_to_neighbor_take03/win_002_midframe_0085.jpg,correct,,
T06_talking_to_neighbor_take03.mp4,T06_talking_to_neighbor_take03,talking_to_neighbor,A3,T06,3,72,146,2.881729037,5.843506104,109,4.362617571,4,4,TRUE,TRUE,8,talking_to_neighbor,suspicious,0.621621622,4.002401441,8.004802882,manual_clip,T06_talking_to_neighbor_take03,/home/sagemaker-user/exam_proctoring_dataset/02_clips/talking_to_neighbor/T06_talking_to_neighbor_take03.mp4,images/T06_talking_to_neighbor_take03/win_003_midframe_0109.jpg,correct,,
T06_talking_to_neighbor_take03.mp4,T06_talking_to_neighbor_take03,talking_to_neighbor,A3,T06,4,96,170,3.842305383,6.804082449,133,5.323193916,4,4,TRUE,TRUE,8,talking_to_neighbor,suspicious,0.945945946,4.002401441,8.004802882,manual_clip,T06_talking_to_neighbor_take03,/home/sagemaker-user/exam_proctoring_dataset/02_clips/talking_to_neighbor/T06_talking_to_neighbor_take03.mp4,images/T06_talking_to_neighbor_take03/win_004_midframe_0133.jpg,correct,,
T06_talking_to_neighbor_take03.mp4,T06_talking_to_neighbor_take03,talking_to_neighbor,A3,T06,5,120,194,4.802881729,7.764658795,157,6.283770262,4,4,TRUE,TRUE,8,talking_to_neighbor,suspicious,1,4.002401441,8.004802882,manual_clip,T06_talking_to_neighbor_take03,/home/sagemaker-user/exam_proctoring_dataset/02_clips/talking_to_neighbor/T06_talking_to_neighbor_take03.mp4,images/T06_talking_to_neighbor_take03/win_005_midframe_0157.jpg,correct,,
T06_talking_to_neighbor_take03.mp4,T06_talking_to_neighbor_take03,talking_to_neighbor,A3,T06,6,144,218,5.763458075,8.725235141,181,7.244346608,4,4,TRUE,TRUE,7,talking_to_neighbor,suspicious,0.756756757,4.002401441,8.004802882,manual_clip,T06_talking_to_neighbor_take03,/home/sagemaker-user/exam_proctoring_dataset/02_clips/talking_to_neighbor/T06_talking_to_neighbor_take03.mp4,images/T06_talking_to_neighbor_take03/win_006_midframe_0181.jpg,correct,,
T06_talking_to_neighbor_take03.mp4,T06_talking_to_neighbor_take03,talking_to_neighbor,A3,T06,7,168,242,6.724034421,9.685811487,205,8.204922954,4,4,TRUE,TRUE,7,normal,normal,0.432432432,4.002401441,8.004802882,manual_clip,T06_talking_to_neighbor_take03,/home/sagemaker-user/exam_proctoring_dataset/02_clips/talking_to_neighbor/T06_talking_to_neighbor_take03.mp4,images/T06_talking_to_neighbor_take03/win_007_midframe_0205.jpg,correct,,
T06_talking_to_neighbor_take04.mp4,T06_talking_to_neighbor_take04,talking_to_neighbor,B1,T06,0,0,74,0,2.961777066,37,1.480888533,1,1,TRUE,TRUE,8,normal,normal,0,3.001801081,8.004802882,manual_clip,T06_talking_to_neighbor_take04,/home/sagemaker-user/exam_proctoring_dataset/02_clips/talking_to_neighbor/T06_talking_to_neighbor_take04.mp4,images/T06_talking_to_neighbor_take04/win_000_midframe_0037.jpg,correct,,
T06_talking_to_neighbor_take04.mp4,T06_talking_to_neighbor_take04,talking_to_neighbor,B1,T06,1,24,98,0.960576346,3.922353412,61,2.441464879,1,1,TRUE,TRUE,8,normal,normal,0.310810811,3.001801081,8.004802882,manual_clip,T06_talking_to_neighbor_take04,/home/sagemaker-user/exam_proctoring_dataset/02_clips/talking_to_neighbor/T06_talking_to_neighbor_take04.mp4,images/T06_talking_to_neighbor_take04/win_001_midframe_0061.jpg,correct,,
T06_talking_to_neighbor_take04.mp4,T06_talking_to_neighbor_take04,talking_to_neighbor,B1,T06,2,48,122,1.921152692,4.882929758,85,3.402041225,1,1,TRUE,TRUE,8,talking_to_neighbor,suspicious,0.635135135,3.001801081,8.004802882,manual_clip,T06_talking_to_neighbor_take04,/home/sagemaker-user/exam_proctoring_dataset/02_clips/talking_to_neighbor/T06_talking_to_neighbor_take04.mp4,images/T06_talking_to_neighbor_take04/win_002_midframe_0085.jpg,correct,,
T06_talking_to_neighbor_take04.mp4,T06_talking_to_neighbor_take04,talking_to_neighbor,B1,T06,3,72,146,2.881729037,5.843506104,109,4.362617571,1,1,TRUE,TRUE,8,talking_to_neighbor,suspicious,0.959459459,3.001801081,8.004802882,manual_clip,T06_talking_to_neighbor_take04,/home/sagemaker-user/exam_proctoring_dataset/02_clips/talking_to_neighbor/T06_talking_to_neighbor_take04.mp4,images/T06_talking_to_neighbor_take04/win_003_midframe_0109.jpg,correct,,
T06_talking_to_neighbor_take04.mp4,T06_talking_to_neighbor_take04,talking_to_neighbor,B1,T06,4,96,170,3.842305383,6.804082449,133,5.323193916,1,1,TRUE,TRUE,8,talking_to_neighbor,suspicious,1,3.001801081,8.004802882,manual_clip,T06_talking_to_neighbor_take04,/home/sagemaker-user/exam_proctoring_dataset/02_clips/talking_to_neighbor/T06_talking_to_neighbor_take04.mp4,images/T06_talking_to_neighbor_take04/win_004_midframe_0133.jpg,correct,,
T06_talking_to_neighbor_take04.mp4,T06_talking_to_neighbor_take04,talking_to_neighbor,B1,T06,5,120,194,4.802881729,7.764658795,157,6.283770262,1,1,TRUE,TRUE,8,talking_to_neighbor,suspicious,1,3.001801081,8.004802882,manual_clip,T06_talking_to_neighbor_take04,/home/sagemaker-user/exam_proctoring_dataset/02_clips/talking_to_neighbor/T06_talking_to_neighbor_take04.mp4,images/T06_talking_to_neighbor_take04/win_005_midframe_0157.jpg,correct,,
T06_talking_to_neighbor_take04.mp4,T06_talking_to_neighbor_take04,talking_to_neighbor,B1,T06,6,144,218,5.763458075,8.725235141,181,7.244346608,1,1,TRUE,TRUE,8,talking_to_neighbor,suspicious,0.756756757,3.001801081,8.004802882,manual_clip,T06_talking_to_neighbor_take04,/home/sagemaker-user/exam_proctoring_dataset/02_clips/talking_to_neighbor/T06_talking_to_neighbor_take04.mp4,images/T06_talking_to_neighbor_take04/win_006_midframe_0181.jpg,correct,,
T06_talking_to_neighbor_take04.mp4,T06_talking_to_neighbor_take04,talking_to_neighbor,B1,T06,7,168,242,6.724034421,9.685811487,205,8.204922954,1,1,TRUE,TRUE,8,normal,normal,0.432432432,3.001801081,8.004802882,manual_clip,T06_talking_to_neighbor_take04,/home/sagemaker-user/exam_proctoring_dataset/02_clips/talking_to_neighbor/T06_talking_to_neighbor_take04.mp4,images/T06_talking_to_neighbor_take04/win_007_midframe_0205.jpg,correct,,
T06_talking_to_neighbor_take05.mp4,T06_talking_to_neighbor_take05,talking_to_neighbor,B2,T06,0,0,74,0,2.961777066,37,1.480888533,3,3,TRUE,TRUE,8,normal,normal,0,3.001801081,9.005403242,manual_clip,T06_talking_to_neighbor_take05,/home/sagemaker-user/exam_proctoring_dataset/02_clips/talking_to_neighbor/T06_talking_to_neighbor_take05.mp4,images/T06_talking_to_neighbor_take05/win_000_midframe_0037.jpg,correct,,
T06_talking_to_neighbor_take05.mp4,T06_talking_to_neighbor_take05,talking_to_neighbor,B2,T06,1,24,98,0.960576346,3.922353412,61,2.441464879,3,3,TRUE,TRUE,8,normal,normal,0.310810811,3.001801081,9.005403242,manual_clip,T06_talking_to_neighbor_take05,/home/sagemaker-user/exam_proctoring_dataset/02_clips/talking_to_neighbor/T06_talking_to_neighbor_take05.mp4,images/T06_talking_to_neighbor_take05/win_001_midframe_0061.jpg,correct,,
T06_talking_to_neighbor_take05.mp4,T06_talking_to_neighbor_take05,talking_to_neighbor,B2,T06,2,48,122,1.921152692,4.882929758,85,3.402041225,3,3,TRUE,TRUE,8,talking_to_neighbor,suspicious,0.635135135,3.001801081,9.005403242,manual_clip,T06_talking_to_neighbor_take05,/home/sagemaker-user/exam_proctoring_dataset/02_clips/talking_to_neighbor/T06_talking_to_neighbor_take05.mp4,images/T06_talking_to_neighbor_take05/win_002_midframe_0085.jpg,correct,,
T06_talking_to_neighbor_take05.mp4,T06_talking_to_neighbor_take05,talking_to_neighbor,B2,T06,3,72,146,2.881729037,5.843506104,109,4.362617571,3,3,TRUE,TRUE,8,talking_to_neighbor,suspicious,0.959459459,3.001801081,9.005403242,manual_clip,T06_talking_to_neighbor_take05,/home/sagemaker-user/exam_proctoring_dataset/02_clips/talking_to_neighbor/T06_talking_to_neighbor_take05.mp4,images/T06_talking_to_neighbor_take05/win_003_midframe_0109.jpg,correct,,
T06_talking_to_neighbor_take05.mp4,T06_talking_to_neighbor_take05,talking_to_neighbor,B2,T06,4,96,170,3.842305383,6.804082449,133,5.323193916,3,3,TRUE,TRUE,8,talking_to_neighbor,suspicious,1,3.001801081,9.005403242,manual_clip,T06_talking_to_neighbor_take05,/home/sagemaker-user/exam_proctoring_dataset/02_clips/talking_to_neighbor/T06_talking_to_neighbor_take05.mp4,images/T06_talking_to_neighbor_take05/win_004_midframe_0133.jpg,correct,,
T06_talking_to_neighbor_take05.mp4,T06_talking_to_neighbor_take05,talking_to_neighbor,B2,T06,5,120,194,4.802881729,7.764658795,157,6.283770262,3,3,TRUE,TRUE,8,talking_to_neighbor,suspicious,1,3.001801081,9.005403242,manual_clip,T06_talking_to_neighbor_take05,/home/sagemaker-user/exam_proctoring_dataset/02_clips/talking_to_neighbor/T06_talking_to_neighbor_take05.mp4,images/T06_talking_to_neighbor_take05/win_005_midframe_0157.jpg,correct,,
T06_talking_to_neighbor_take05.mp4,T06_talking_to_neighbor_take05,talking_to_neighbor,B2,T06,6,144,218,5.763458075,8.725235141,181,7.244346608,3,3,TRUE,TRUE,8,talking_to_neighbor,suspicious,1,3.001801081,9.005403242,manual_clip,T06_talking_to_neighbor_take05,/home/sagemaker-user/exam_proctoring_dataset/02_clips/talking_to_neighbor/T06_talking_to_neighbor_take05.mp4,images/T06_talking_to_neighbor_take05/win_006_midframe_0181.jpg,correct,,
T06_talking_to_neighbor_take05.mp4,T06_talking_to_neighbor_take05,talking_to_neighbor,B2,T06,7,168,242,6.724034421,9.685811487,205,8.204922954,3,3,TRUE,TRUE,7,talking_to_neighbor,suspicious,0.77027027,3.001801081,9.005403242,manual_clip,T06_talking_to_neighbor_take05,/home/sagemaker-user/exam_proctoring_dataset/02_clips/talking_to_neighbor/T06_talking_to_neighbor_take05.mp4,images/T06_talking_to_neighbor_take05/win_007_midframe_0205.jpg,correct,,
T06_talking_to_neighbor_take06.mp4,T06_talking_to_neighbor_take06,talking_to_neighbor,B3,T06,0,0,74,0,2.961777066,37,1.480888533,5,5,TRUE,TRUE,8,normal,normal,0,4.002401441,9.005403242,manual_clip,T06_talking_to_neighbor_take06,/home/sagemaker-user/exam_proctoring_dataset/02_clips/talking_to_neighbor/T06_talking_to_neighbor_take06.mp4,images/T06_talking_to_neighbor_take06/win_000_midframe_0037.jpg,correct,,
T06_talking_to_neighbor_take06.mp4,T06_talking_to_neighbor_take06,talking_to_neighbor,B3,T06,1,24,98,0.960576346,3.922353412,61,2.441464879,5,5,TRUE,TRUE,8,normal,normal,0,4.002401441,9.005403242,manual_clip,T06_talking_to_neighbor_take06,/home/sagemaker-user/exam_proctoring_dataset/02_clips/talking_to_neighbor/T06_talking_to_neighbor_take06.mp4,images/T06_talking_to_neighbor_take06/win_001_midframe_0061.jpg,correct,,
T06_talking_to_neighbor_take06.mp4,T06_talking_to_neighbor_take06,talking_to_neighbor,B3,T06,2,48,122,1.921152692,4.882929758,85,3.402041225,5,5,TRUE,TRUE,8,normal,normal,0.297297297,4.002401441,9.005403242,manual_clip,T06_talking_to_neighbor_take06,/home/sagemaker-user/exam_proctoring_dataset/02_clips/talking_to_neighbor/T06_talking_to_neighbor_take06.mp4,images/T06_talking_to_neighbor_take06/win_002_midframe_0085.jpg,correct,,
T06_talking_to_neighbor_take06.mp4,T06_talking_to_neighbor_take06,talking_to_neighbor,B3,T06,3,72,146,2.881729037,5.843506104,109,4.362617571,5,5,TRUE,TRUE,8,talking_to_neighbor,suspicious,0.621621622,4.002401441,9.005403242,manual_clip,T06_talking_to_neighbor_take06,/home/sagemaker-user/exam_proctoring_dataset/02_clips/talking_to_neighbor/T06_talking_to_neighbor_take06.mp4,images/T06_talking_to_neighbor_take06/win_003_midframe_0109.jpg,correct,,
T06_talking_to_neighbor_take06.mp4,T06_talking_to_neighbor_take06,talking_to_neighbor,B3,T06,4,96,170,3.842305383,6.804082449,133,5.323193916,5,5,TRUE,TRUE,7,talking_to_neighbor,suspicious,0.945945946,4.002401441,9.005403242,manual_clip,T06_talking_to_neighbor_take06,/home/sagemaker-user/exam_proctoring_dataset/02_clips/talking_to_neighbor/T06_talking_to_neighbor_take06.mp4,images/T06_talking_to_neighbor_take06/win_004_midframe_0133.jpg,correct,,
T06_talking_to_neighbor_take06.mp4,T06_talking_to_neighbor_take06,talking_to_neighbor,B3,T06,5,120,194,4.802881729,7.764658795,157,6.283770262,5,5,TRUE,TRUE,7,talking_to_neighbor,suspicious,1,4.002401441,9.005403242,manual_clip,T06_talking_to_neighbor_take06,/home/sagemaker-user/exam_proctoring_dataset/02_clips/talking_to_neighbor/T06_talking_to_neighbor_take06.mp4,images/T06_talking_to_neighbor_take06/win_005_midframe_0157.jpg,correct,,
T06_talking_to_neighbor_take06.mp4,T06_talking_to_neighbor_take06,talking_to_neighbor,B3,T06,6,144,218,5.763458075,8.725235141,181,7.244346608,5,5,TRUE,TRUE,7,talking_to_neighbor,suspicious,1,4.002401441,9.005403242,manual_clip,T06_talking_to_neighbor_take06,/home/sagemaker-user/exam_proctoring_dataset/02_clips/talking_to_neighbor/T06_talking_to_neighbor_take06.mp4,images/T06_talking_to_neighbor_take06/win_006_midframe_0181.jpg,correct,,
T06_talking_to_neighbor_take06.mp4,T06_talking_to_neighbor_take06,talking_to_neighbor,B3,T06,7,168,242,6.724034421,9.685811487,205,8.204922954,5,5,TRUE,TRUE,7,talking_to_neighbor,suspicious,0.77027027,4.002401441,9.005403242,manual_clip,T06_talking_to_neighbor_take06,/home/sagemaker-user/exam_proctoring_dataset/02_clips/talking_to_neighbor/T06_talking_to_neighbor_take06.mp4,images/T06_talking_to_neighbor_take06/win_007_midframe_0205.jpg,correct,,
T07_talking_to_neighbor_take01.mp4,T07_talking_to_neighbor_take01,talking_to_neighbor,A1,T07,0,0,74,0,2.961540001,37,1.48077,0,0,TRUE,TRUE,8,normal,normal,0,4.002081082,9.004682435,manual_clip,T07_talking_to_neighbor_take01,/home/sagemaker-user/exam_proctoring_dataset/02_clips/talking_to_neighbor/T07_talking_to_neighbor_take01.mp4,images/T07_talking_to_neighbor_take01/win_000_midframe_0037.jpg,correct,,
T07_talking_to_neighbor_take01.mp4,T07_talking_to_neighbor_take01,talking_to_neighbor,A1,T07,1,24,98,0.96049946,3.922039461,61,2.44126946,0,0,TRUE,TRUE,8,normal,normal,0,4.002081082,9.004682435,manual_clip,T07_talking_to_neighbor_take01,/home/sagemaker-user/exam_proctoring_dataset/02_clips/talking_to_neighbor/T07_talking_to_neighbor_take01.mp4,images/T07_talking_to_neighbor_take01/win_001_midframe_0061.jpg,correct,,
T07_talking_to_neighbor_take01.mp4,T07_talking_to_neighbor_take01,talking_to_neighbor,A1,T07,2,48,122,1.920998919,4.88253892,85,3.40176892,0,0,TRUE,TRUE,8,normal,normal,0.297297297,4.002081082,9.004682435,manual_clip,T07_talking_to_neighbor_take01,/home/sagemaker-user/exam_proctoring_dataset/02_clips/talking_to_neighbor/T07_talking_to_neighbor_take01.mp4,images/T07_talking_to_neighbor_take01/win_002_midframe_0085.jpg,correct,,
T07_talking_to_neighbor_take01.mp4,T07_talking_to_neighbor_take01,talking_to_neighbor,A1,T07,3,72,146,2.881498379,5.84303838,109,4.36226838,0,0,TRUE,TRUE,8,talking_to_neighbor,suspicious,0.621621622,4.002081082,9.004682435,manual_clip,T07_talking_to_neighbor_take01,/home/sagemaker-user/exam_proctoring_dataset/02_clips/talking_to_neighbor/T07_talking_to_neighbor_take01.mp4,images/T07_talking_to_neighbor_take01/win_003_midframe_0109.jpg,correct,,
T07_talking_to_neighbor_take01.mp4,T07_talking_to_neighbor_take01,talking_to_neighbor,A1,T07,4,96,170,3.841997839,6.80353784,133,5.322767839,0,0,TRUE,TRUE,8,talking_to_neighbor,suspicious,0.945945946,4.002081082,9.004682435,manual_clip,T07_talking_to_neighbor_take01,/home/sagemaker-user/exam_proctoring_dataset/02_clips/talking_to_neighbor/T07_talking_to_neighbor_take01.mp4,images/T07_talking_to_neighbor_take01/win_004_midframe_0133.jpg,correct,,
T07_talking_to_neighbor_take01.mp4,T07_talking_to_neighbor_take01,talking_to_neighbor,A1,T07,5,120,194,4.802497299,7.764037299,157,6.283267299,0,0,TRUE,TRUE,8,talking_to_neighbor,suspicious,1,4.002081082,9.004682435,manual_clip,T07_talking_to_neighbor_take01,/home/sagemaker-user/exam_proctoring_dataset/02_clips/talking_to_neighbor/T07_talking_to_neighbor_take01.mp4,images/T07_talking_to_neighbor_take01/win_005_midframe_0157.jpg,correct,,
T07_talking_to_neighbor_take01.mp4,T07_talking_to_neighbor_take01,talking_to_neighbor,A1,T07,6,144,218,5.762996758,8.724536759,181,7.243766759,0,0,TRUE,TRUE,8,talking_to_neighbor,suspicious,1,4.002081082,9.004682435,manual_clip,T07_talking_to_neighbor_take01,/home/sagemaker-user/exam_proctoring_dataset/02_clips/talking_to_neighbor/T07_talking_to_neighbor_take01.mp4,images/T07_talking_to_neighbor_take01/win_006_midframe_0181.jpg,correct,,
T07_talking_to_neighbor_take01.mp4,T07_talking_to_neighbor_take01,talking_to_neighbor,A1,T07,7,168,242,6.723496218,9.685036219,205,8.204266218,0,0,TRUE,TRUE,8,talking_to_neighbor,suspicious,0.77027027,4.002081082,9.004682435,manual_clip,T07_talking_to_neighbor_take01,/home/sagemaker-user/exam_proctoring_dataset/02_clips/talking_to_neighbor/T07_talking_to_neighbor_take01.mp4,images/T07_talking_to_neighbor_take01/win_007_midframe_0205.jpg,correct,,
T07_talking_to_neighbor_take02.mp4,T07_talking_to_neighbor_take02,talking_to_neighbor,A2,T07,0,0,74,0,2.961540001,37,1.48077,2,2,TRUE,TRUE,8,normal,normal,0,5.002601353,9.004682435,manual_clip,T07_talking_to_neighbor_take02,/home/sagemaker-user/exam_proctoring_dataset/02_clips/talking_to_neighbor/T07_talking_to_neighbor_take02.mp4,images/T07_talking_to_neighbor_take02/win_000_midframe_0037.jpg,correct,,
T07_talking_to_neighbor_take02.mp4,T07_talking_to_neighbor_take02,talking_to_neighbor,A2,T07,1,24,98,0.96049946,3.922039461,61,2.44126946,2,2,TRUE,TRUE,8,normal,normal,0,5.002601353,9.004682435,manual_clip,T07_talking_to_neighbor_take02,/home/sagemaker-user/exam_proctoring_dataset/02_clips/talking_to_neighbor/T07_talking_to_neighbor_take02.mp4,images/T07_talking_to_neighbor_take02/win_001_midframe_0061.jpg,correct,,
T07_talking_to_neighbor_take02.mp4,T07_talking_to_neighbor_take02,talking_to_neighbor,A2,T07,2,48,122,1.920998919,4.88253892,85,3.40176892,2,2,TRUE,TRUE,8,normal,normal,0,5.002601353,9.004682435,manual_clip,T07_talking_to_neighbor_take02,/home/sagemaker-user/exam_proctoring_dataset/02_clips/talking_to_neighbor/T07_talking_to_neighbor_take02.mp4,images/T07_talking_to_neighbor_take02/win_002_midframe_0085.jpg,correct,,
T07_talking_to_neighbor_take02.mp4,T07_talking_to_neighbor_take02,talking_to_neighbor,A2,T07,3,72,146,2.881498379,5.84303838,109,4.36226838,2,2,TRUE,TRUE,8,normal,normal,0.283783784,5.002601353,9.004682435,manual_clip,T07_talking_to_neighbor_take02,/home/sagemaker-user/exam_proctoring_dataset/02_clips/talking_to_neighbor/T07_talking_to_neighbor_take02.mp4,images/T07_talking_to_neighbor_take02/win_003_midframe_0109.jpg,correct,,
T07_talking_to_neighbor_take02.mp4,T07_talking_to_neighbor_take02,talking_to_neighbor,A2,T07,4,96,170,3.841997839,6.80353784,133,5.322767839,2,2,TRUE,TRUE,8,talking_to_neighbor,suspicious,0.608108108,5.002601353,9.004682435,manual_clip,T07_talking_to_neighbor_take02,/home/sagemaker-user/exam_proctoring_dataset/02_clips/talking_to_neighbor/T07_talking_to_neighbor_take02.mp4,images/T07_talking_to_neighbor_take02/win_004_midframe_0133.jpg,correct,,
T07_talking_to_neighbor_take02.mp4,T07_talking_to_neighbor_take02,talking_to_neighbor,A2,T07,5,120,194,4.802497299,7.764037299,157,6.283267299,2,2,TRUE,TRUE,8,talking_to_neighbor,suspicious,0.932432432,5.002601353,9.004682435,manual_clip,T07_talking_to_neighbor_take02,/home/sagemaker-user/exam_proctoring_dataset/02_clips/talking_to_neighbor/T07_talking_to_neighbor_take02.mp4,images/T07_talking_to_neighbor_take02/win_005_midframe_0157.jpg,correct,,
T07_talking_to_neighbor_take02.mp4,T07_talking_to_neighbor_take02,talking_to_neighbor,A2,T07,6,144,218,5.762996758,8.724536759,181,7.243766759,2,2,TRUE,TRUE,8,talking_to_neighbor,suspicious,1,5.002601353,9.004682435,manual_clip,T07_talking_to_neighbor_take02,/home/sagemaker-user/exam_proctoring_dataset/02_clips/talking_to_neighbor/T07_talking_to_neighbor_take02.mp4,images/T07_talking_to_neighbor_take02/win_006_midframe_0181.jpg,correct,,
T07_talking_to_neighbor_take02.mp4,T07_talking_to_neighbor_take02,talking_to_neighbor,A2,T07,7,168,242,6.723496218,9.685036219,205,8.204266218,2,2,TRUE,TRUE,8,talking_to_neighbor,suspicious,0.77027027,5.002601353,9.004682435,manual_clip,T07_talking_to_neighbor_take02,/home/sagemaker-user/exam_proctoring_dataset/02_clips/talking_to_neighbor/T07_talking_to_neighbor_take02.mp4,images/T07_talking_to_neighbor_take02/win_007_midframe_0205.jpg,correct,,
T07_talking_to_neighbor_take04.mp4,T07_talking_to_neighbor_take04,talking_to_neighbor,B1,T07,0,0,74,0,2.961540001,37,1.48077,1,1,TRUE,TRUE,8,normal,normal,0,4.002081082,9.004682435,manual_clip,T07_talking_to_neighbor_take04,/home/sagemaker-user/exam_proctoring_dataset/02_clips/talking_to_neighbor/T07_talking_to_neighbor_take04.mp4,images/T07_talking_to_neighbor_take04/win_000_midframe_0037.jpg,correct,,
T07_talking_to_neighbor_take04.mp4,T07_talking_to_neighbor_take04,talking_to_neighbor,B1,T07,1,24,98,0.96049946,3.922039461,61,2.44126946,1,1,TRUE,TRUE,8,normal,normal,0,4.002081082,9.004682435,manual_clip,T07_talking_to_neighbor_take04,/home/sagemaker-user/exam_proctoring_dataset/02_clips/talking_to_neighbor/T07_talking_to_neighbor_take04.mp4,images/T07_talking_to_neighbor_take04/win_001_midframe_0061.jpg,correct,,
T07_talking_to_neighbor_take04.mp4,T07_talking_to_neighbor_take04,talking_to_neighbor,B1,T07,2,48,122,1.920998919,4.88253892,85,3.40176892,1,1,TRUE,TRUE,8,normal,normal,0.297297297,4.002081082,9.004682435,manual_clip,T07_talking_to_neighbor_take04,/home/sagemaker-user/exam_proctoring_dataset/02_clips/talking_to_neighbor/T07_talking_to_neighbor_take04.mp4,images/T07_talking_to_neighbor_take04/win_002_midframe_0085.jpg,correct,,
T07_talking_to_neighbor_take04.mp4,T07_talking_to_neighbor_take04,talking_to_neighbor,B1,T07,3,72,146,2.881498379,5.84303838,109,4.36226838,1,1,TRUE,TRUE,8,talking_to_neighbor,suspicious,0.621621622,4.002081082,9.004682435,manual_clip,T07_talking_to_neighbor_take04,/home/sagemaker-user/exam_proctoring_dataset/02_clips/talking_to_neighbor/T07_talking_to_neighbor_take04.mp4,images/T07_talking_to_neighbor_take04/win_003_midframe_0109.jpg,correct,,
T07_talking_to_neighbor_take04.mp4,T07_talking_to_neighbor_take04,talking_to_neighbor,B1,T07,4,96,170,3.841997839,6.80353784,133,5.322767839,1,1,TRUE,TRUE,8,talking_to_neighbor,suspicious,0.945945946,4.002081082,9.004682435,manual_clip,T07_talking_to_neighbor_take04,/home/sagemaker-user/exam_proctoring_dataset/02_clips/talking_to_neighbor/T07_talking_to_neighbor_take04.mp4,images/T07_talking_to_neighbor_take04/win_004_midframe_0133.jpg,correct,,
T07_talking_to_neighbor_take04.mp4,T07_talking_to_neighbor_take04,talking_to_neighbor,B1,T07,5,120,194,4.802497299,7.764037299,157,6.283267299,1,1,TRUE,TRUE,8,talking_to_neighbor,suspicious,1,4.002081082,9.004682435,manual_clip,T07_talking_to_neighbor_take04,/home/sagemaker-user/exam_proctoring_dataset/02_clips/talking_to_neighbor/T07_talking_to_neighbor_take04.mp4,images/T07_talking_to_neighbor_take04/win_005_midframe_0157.jpg,correct,,
T07_talking_to_neighbor_take04.mp4,T07_talking_to_neighbor_take04,talking_to_neighbor,B1,T07,6,144,218,5.762996758,8.724536759,181,7.243766759,1,1,TRUE,TRUE,8,talking_to_neighbor,suspicious,1,4.002081082,9.004682435,manual_clip,T07_talking_to_neighbor_take04,/home/sagemaker-user/exam_proctoring_dataset/02_clips/talking_to_neighbor/T07_talking_to_neighbor_take04.mp4,images/T07_talking_to_neighbor_take04/win_006_midframe_0181.jpg,correct,,
T07_talking_to_neighbor_take04.mp4,T07_talking_to_neighbor_take04,talking_to_neighbor,B1,T07,7,168,242,6.723496218,9.685036219,205,8.204266218,1,1,TRUE,TRUE,8,talking_to_neighbor,suspicious,0.77027027,4.002081082,9.004682435,manual_clip,T07_talking_to_neighbor_take04,/home/sagemaker-user/exam_proctoring_dataset/02_clips/talking_to_neighbor/T07_talking_to_neighbor_take04.mp4,images/T07_talking_to_neighbor_take04/win_007_midframe_0205.jpg,correct,,
T07_talking_to_neighbor_take05.mp4,T07_talking_to_neighbor_take05,talking_to_neighbor,B2,T07,0,0,74,0,2.961540001,37,1.48077,3,3,TRUE,TRUE,8,normal,normal,0,4.002081082,9.004682435,manual_clip,T07_talking_to_neighbor_take05,/home/sagemaker-user/exam_proctoring_dataset/02_clips/talking_to_neighbor/T07_talking_to_neighbor_take05.mp4,images/T07_talking_to_neighbor_take05/win_000_midframe_0037.jpg,correct,,
T07_talking_to_neighbor_take05.mp4,T07_talking_to_neighbor_take05,talking_to_neighbor,B2,T07,1,24,98,0.96049946,3.922039461,61,2.44126946,3,3,TRUE,TRUE,8,normal,normal,0,4.002081082,9.004682435,manual_clip,T07_talking_to_neighbor_take05,/home/sagemaker-user/exam_proctoring_dataset/02_clips/talking_to_neighbor/T07_talking_to_neighbor_take05.mp4,images/T07_talking_to_neighbor_take05/win_001_midframe_0061.jpg,correct,,
T07_talking_to_neighbor_take05.mp4,T07_talking_to_neighbor_take05,talking_to_neighbor,B2,T07,2,48,122,1.920998919,4.88253892,85,3.40176892,3,3,TRUE,TRUE,8,normal,normal,0.297297297,4.002081082,9.004682435,manual_clip,T07_talking_to_neighbor_take05,/home/sagemaker-user/exam_proctoring_dataset/02_clips/talking_to_neighbor/T07_talking_to_neighbor_take05.mp4,images/T07_talking_to_neighbor_take05/win_002_midframe_0085.jpg,correct,,
T07_talking_to_neighbor_take05.mp4,T07_talking_to_neighbor_take05,talking_to_neighbor,B2,T07,3,72,146,2.881498379,5.84303838,109,4.36226838,3,3,TRUE,TRUE,8,talking_to_neighbor,suspicious,0.621621622,4.002081082,9.004682435,manual_clip,T07_talking_to_neighbor_take05,/home/sagemaker-user/exam_proctoring_dataset/02_clips/talking_to_neighbor/T07_talking_to_neighbor_take05.mp4,images/T07_talking_to_neighbor_take05/win_003_midframe_0109.jpg,correct,,
T07_talking_to_neighbor_take05.mp4,T07_talking_to_neighbor_take05,talking_to_neighbor,B2,T07,4,96,170,3.841997839,6.80353784,133,5.322767839,3,3,TRUE,TRUE,8,talking_to_neighbor,suspicious,0.945945946,4.002081082,9.004682435,manual_clip,T07_talking_to_neighbor_take05,/home/sagemaker-user/exam_proctoring_dataset/02_clips/talking_to_neighbor/T07_talking_to_neighbor_take05.mp4,images/T07_talking_to_neighbor_take05/win_004_midframe_0133.jpg,correct,,
T07_talking_to_neighbor_take05.mp4,T07_talking_to_neighbor_take05,talking_to_neighbor,B2,T07,5,120,194,4.802497299,7.764037299,157,6.283267299,3,3,TRUE,TRUE,8,talking_to_neighbor,suspicious,1,4.002081082,9.004682435,manual_clip,T07_talking_to_neighbor_take05,/home/sagemaker-user/exam_proctoring_dataset/02_clips/talking_to_neighbor/T07_talking_to_neighbor_take05.mp4,images/T07_talking_to_neighbor_take05/win_005_midframe_0157.jpg,correct,,
T07_talking_to_neighbor_take05.mp4,T07_talking_to_neighbor_take05,talking_to_neighbor,B2,T07,6,144,218,5.762996758,8.724536759,181,7.243766759,3,3,TRUE,TRUE,8,talking_to_neighbor,suspicious,1,4.002081082,9.004682435,manual_clip,T07_talking_to_neighbor_take05,/home/sagemaker-user/exam_proctoring_dataset/02_clips/talking_to_neighbor/T07_talking_to_neighbor_take05.mp4,images/T07_talking_to_neighbor_take05/win_006_midframe_0181.jpg,correct,,
T07_talking_to_neighbor_take05.mp4,T07_talking_to_neighbor_take05,talking_to_neighbor,B2,T07,7,168,242,6.723496218,9.685036219,205,8.204266218,3,3,TRUE,TRUE,8,talking_to_neighbor,suspicious,0.77027027,4.002081082,9.004682435,manual_clip,T07_talking_to_neighbor_take05,/home/sagemaker-user/exam_proctoring_dataset/02_clips/talking_to_neighbor/T07_talking_to_neighbor_take05.mp4,images/T07_talking_to_neighbor_take05/win_007_midframe_0205.jpg,correct,,
T07_talking_to_neighbor_take06.mp4,T07_talking_to_neighbor_take06,talking_to_neighbor,B3,T07,0,0,74,0,2.961540001,37,1.48077,5,5,TRUE,TRUE,8,normal,normal,0,3.001560812,8.004162164,manual_clip,T07_talking_to_neighbor_take06,/home/sagemaker-user/exam_proctoring_dataset/02_clips/talking_to_neighbor/T07_talking_to_neighbor_take06.mp4,images/T07_talking_to_neighbor_take06/win_000_midframe_0037.jpg,correct,,
T07_talking_to_neighbor_take06.mp4,T07_talking_to_neighbor_take06,talking_to_neighbor,B3,T07,1,24,98,0.96049946,3.922039461,61,2.44126946,5,5,TRUE,TRUE,8,normal,normal,0.310810811,3.001560812,8.004162164,manual_clip,T07_talking_to_neighbor_take06,/home/sagemaker-user/exam_proctoring_dataset/02_clips/talking_to_neighbor/T07_talking_to_neighbor_take06.mp4,images/T07_talking_to_neighbor_take06/win_001_midframe_0061.jpg,correct,,
T07_talking_to_neighbor_take06.mp4,T07_talking_to_neighbor_take06,talking_to_neighbor,B3,T07,2,48,122,1.920998919,4.88253892,85,3.40176892,5,5,TRUE,TRUE,7,talking_to_neighbor,suspicious,0.635135135,3.001560812,8.004162164,manual_clip,T07_talking_to_neighbor_take06,/home/sagemaker-user/exam_proctoring_dataset/02_clips/talking_to_neighbor/T07_talking_to_neighbor_take06.mp4,images/T07_talking_to_neighbor_take06/win_002_midframe_0085.jpg,correct,,
T07_talking_to_neighbor_take06.mp4,T07_talking_to_neighbor_take06,talking_to_neighbor,B3,T07,3,72,146,2.881498379,5.84303838,109,4.36226838,5,5,TRUE,TRUE,7,talking_to_neighbor,suspicious,0.959459459,3.001560812,8.004162164,manual_clip,T07_talking_to_neighbor_take06,/home/sagemaker-user/exam_proctoring_dataset/02_clips/talking_to_neighbor/T07_talking_to_neighbor_take06.mp4,images/T07_talking_to_neighbor_take06/win_003_midframe_0109.jpg,correct,,
T07_talking_to_neighbor_take06.mp4,T07_talking_to_neighbor_take06,talking_to_neighbor,B3,T07,4,96,170,3.841997839,6.80353784,133,5.322767839,5,5,TRUE,TRUE,7,talking_to_neighbor,suspicious,1,3.001560812,8.004162164,manual_clip,T07_talking_to_neighbor_take06,/home/sagemaker-user/exam_proctoring_dataset/02_clips/talking_to_neighbor/T07_talking_to_neighbor_take06.mp4,images/T07_talking_to_neighbor_take06/win_004_midframe_0133.jpg,correct,,
T07_talking_to_neighbor_take06.mp4,T07_talking_to_neighbor_take06,talking_to_neighbor,B3,T07,5,120,194,4.802497299,7.764037299,157,6.283267299,5,5,TRUE,TRUE,7,talking_to_neighbor,suspicious,1,3.001560812,8.004162164,manual_clip,T07_talking_to_neighbor_take06,/home/sagemaker-user/exam_proctoring_dataset/02_clips/talking_to_neighbor/T07_talking_to_neighbor_take06.mp4,images/T07_talking_to_neighbor_take06/win_005_midframe_0157.jpg,correct,,
T07_talking_to_neighbor_take06.mp4,T07_talking_to_neighbor_take06,talking_to_neighbor,B3,T07,6,144,218,5.762996758,8.724536759,181,7.243766759,5,5,TRUE,TRUE,7,talking_to_neighbor,suspicious,0.756756757,3.001560812,8.004162164,manual_clip,T07_talking_to_neighbor_take06,/home/sagemaker-user/exam_proctoring_dataset/02_clips/talking_to_neighbor/T07_talking_to_neighbor_take06.mp4,images/T07_talking_to_neighbor_take06/win_006_midframe_0181.jpg,correct,,
T07_talking_to_neighbor_take06.mp4,T07_talking_to_neighbor_take06,talking_to_neighbor,B3,T07,7,168,242,6.723496218,9.685036219,205,8.204266218,5,5,TRUE,TRUE,7,normal,normal,0.432432432,3.001560812,8.004162164,manual_clip,T07_talking_to_neighbor_take06,/home/sagemaker-user/exam_proctoring_dataset/02_clips/talking_to_neighbor/T07_talking_to_neighbor_take06.mp4,images/T07_talking_to_neighbor_take06/win_007_midframe_0205.jpg,correct,,
T08_talking_to_neighbor_take01.mp4,T08_talking_to_neighbor_take01,talking_to_neighbor,A1,T08,0,0,74,0,2.961184474,37,1.480592237,0,0,TRUE,TRUE,8,normal,normal,0,4.00160064,8.003201281,manual_clip,T08_talking_to_neighbor_take01,/home/sagemaker-user/exam_proctoring_dataset/02_clips/talking_to_neighbor/T08_talking_to_neighbor_take01.mp4,images/T08_talking_to_neighbor_take01/win_000_midframe_0037.jpg,correct,,
T08_talking_to_neighbor_take01.mp4,T08_talking_to_neighbor_take01,talking_to_neighbor,A1,T08,1,24,98,0.960384154,3.921568627,61,2.440976391,0,0,TRUE,TRUE,8,normal,normal,0,4.00160064,8.003201281,manual_clip,T08_talking_to_neighbor_take01,/home/sagemaker-user/exam_proctoring_dataset/02_clips/talking_to_neighbor/T08_talking_to_neighbor_take01.mp4,images/T08_talking_to_neighbor_take01/win_001_midframe_0061.jpg,correct,,
T08_talking_to_neighbor_take01.mp4,T08_talking_to_neighbor_take01,talking_to_neighbor,A1,T08,2,48,122,1.920768307,4.881952781,85,3.401360544,0,0,TRUE,TRUE,8,normal,normal,0.297297297,4.00160064,8.003201281,manual_clip,T08_talking_to_neighbor_take01,/home/sagemaker-user/exam_proctoring_dataset/02_clips/talking_to_neighbor/T08_talking_to_neighbor_take01.mp4,images/T08_talking_to_neighbor_take01/win_002_midframe_0085.jpg,correct,,
T08_talking_to_neighbor_take01.mp4,T08_talking_to_neighbor_take01,talking_to_neighbor,A1,T08,3,72,146,2.881152461,5.842336935,109,4.361744698,0,0,TRUE,TRUE,8,talking_to_neighbor,suspicious,0.621621622,4.00160064,8.003201281,manual_clip,T08_talking_to_neighbor_take01,/home/sagemaker-user/exam_proctoring_dataset/02_clips/talking_to_neighbor/T08_talking_to_neighbor_take01.mp4,images/T08_talking_to_neighbor_take01/win_003_midframe_0109.jpg,correct,,
T08_talking_to_neighbor_take01.mp4,T08_talking_to_neighbor_take01,talking_to_neighbor,A1,T08,4,96,170,3.841536615,6.802721088,133,5.322128852,0,0,TRUE,TRUE,8,talking_to_neighbor,suspicious,0.945945946,4.00160064,8.003201281,manual_clip,T08_talking_to_neighbor_take01,/home/sagemaker-user/exam_proctoring_dataset/02_clips/talking_to_neighbor/T08_talking_to_neighbor_take01.mp4,images/T08_talking_to_neighbor_take01/win_004_midframe_0133.jpg,correct,,
T08_talking_to_neighbor_take01.mp4,T08_talking_to_neighbor_take01,talking_to_neighbor,A1,T08,5,120,194,4.801920768,7.763105242,157,6.282513005,0,0,TRUE,TRUE,8,talking_to_neighbor,suspicious,1,4.00160064,8.003201281,manual_clip,T08_talking_to_neighbor_take01,/home/sagemaker-user/exam_proctoring_dataset/02_clips/talking_to_neighbor/T08_talking_to_neighbor_take01.mp4,images/T08_talking_to_neighbor_take01/win_005_midframe_0157.jpg,correct,,
T08_talking_to_neighbor_take01.mp4,T08_talking_to_neighbor_take01,talking_to_neighbor,A1,T08,6,144,218,5.762304922,8.723489396,181,7.242897159,0,0,TRUE,TRUE,8,talking_to_neighbor,suspicious,0.756756757,4.00160064,8.003201281,manual_clip,T08_talking_to_neighbor_take01,/home/sagemaker-user/exam_proctoring_dataset/02_clips/talking_to_neighbor/T08_talking_to_neighbor_take01.mp4,images/T08_talking_to_neighbor_take01/win_006_midframe_0181.jpg,correct,,
T08_talking_to_neighbor_take01.mp4,T08_talking_to_neighbor_take01,talking_to_neighbor,A1,T08,7,168,242,6.722689076,9.683873549,205,8.203281313,0,0,TRUE,TRUE,8,normal,normal,0.432432432,4.00160064,8.003201281,manual_clip,T08_talking_to_neighbor_take01,/home/sagemaker-user/exam_proctoring_dataset/02_clips/talking_to_neighbor/T08_talking_to_neighbor_take01.mp4,images/T08_talking_to_neighbor_take01/win_007_midframe_0205.jpg,correct,,
T08_talking_to_neighbor_take02.mp4,T08_talking_to_neighbor_take02,talking_to_neighbor,A2,T08,0,0,74,0,2.961184474,37,1.480592237,2,2,TRUE,TRUE,8,normal,normal,0,3.00120048,9.003601441,manual_clip,T08_talking_to_neighbor_take02,/home/sagemaker-user/exam_proctoring_dataset/02_clips/talking_to_neighbor/T08_talking_to_neighbor_take02.mp4,images/T08_talking_to_neighbor_take02/win_000_midframe_0037.jpg,correct,,
T08_talking_to_neighbor_take02.mp4,T08_talking_to_neighbor_take02,talking_to_neighbor,A2,T08,1,24,98,0.960384154,3.921568627,61,2.440976391,2,2,TRUE,TRUE,8,normal,normal,0.310810811,3.00120048,9.003601441,manual_clip,T08_talking_to_neighbor_take02,/home/sagemaker-user/exam_proctoring_dataset/02_clips/talking_to_neighbor/T08_talking_to_neighbor_take02.mp4,images/T08_talking_to_neighbor_take02/win_001_midframe_0061.jpg,correct,,
T08_talking_to_neighbor_take02.mp4,T08_talking_to_neighbor_take02,talking_to_neighbor,A2,T08,2,48,122,1.920768307,4.881952781,85,3.401360544,2,2,TRUE,TRUE,8,talking_to_neighbor,suspicious,0.635135135,3.00120048,9.003601441,manual_clip,T08_talking_to_neighbor_take02,/home/sagemaker-user/exam_proctoring_dataset/02_clips/talking_to_neighbor/T08_talking_to_neighbor_take02.mp4,images/T08_talking_to_neighbor_take02/win_002_midframe_0085.jpg,correct,,
T08_talking_to_neighbor_take02.mp4,T08_talking_to_neighbor_take02,talking_to_neighbor,A2,T08,3,72,146,2.881152461,5.842336935,109,4.361744698,2,2,TRUE,TRUE,8,talking_to_neighbor,suspicious,0.959459459,3.00120048,9.003601441,manual_clip,T08_talking_to_neighbor_take02,/home/sagemaker-user/exam_proctoring_dataset/02_clips/talking_to_neighbor/T08_talking_to_neighbor_take02.mp4,images/T08_talking_to_neighbor_take02/win_003_midframe_0109.jpg,correct,,
T08_talking_to_neighbor_take02.mp4,T08_talking_to_neighbor_take02,talking_to_neighbor,A2,T08,4,96,170,3.841536615,6.802721088,133,5.322128852,2,2,TRUE,TRUE,8,talking_to_neighbor,suspicious,1,3.00120048,9.003601441,manual_clip,T08_talking_to_neighbor_take02,/home/sagemaker-user/exam_proctoring_dataset/02_clips/talking_to_neighbor/T08_talking_to_neighbor_take02.mp4,images/T08_talking_to_neighbor_take02/win_004_midframe_0133.jpg,correct,,
T08_talking_to_neighbor_take02.mp4,T08_talking_to_neighbor_take02,talking_to_neighbor,A2,T08,5,120,194,4.801920768,7.763105242,157,6.282513005,2,2,TRUE,TRUE,8,talking_to_neighbor,suspicious,1,3.00120048,9.003601441,manual_clip,T08_talking_to_neighbor_take02,/home/sagemaker-user/exam_proctoring_dataset/02_clips/talking_to_neighbor/T08_talking_to_neighbor_take02.mp4,images/T08_talking_to_neighbor_take02/win_005_midframe_0157.jpg,correct,,
T08_talking_to_neighbor_take02.mp4,T08_talking_to_neighbor_take02,talking_to_neighbor,A2,T08,6,144,218,5.762304922,8.723489396,181,7.242897159,2,2,TRUE,TRUE,8,talking_to_neighbor,suspicious,1,3.00120048,9.003601441,manual_clip,T08_talking_to_neighbor_take02,/home/sagemaker-user/exam_proctoring_dataset/02_clips/talking_to_neighbor/T08_talking_to_neighbor_take02.mp4,images/T08_talking_to_neighbor_take02/win_006_midframe_0181.jpg,correct,,
T08_talking_to_neighbor_take02.mp4,T08_talking_to_neighbor_take02,talking_to_neighbor,A2,T08,7,168,242,6.722689076,9.683873549,205,8.203281313,2,2,TRUE,TRUE,8,talking_to_neighbor,suspicious,0.77027027,3.00120048,9.003601441,manual_clip,T08_talking_to_neighbor_take02,/home/sagemaker-user/exam_proctoring_dataset/02_clips/talking_to_neighbor/T08_talking_to_neighbor_take02.mp4,images/T08_talking_to_neighbor_take02/win_007_midframe_0205.jpg,correct,,
T08_talking_to_neighbor_take03.mp4,T08_talking_to_neighbor_take03,talking_to_neighbor,A3,T08,0,0,74,0,2.961184474,37,1.480592237,4,4,TRUE,TRUE,8,normal,normal,0,3.00120048,9.003601441,manual_clip,T08_talking_to_neighbor_take03,/home/sagemaker-user/exam_proctoring_dataset/02_clips/talking_to_neighbor/T08_talking_to_neighbor_take03.mp4,images/T08_talking_to_neighbor_take03/win_000_midframe_0037.jpg,correct,,
T08_talking_to_neighbor_take03.mp4,T08_talking_to_neighbor_take03,talking_to_neighbor,A3,T08,1,24,98,0.960384154,3.921568627,61,2.440976391,4,4,TRUE,TRUE,8,normal,normal,0.310810811,3.00120048,9.003601441,manual_clip,T08_talking_to_neighbor_take03,/home/sagemaker-user/exam_proctoring_dataset/02_clips/talking_to_neighbor/T08_talking_to_neighbor_take03.mp4,images/T08_talking_to_neighbor_take03/win_001_midframe_0061.jpg,correct,,
T08_talking_to_neighbor_take03.mp4,T08_talking_to_neighbor_take03,talking_to_neighbor,A3,T08,2,48,122,1.920768307,4.881952781,85,3.401360544,4,4,TRUE,TRUE,7,talking_to_neighbor,suspicious,0.635135135,3.00120048,9.003601441,manual_clip,T08_talking_to_neighbor_take03,/home/sagemaker-user/exam_proctoring_dataset/02_clips/talking_to_neighbor/T08_talking_to_neighbor_take03.mp4,images/T08_talking_to_neighbor_take03/win_002_midframe_0085.jpg,correct,,
T08_talking_to_neighbor_take03.mp4,T08_talking_to_neighbor_take03,talking_to_neighbor,A3,T08,3,72,146,2.881152461,5.842336935,109,4.361744698,4,4,TRUE,TRUE,8,talking_to_neighbor,suspicious,0.959459459,3.00120048,9.003601441,manual_clip,T08_talking_to_neighbor_take03,/home/sagemaker-user/exam_proctoring_dataset/02_clips/talking_to_neighbor/T08_talking_to_neighbor_take03.mp4,images/T08_talking_to_neighbor_take03/win_003_midframe_0109.jpg,correct,,
T08_talking_to_neighbor_take03.mp4,T08_talking_to_neighbor_take03,talking_to_neighbor,A3,T08,4,96,170,3.841536615,6.802721088,133,5.322128852,4,4,TRUE,TRUE,8,talking_to_neighbor,suspicious,1,3.00120048,9.003601441,manual_clip,T08_talking_to_neighbor_take03,/home/sagemaker-user/exam_proctoring_dataset/02_clips/talking_to_neighbor/T08_talking_to_neighbor_take03.mp4,images/T08_talking_to_neighbor_take03/win_004_midframe_0133.jpg,correct,,
T08_talking_to_neighbor_take03.mp4,T08_talking_to_neighbor_take03,talking_to_neighbor,A3,T08,5,120,194,4.801920768,7.763105242,157,6.282513005,4,4,TRUE,TRUE,8,talking_to_neighbor,suspicious,1,3.00120048,9.003601441,manual_clip,T08_talking_to_neighbor_take03,/home/sagemaker-user/exam_proctoring_dataset/02_clips/talking_to_neighbor/T08_talking_to_neighbor_take03.mp4,images/T08_talking_to_neighbor_take03/win_005_midframe_0157.jpg,correct,,
T08_talking_to_neighbor_take03.mp4,T08_talking_to_neighbor_take03,talking_to_neighbor,A3,T08,6,144,218,5.762304922,8.723489396,181,7.242897159,4,4,TRUE,TRUE,8,talking_to_neighbor,suspicious,1,3.00120048,9.003601441,manual_clip,T08_talking_to_neighbor_take03,/home/sagemaker-user/exam_proctoring_dataset/02_clips/talking_to_neighbor/T08_talking_to_neighbor_take03.mp4,images/T08_talking_to_neighbor_take03/win_006_midframe_0181.jpg,correct,,
T08_talking_to_neighbor_take03.mp4,T08_talking_to_neighbor_take03,talking_to_neighbor,A3,T08,7,168,242,6.722689076,9.683873549,205,8.203281313,4,4,TRUE,TRUE,8,talking_to_neighbor,suspicious,0.77027027,3.00120048,9.003601441,manual_clip,T08_talking_to_neighbor_take03,/home/sagemaker-user/exam_proctoring_dataset/02_clips/talking_to_neighbor/T08_talking_to_neighbor_take03.mp4,images/T08_talking_to_neighbor_take03/win_007_midframe_0205.jpg,correct,,
T08_talking_to_neighbor_take04.mp4,T08_talking_to_neighbor_take04,talking_to_neighbor,B1,T08,0,0,74,0,2.961184474,37,1.480592237,1,1,TRUE,TRUE,8,normal,normal,0,4.00160064,9.003601441,manual_clip,T08_talking_to_neighbor_take04,/home/sagemaker-user/exam_proctoring_dataset/02_clips/talking_to_neighbor/T08_talking_to_neighbor_take04.mp4,images/T08_talking_to_neighbor_take04/win_000_midframe_0037.jpg,correct,,
T08_talking_to_neighbor_take04.mp4,T08_talking_to_neighbor_take04,talking_to_neighbor,B1,T08,1,24,98,0.960384154,3.921568627,61,2.440976391,1,1,TRUE,TRUE,8,normal,normal,0,4.00160064,9.003601441,manual_clip,T08_talking_to_neighbor_take04,/home/sagemaker-user/exam_proctoring_dataset/02_clips/talking_to_neighbor/T08_talking_to_neighbor_take04.mp4,images/T08_talking_to_neighbor_take04/win_001_midframe_0061.jpg,correct,,
T08_talking_to_neighbor_take04.mp4,T08_talking_to_neighbor_take04,talking_to_neighbor,B1,T08,2,48,122,1.920768307,4.881952781,85,3.401360544,1,1,TRUE,TRUE,8,normal,normal,0.297297297,4.00160064,9.003601441,manual_clip,T08_talking_to_neighbor_take04,/home/sagemaker-user/exam_proctoring_dataset/02_clips/talking_to_neighbor/T08_talking_to_neighbor_take04.mp4,images/T08_talking_to_neighbor_take04/win_002_midframe_0085.jpg,correct,,
T08_talking_to_neighbor_take04.mp4,T08_talking_to_neighbor_take04,talking_to_neighbor,B1,T08,3,72,146,2.881152461,5.842336935,109,4.361744698,1,1,TRUE,TRUE,8,talking_to_neighbor,suspicious,0.621621622,4.00160064,9.003601441,manual_clip,T08_talking_to_neighbor_take04,/home/sagemaker-user/exam_proctoring_dataset/02_clips/talking_to_neighbor/T08_talking_to_neighbor_take04.mp4,images/T08_talking_to_neighbor_take04/win_003_midframe_0109.jpg,correct,,
T08_talking_to_neighbor_take04.mp4,T08_talking_to_neighbor_take04,talking_to_neighbor,B1,T08,4,96,170,3.841536615,6.802721088,133,5.322128852,1,1,TRUE,TRUE,8,talking_to_neighbor,suspicious,0.945945946,4.00160064,9.003601441,manual_clip,T08_talking_to_neighbor_take04,/home/sagemaker-user/exam_proctoring_dataset/02_clips/talking_to_neighbor/T08_talking_to_neighbor_take04.mp4,images/T08_talking_to_neighbor_take04/win_004_midframe_0133.jpg,correct,,
T08_talking_to_neighbor_take04.mp4,T08_talking_to_neighbor_take04,talking_to_neighbor,B1,T08,5,120,194,4.801920768,7.763105242,157,6.282513005,1,1,TRUE,TRUE,8,talking_to_neighbor,suspicious,1,4.00160064,9.003601441,manual_clip,T08_talking_to_neighbor_take04,/home/sagemaker-user/exam_proctoring_dataset/02_clips/talking_to_neighbor/T08_talking_to_neighbor_take04.mp4,images/T08_talking_to_neighbor_take04/win_005_midframe_0157.jpg,correct,,
T08_talking_to_neighbor_take04.mp4,T08_talking_to_neighbor_take04,talking_to_neighbor,B1,T08,6,144,218,5.762304922,8.723489396,181,7.242897159,1,1,TRUE,TRUE,8,talking_to_neighbor,suspicious,1,4.00160064,9.003601441,manual_clip,T08_talking_to_neighbor_take04,/home/sagemaker-user/exam_proctoring_dataset/02_clips/talking_to_neighbor/T08_talking_to_neighbor_take04.mp4,images/T08_talking_to_neighbor_take04/win_006_midframe_0181.jpg,correct,,
T08_talking_to_neighbor_take04.mp4,T08_talking_to_neighbor_take04,talking_to_neighbor,B1,T08,7,168,242,6.722689076,9.683873549,205,8.203281313,1,1,TRUE,TRUE,8,talking_to_neighbor,suspicious,0.77027027,4.00160064,9.003601441,manual_clip,T08_talking_to_neighbor_take04,/home/sagemaker-user/exam_proctoring_dataset/02_clips/talking_to_neighbor/T08_talking_to_neighbor_take04.mp4,images/T08_talking_to_neighbor_take04/win_007_midframe_0205.jpg,correct,,
T08_talking_to_neighbor_take05.mp4,T08_talking_to_neighbor_take05,talking_to_neighbor,B2,T08,0,0,74,0,2.961184474,37,1.480592237,3,3,TRUE,TRUE,8,normal,normal,0,3.00120048,9.003601441,manual_clip,T08_talking_to_neighbor_take05,/home/sagemaker-user/exam_proctoring_dataset/02_clips/talking_to_neighbor/T08_talking_to_neighbor_take05.mp4,images/T08_talking_to_neighbor_take05/win_000_midframe_0037.jpg,correct,,
T08_talking_to_neighbor_take05.mp4,T08_talking_to_neighbor_take05,talking_to_neighbor,B2,T08,1,24,98,0.960384154,3.921568627,61,2.440976391,3,3,TRUE,TRUE,8,normal,normal,0.310810811,3.00120048,9.003601441,manual_clip,T08_talking_to_neighbor_take05,/home/sagemaker-user/exam_proctoring_dataset/02_clips/talking_to_neighbor/T08_talking_to_neighbor_take05.mp4,images/T08_talking_to_neighbor_take05/win_001_midframe_0061.jpg,correct,,
T08_talking_to_neighbor_take05.mp4,T08_talking_to_neighbor_take05,talking_to_neighbor,B2,T08,2,48,122,1.920768307,4.881952781,85,3.401360544,3,3,TRUE,TRUE,8,talking_to_neighbor,suspicious,0.635135135,3.00120048,9.003601441,manual_clip,T08_talking_to_neighbor_take05,/home/sagemaker-user/exam_proctoring_dataset/02_clips/talking_to_neighbor/T08_talking_to_neighbor_take05.mp4,images/T08_talking_to_neighbor_take05/win_002_midframe_0085.jpg,correct,,
T08_talking_to_neighbor_take05.mp4,T08_talking_to_neighbor_take05,talking_to_neighbor,B2,T08,3,72,146,2.881152461,5.842336935,109,4.361744698,3,3,TRUE,TRUE,8,talking_to_neighbor,suspicious,0.959459459,3.00120048,9.003601441,manual_clip,T08_talking_to_neighbor_take05,/home/sagemaker-user/exam_proctoring_dataset/02_clips/talking_to_neighbor/T08_talking_to_neighbor_take05.mp4,images/T08_talking_to_neighbor_take05/win_003_midframe_0109.jpg,correct,,
T08_talking_to_neighbor_take05.mp4,T08_talking_to_neighbor_take05,talking_to_neighbor,B2,T08,4,96,170,3.841536615,6.802721088,133,5.322128852,3,3,TRUE,TRUE,8,talking_to_neighbor,suspicious,1,3.00120048,9.003601441,manual_clip,T08_talking_to_neighbor_take05,/home/sagemaker-user/exam_proctoring_dataset/02_clips/talking_to_neighbor/T08_talking_to_neighbor_take05.mp4,images/T08_talking_to_neighbor_take05/win_004_midframe_0133.jpg,correct,,
T08_talking_to_neighbor_take05.mp4,T08_talking_to_neighbor_take05,talking_to_neighbor,B2,T08,5,120,194,4.801920768,7.763105242,157,6.282513005,3,3,TRUE,TRUE,8,talking_to_neighbor,suspicious,1,3.00120048,9.003601441,manual_clip,T08_talking_to_neighbor_take05,/home/sagemaker-user/exam_proctoring_dataset/02_clips/talking_to_neighbor/T08_talking_to_neighbor_take05.mp4,images/T08_talking_to_neighbor_take05/win_005_midframe_0157.jpg,correct,,
T08_talking_to_neighbor_take05.mp4,T08_talking_to_neighbor_take05,talking_to_neighbor,B2,T08,6,144,218,5.762304922,8.723489396,181,7.242897159,3,3,TRUE,TRUE,8,talking_to_neighbor,suspicious,1,3.00120048,9.003601441,manual_clip,T08_talking_to_neighbor_take05,/home/sagemaker-user/exam_proctoring_dataset/02_clips/talking_to_neighbor/T08_talking_to_neighbor_take05.mp4,images/T08_talking_to_neighbor_take05/win_006_midframe_0181.jpg,correct,,
T08_talking_to_neighbor_take05.mp4,T08_talking_to_neighbor_take05,talking_to_neighbor,B2,T08,7,168,242,6.722689076,9.683873549,205,8.203281313,3,3,TRUE,TRUE,8,talking_to_neighbor,suspicious,0.77027027,3.00120048,9.003601441,manual_clip,T08_talking_to_neighbor_take05,/home/sagemaker-user/exam_proctoring_dataset/02_clips/talking_to_neighbor/T08_talking_to_neighbor_take05.mp4,images/T08_talking_to_neighbor_take05/win_007_midframe_0205.jpg,correct,,
T08_talking_to_neighbor_take06.mp4,T08_talking_to_neighbor_take06,talking_to_neighbor,B3,T08,0,0,74,0,2.961184474,37,1.480592237,5,5,TRUE,TRUE,8,normal,normal,0,4.00160064,9.003601441,manual_clip,T08_talking_to_neighbor_take06,/home/sagemaker-user/exam_proctoring_dataset/02_clips/talking_to_neighbor/T08_talking_to_neighbor_take06.mp4,images/T08_talking_to_neighbor_take06/win_000_midframe_0037.jpg,correct,,
T08_talking_to_neighbor_take06.mp4,T08_talking_to_neighbor_take06,talking_to_neighbor,B3,T08,1,24,98,0.960384154,3.921568627,61,2.440976391,5,5,TRUE,TRUE,8,normal,normal,0,4.00160064,9.003601441,manual_clip,T08_talking_to_neighbor_take06,/home/sagemaker-user/exam_proctoring_dataset/02_clips/talking_to_neighbor/T08_talking_to_neighbor_take06.mp4,images/T08_talking_to_neighbor_take06/win_001_midframe_0061.jpg,correct,,
T08_talking_to_neighbor_take06.mp4,T08_talking_to_neighbor_take06,talking_to_neighbor,B3,T08,2,48,122,1.920768307,4.881952781,85,3.401360544,5,5,TRUE,TRUE,8,normal,normal,0.297297297,4.00160064,9.003601441,manual_clip,T08_talking_to_neighbor_take06,/home/sagemaker-user/exam_proctoring_dataset/02_clips/talking_to_neighbor/T08_talking_to_neighbor_take06.mp4,images/T08_talking_to_neighbor_take06/win_002_midframe_0085.jpg,correct,,
T08_talking_to_neighbor_take06.mp4,T08_talking_to_neighbor_take06,talking_to_neighbor,B3,T08,3,72,146,2.881152461,5.842336935,109,4.361744698,5,5,TRUE,TRUE,8,talking_to_neighbor,suspicious,0.621621622,4.00160064,9.003601441,manual_clip,T08_talking_to_neighbor_take06,/home/sagemaker-user/exam_proctoring_dataset/02_clips/talking_to_neighbor/T08_talking_to_neighbor_take06.mp4,images/T08_talking_to_neighbor_take06/win_003_midframe_0109.jpg,correct,,
T08_talking_to_neighbor_take06.mp4,T08_talking_to_neighbor_take06,talking_to_neighbor,B3,T08,4,96,170,3.841536615,6.802721088,133,5.322128852,5,5,TRUE,TRUE,7,talking_to_neighbor,suspicious,0.945945946,4.00160064,9.003601441,manual_clip,T08_talking_to_neighbor_take06,/home/sagemaker-user/exam_proctoring_dataset/02_clips/talking_to_neighbor/T08_talking_to_neighbor_take06.mp4,images/T08_talking_to_neighbor_take06/win_004_midframe_0133.jpg,correct,,
T08_talking_to_neighbor_take06.mp4,T08_talking_to_neighbor_take06,talking_to_neighbor,B3,T08,5,120,194,4.801920768,7.763105242,157,6.282513005,5,5,TRUE,TRUE,7,talking_to_neighbor,suspicious,1,4.00160064,9.003601441,manual_clip,T08_talking_to_neighbor_take06,/home/sagemaker-user/exam_proctoring_dataset/02_clips/talking_to_neighbor/T08_talking_to_neighbor_take06.mp4,images/T08_talking_to_neighbor_take06/win_005_midframe_0157.jpg,correct,,
T08_talking_to_neighbor_take06.mp4,T08_talking_to_neighbor_take06,talking_to_neighbor,B3,T08,6,144,218,5.762304922,8.723489396,181,7.242897159,5,5,TRUE,TRUE,7,talking_to_neighbor,suspicious,1,4.00160064,9.003601441,manual_clip,T08_talking_to_neighbor_take06,/home/sagemaker-user/exam_proctoring_dataset/02_clips/talking_to_neighbor/T08_talking_to_neighbor_take06.mp4,images/T08_talking_to_neighbor_take06/win_006_midframe_0181.jpg,correct,,
T08_talking_to_neighbor_take06.mp4,T08_talking_to_neighbor_take06,talking_to_neighbor,B3,T08,7,168,242,6.722689076,9.683873549,205,8.203281313,5,5,TRUE,TRUE,7,talking_to_neighbor,suspicious,0.77027027,4.00160064,9.003601441,manual_clip,T08_talking_to_neighbor_take06,/home/sagemaker-user/exam_proctoring_dataset/02_clips/talking_to_neighbor/T08_talking_to_neighbor_take06.mp4,images/T08_talking_to_neighbor_take06/win_007_midframe_0205.jpg,correct,,
LD01_looking_down_take01.mp4,LD01_looking_down_take01,looking_down,A1,LD01,0,0,90,0,3,45,1.5,0,0,TRUE,TRUE,8,normal,normal,0,5,9,manual_clip,LD01_looking_down_take01,/home/sagemaker-user/exam_proctoring_dataset/02_clips/looking_down/LD01_looking_down_take01.mp4,images/LD01_looking_down_take01/win_000_midframe_0045.jpg,correct,,
LD01_looking_down_take01.mp4,LD01_looking_down_take01,looking_down,A1,LD01,1,30,120,1,4,75,2.5,0,0,TRUE,TRUE,8,normal,normal,0,5,9,manual_clip,LD01_looking_down_take01,/home/sagemaker-user/exam_proctoring_dataset/02_clips/looking_down/LD01_looking_down_take01.mp4,images/LD01_looking_down_take01/win_001_midframe_0075.jpg,correct,,
LD01_looking_down_take01.mp4,LD01_looking_down_take01,looking_down,A1,LD01,2,60,150,2,5,105,3.5,0,0,TRUE,TRUE,8,normal,normal,0,5,9,manual_clip,LD01_looking_down_take01,/home/sagemaker-user/exam_proctoring_dataset/02_clips/looking_down/LD01_looking_down_take01.mp4,images/LD01_looking_down_take01/win_002_midframe_0105.jpg,correct,,
LD01_looking_down_take01.mp4,LD01_looking_down_take01,looking_down,A1,LD01,3,90,180,3,6,135,4.5,0,0,TRUE,TRUE,8,normal,normal,0.333333333,5,9,manual_clip,LD01_looking_down_take01,/home/sagemaker-user/exam_proctoring_dataset/02_clips/looking_down/LD01_looking_down_take01.mp4,images/LD01_looking_down_take01/win_003_midframe_0135.jpg,correct,,
LD01_looking_down_take01.mp4,LD01_looking_down_take01,looking_down,A1,LD01,4,120,210,4,7,165,5.5,0,0,TRUE,TRUE,8,looking_down,suspicious,0.666666667,5,9,manual_clip,LD01_looking_down_take01,/home/sagemaker-user/exam_proctoring_dataset/02_clips/looking_down/LD01_looking_down_take01.mp4,images/LD01_looking_down_take01/win_004_midframe_0165.jpg,correct,,
LD01_looking_down_take01.mp4,LD01_looking_down_take01,looking_down,A1,LD01,5,150,240,5,8,195,6.5,0,0,TRUE,TRUE,8,looking_down,suspicious,1,5,9,manual_clip,LD01_looking_down_take01,/home/sagemaker-user/exam_proctoring_dataset/02_clips/looking_down/LD01_looking_down_take01.mp4,images/LD01_looking_down_take01/win_005_midframe_0195.jpg,correct,,
LD01_looking_down_take01.mp4,LD01_looking_down_take01,looking_down,A1,LD01,6,180,270,6,9,225,7.5,0,0,TRUE,TRUE,8,looking_down,suspicious,1,5,9,manual_clip,LD01_looking_down_take01,/home/sagemaker-user/exam_proctoring_dataset/02_clips/looking_down/LD01_looking_down_take01.mp4,images/LD01_looking_down_take01/win_006_midframe_0225.jpg,correct,,
LD01_looking_down_take01.mp4,LD01_looking_down_take01,looking_down,A1,LD01,7,210,300,7,10,255,8.5,0,0,TRUE,TRUE,8,looking_down,suspicious,0.666666667,5,9,manual_clip,LD01_looking_down_take01,/home/sagemaker-user/exam_proctoring_dataset/02_clips/looking_down/LD01_looking_down_take01.mp4,images/LD01_looking_down_take01/win_007_midframe_0255.jpg,correct,,
LD01_looking_down_take02.mp4,LD01_looking_down_take02,looking_down,A2,LD01,0,0,90,0,3,45,1.5,2,2,TRUE,TRUE,8,normal,normal,0,3,9,manual_clip,LD01_looking_down_take02,/home/sagemaker-user/exam_proctoring_dataset/02_clips/looking_down/LD01_looking_down_take02.mp4,images/LD01_looking_down_take02/win_000_midframe_0045.jpg,correct,,
LD01_looking_down_take02.mp4,LD01_looking_down_take02,looking_down,A2,LD01,1,30,120,1,4,75,2.5,2,2,TRUE,TRUE,8,normal,normal,0.333333333,3,9,manual_clip,LD01_looking_down_take02,/home/sagemaker-user/exam_proctoring_dataset/02_clips/looking_down/LD01_looking_down_take02.mp4,images/LD01_looking_down_take02/win_001_midframe_0075.jpg,correct,,
LD01_looking_down_take02.mp4,LD01_looking_down_take02,looking_down,A2,LD01,2,60,150,2,5,105,3.5,2,2,TRUE,TRUE,8,looking_down,suspicious,0.666666667,3,9,manual_clip,LD01_looking_down_take02,/home/sagemaker-user/exam_proctoring_dataset/02_clips/looking_down/LD01_looking_down_take02.mp4,images/LD01_looking_down_take02/win_002_midframe_0105.jpg,correct,,
LD01_looking_down_take02.mp4,LD01_looking_down_take02,looking_down,A2,LD01,3,90,180,3,6,135,4.5,2,2,TRUE,TRUE,8,looking_down,suspicious,1,3,9,manual_clip,LD01_looking_down_take02,/home/sagemaker-user/exam_proctoring_dataset/02_clips/looking_down/LD01_looking_down_take02.mp4,images/LD01_looking_down_take02/win_003_midframe_0135.jpg,correct,,
LD01_looking_down_take02.mp4,LD01_looking_down_take02,looking_down,A2,LD01,4,120,210,4,7,165,5.5,2,2,TRUE,TRUE,8,looking_down,suspicious,1,3,9,manual_clip,LD01_looking_down_take02,/home/sagemaker-user/exam_proctoring_dataset/02_clips/looking_down/LD01_looking_down_take02.mp4,images/LD01_looking_down_take02/win_004_midframe_0165.jpg,correct,,
LD01_looking_down_take02.mp4,LD01_looking_down_take02,looking_down,A2,LD01,5,150,240,5,8,195,6.5,2,2,TRUE,TRUE,8,looking_down,suspicious,1,3,9,manual_clip,LD01_looking_down_take02,/home/sagemaker-user/exam_proctoring_dataset/02_clips/looking_down/LD01_looking_down_take02.mp4,images/LD01_looking_down_take02/win_005_midframe_0195.jpg,correct,,
LD01_looking_down_take02.mp4,LD01_looking_down_take02,looking_down,A2,LD01,6,180,270,6,9,225,7.5,2,2,TRUE,TRUE,8,looking_down,suspicious,1,3,9,manual_clip,LD01_looking_down_take02,/home/sagemaker-user/exam_proctoring_dataset/02_clips/looking_down/LD01_looking_down_take02.mp4,images/LD01_looking_down_take02/win_006_midframe_0225.jpg,correct,,
LD01_looking_down_take02.mp4,LD01_looking_down_take02,looking_down,A2,LD01,7,210,300,7,10,255,8.5,2,2,TRUE,TRUE,8,looking_down,suspicious,0.666666667,3,9,manual_clip,LD01_looking_down_take02,/home/sagemaker-user/exam_proctoring_dataset/02_clips/looking_down/LD01_looking_down_take02.mp4,images/LD01_looking_down_take02/win_007_midframe_0255.jpg,correct,,
LD01_looking_down_take03.mp4,LD01_looking_down_take03,looking_down,A3,LD01,0,0,90,0,3,45,1.5,4,4,TRUE,TRUE,8,normal,normal,0,4,9,manual_clip,LD01_looking_down_take03,/home/sagemaker-user/exam_proctoring_dataset/02_clips/looking_down/LD01_looking_down_take03.mp4,images/LD01_looking_down_take03/win_000_midframe_0045.jpg,correct,,
LD01_looking_down_take03.mp4,LD01_looking_down_take03,looking_down,A3,LD01,1,30,120,1,4,75,2.5,4,4,TRUE,TRUE,8,normal,normal,0,4,9,manual_clip,LD01_looking_down_take03,/home/sagemaker-user/exam_proctoring_dataset/02_clips/looking_down/LD01_looking_down_take03.mp4,images/LD01_looking_down_take03/win_001_midframe_0075.jpg,correct,,
LD01_looking_down_take03.mp4,LD01_looking_down_take03,looking_down,A3,LD01,2,60,150,2,5,105,3.5,4,4,TRUE,TRUE,8,normal,normal,0.333333333,4,9,manual_clip,LD01_looking_down_take03,/home/sagemaker-user/exam_proctoring_dataset/02_clips/looking_down/LD01_looking_down_take03.mp4,images/LD01_looking_down_take03/win_002_midframe_0105.jpg,correct,,
LD01_looking_down_take03.mp4,LD01_looking_down_take03,looking_down,A3,LD01,3,90,180,3,6,135,4.5,4,4,TRUE,TRUE,8,looking_down,suspicious,0.666666667,4,9,manual_clip,LD01_looking_down_take03,/home/sagemaker-user/exam_proctoring_dataset/02_clips/looking_down/LD01_looking_down_take03.mp4,images/LD01_looking_down_take03/win_003_midframe_0135.jpg,correct,,
LD01_looking_down_take03.mp4,LD01_looking_down_take03,looking_down,A3,LD01,4,120,210,4,7,165,5.5,4,4,TRUE,TRUE,8,looking_down,suspicious,1,4,9,manual_clip,LD01_looking_down_take03,/home/sagemaker-user/exam_proctoring_dataset/02_clips/looking_down/LD01_looking_down_take03.mp4,images/LD01_looking_down_take03/win_004_midframe_0165.jpg,correct,,
LD01_looking_down_take03.mp4,LD01_looking_down_take03,looking_down,A3,LD01,5,150,240,5,8,195,6.5,4,4,TRUE,TRUE,8,looking_down,suspicious,1,4,9,manual_clip,LD01_looking_down_take03,/home/sagemaker-user/exam_proctoring_dataset/02_clips/looking_down/LD01_looking_down_take03.mp4,images/LD01_looking_down_take03/win_005_midframe_0195.jpg,correct,,
LD01_looking_down_take03.mp4,LD01_looking_down_take03,looking_down,A3,LD01,6,180,270,6,9,225,7.5,4,4,TRUE,TRUE,8,looking_down,suspicious,1,4,9,manual_clip,LD01_looking_down_take03,/home/sagemaker-user/exam_proctoring_dataset/02_clips/looking_down/LD01_looking_down_take03.mp4,images/LD01_looking_down_take03/win_006_midframe_0225.jpg,correct,,
LD01_looking_down_take03.mp4,LD01_looking_down_take03,looking_down,A3,LD01,7,210,300,7,10,255,8.5,4,4,TRUE,TRUE,8,looking_down,suspicious,0.666666667,4,9,manual_clip,LD01_looking_down_take03,/home/sagemaker-user/exam_proctoring_dataset/02_clips/looking_down/LD01_looking_down_take03.mp4,images/LD01_looking_down_take03/win_007_midframe_0255.jpg,correct,,
LD01_looking_down_take04.mp4,LD01_looking_down_take04,looking_down,A4,LD01,0,0,90,0,3,45,1.5,6,6,TRUE,TRUE,8,normal,normal,0,4,9,manual_clip,LD01_looking_down_take04,/home/sagemaker-user/exam_proctoring_dataset/02_clips/looking_down/LD01_looking_down_take04.mp4,images/LD01_looking_down_take04/win_000_midframe_0045.jpg,correct,,
LD01_looking_down_take04.mp4,LD01_looking_down_take04,looking_down,A4,LD01,1,30,120,1,4,75,2.5,6,6,TRUE,TRUE,8,normal,normal,0,4,9,manual_clip,LD01_looking_down_take04,/home/sagemaker-user/exam_proctoring_dataset/02_clips/looking_down/LD01_looking_down_take04.mp4,images/LD01_looking_down_take04/win_001_midframe_0075.jpg,correct,,
LD01_looking_down_take04.mp4,LD01_looking_down_take04,looking_down,A4,LD01,2,60,150,2,5,105,3.5,6,6,TRUE,TRUE,8,normal,normal,0.333333333,4,9,manual_clip,LD01_looking_down_take04,/home/sagemaker-user/exam_proctoring_dataset/02_clips/looking_down/LD01_looking_down_take04.mp4,images/LD01_looking_down_take04/win_002_midframe_0105.jpg,correct,,
LD01_looking_down_take04.mp4,LD01_looking_down_take04,looking_down,A4,LD01,3,90,180,3,6,135,4.5,6,6,TRUE,TRUE,8,looking_down,suspicious,0.666666667,4,9,manual_clip,LD01_looking_down_take04,/home/sagemaker-user/exam_proctoring_dataset/02_clips/looking_down/LD01_looking_down_take04.mp4,images/LD01_looking_down_take04/win_003_midframe_0135.jpg,correct,,
LD01_looking_down_take04.mp4,LD01_looking_down_take04,looking_down,A4,LD01,4,120,210,4,7,165,5.5,6,6,TRUE,TRUE,8,looking_down,suspicious,1,4,9,manual_clip,LD01_looking_down_take04,/home/sagemaker-user/exam_proctoring_dataset/02_clips/looking_down/LD01_looking_down_take04.mp4,images/LD01_looking_down_take04/win_004_midframe_0165.jpg,correct,,
LD01_looking_down_take04.mp4,LD01_looking_down_take04,looking_down,A4,LD01,5,150,240,5,8,195,6.5,6,6,TRUE,TRUE,8,looking_down,suspicious,1,4,9,manual_clip,LD01_looking_down_take04,/home/sagemaker-user/exam_proctoring_dataset/02_clips/looking_down/LD01_looking_down_take04.mp4,images/LD01_looking_down_take04/win_005_midframe_0195.jpg,correct,,
LD01_looking_down_take04.mp4,LD01_looking_down_take04,looking_down,A4,LD01,6,180,270,6,9,225,7.5,6,6,TRUE,TRUE,8,looking_down,suspicious,1,4,9,manual_clip,LD01_looking_down_take04,/home/sagemaker-user/exam_proctoring_dataset/02_clips/looking_down/LD01_looking_down_take04.mp4,images/LD01_looking_down_take04/win_006_midframe_0225.jpg,correct,,
LD01_looking_down_take04.mp4,LD01_looking_down_take04,looking_down,A4,LD01,7,210,300,7,10,255,8.5,6,6,TRUE,TRUE,8,looking_down,suspicious,0.666666667,4,9,manual_clip,LD01_looking_down_take04,/home/sagemaker-user/exam_proctoring_dataset/02_clips/looking_down/LD01_looking_down_take04.mp4,images/LD01_looking_down_take04/win_007_midframe_0255.jpg,correct,,
LD01_looking_down_take05.mp4,LD01_looking_down_take05,looking_down,B1,LD01,0,0,90,0,3,45,1.5,1,1,TRUE,TRUE,8,normal,normal,0,5,9,manual_clip,LD01_looking_down_take05,/home/sagemaker-user/exam_proctoring_dataset/02_clips/looking_down/LD01_looking_down_take05.mp4,images/LD01_looking_down_take05/win_000_midframe_0045.jpg,correct,,
LD01_looking_down_take05.mp4,LD01_looking_down_take05,looking_down,B1,LD01,1,30,120,1,4,75,2.5,1,1,TRUE,TRUE,8,normal,normal,0,5,9,manual_clip,LD01_looking_down_take05,/home/sagemaker-user/exam_proctoring_dataset/02_clips/looking_down/LD01_looking_down_take05.mp4,images/LD01_looking_down_take05/win_001_midframe_0075.jpg,correct,,
LD01_looking_down_take05.mp4,LD01_looking_down_take05,looking_down,B1,LD01,2,60,150,2,5,105,3.5,1,1,TRUE,TRUE,8,normal,normal,0,5,9,manual_clip,LD01_looking_down_take05,/home/sagemaker-user/exam_proctoring_dataset/02_clips/looking_down/LD01_looking_down_take05.mp4,images/LD01_looking_down_take05/win_002_midframe_0105.jpg,correct,,
LD01_looking_down_take05.mp4,LD01_looking_down_take05,looking_down,B1,LD01,3,90,180,3,6,135,4.5,1,1,TRUE,TRUE,8,normal,normal,0.333333333,5,9,manual_clip,LD01_looking_down_take05,/home/sagemaker-user/exam_proctoring_dataset/02_clips/looking_down/LD01_looking_down_take05.mp4,images/LD01_looking_down_take05/win_003_midframe_0135.jpg,correct,,
LD01_looking_down_take05.mp4,LD01_looking_down_take05,looking_down,B1,LD01,4,120,210,4,7,165,5.5,1,1,TRUE,TRUE,8,looking_down,suspicious,0.666666667,5,9,manual_clip,LD01_looking_down_take05,/home/sagemaker-user/exam_proctoring_dataset/02_clips/looking_down/LD01_looking_down_take05.mp4,images/LD01_looking_down_take05/win_004_midframe_0165.jpg,correct,,
LD01_looking_down_take05.mp4,LD01_looking_down_take05,looking_down,B1,LD01,5,150,240,5,8,195,6.5,1,1,TRUE,TRUE,8,looking_down,suspicious,1,5,9,manual_clip,LD01_looking_down_take05,/home/sagemaker-user/exam_proctoring_dataset/02_clips/looking_down/LD01_looking_down_take05.mp4,images/LD01_looking_down_take05/win_005_midframe_0195.jpg,correct,,
LD01_looking_down_take05.mp4,LD01_looking_down_take05,looking_down,B1,LD01,6,180,270,6,9,225,7.5,1,1,TRUE,TRUE,8,looking_down,suspicious,1,5,9,manual_clip,LD01_looking_down_take05,/home/sagemaker-user/exam_proctoring_dataset/02_clips/looking_down/LD01_looking_down_take05.mp4,images/LD01_looking_down_take05/win_006_midframe_0225.jpg,correct,,
LD01_looking_down_take05.mp4,LD01_looking_down_take05,looking_down,B1,LD01,7,210,300,7,10,255,8.5,1,2,FALSE,TRUE,7,looking_down,suspicious,0.666666667,5,9,manual_clip,LD01_looking_down_take05,/home/sagemaker-user/exam_proctoring_dataset/02_clips/looking_down/LD01_looking_down_take05.mp4,images/LD01_looking_down_take05/win_007_midframe_0255.jpg,exclude,,mismatch
LD01_looking_down_take06.mp4,LD01_looking_down_take06,looking_down,B2,LD01,0,0,90,0,3,45,1.5,3,3,TRUE,TRUE,8,normal,normal,0,3,9,manual_clip,LD01_looking_down_take06,/home/sagemaker-user/exam_proctoring_dataset/02_clips/looking_down/LD01_looking_down_take06.mp4,images/LD01_looking_down_take06/win_000_midframe_0045.jpg,correct,,
LD01_looking_down_take06.mp4,LD01_looking_down_take06,looking_down,B2,LD01,1,30,120,1,4,75,2.5,3,3,TRUE,TRUE,8,normal,normal,0.333333333,3,9,manual_clip,LD01_looking_down_take06,/home/sagemaker-user/exam_proctoring_dataset/02_clips/looking_down/LD01_looking_down_take06.mp4,images/LD01_looking_down_take06/win_001_midframe_0075.jpg,correct,,
LD01_looking_down_take06.mp4,LD01_looking_down_take06,looking_down,B2,LD01,2,60,150,2,5,105,3.5,3,3,TRUE,TRUE,8,looking_down,suspicious,0.666666667,3,9,manual_clip,LD01_looking_down_take06,/home/sagemaker-user/exam_proctoring_dataset/02_clips/looking_down/LD01_looking_down_take06.mp4,images/LD01_looking_down_take06/win_002_midframe_0105.jpg,correct,,
LD01_looking_down_take06.mp4,LD01_looking_down_take06,looking_down,B2,LD01,3,90,180,3,6,135,4.5,3,3,TRUE,TRUE,8,looking_down,suspicious,1,3,9,manual_clip,LD01_looking_down_take06,/home/sagemaker-user/exam_proctoring_dataset/02_clips/looking_down/LD01_looking_down_take06.mp4,images/LD01_looking_down_take06/win_003_midframe_0135.jpg,correct,,
LD01_looking_down_take06.mp4,LD01_looking_down_take06,looking_down,B2,LD01,4,120,210,4,7,165,5.5,3,3,TRUE,TRUE,8,looking_down,suspicious,1,3,9,manual_clip,LD01_looking_down_take06,/home/sagemaker-user/exam_proctoring_dataset/02_clips/looking_down/LD01_looking_down_take06.mp4,images/LD01_looking_down_take06/win_004_midframe_0165.jpg,correct,,
LD01_looking_down_take06.mp4,LD01_looking_down_take06,looking_down,B2,LD01,5,150,240,5,8,195,6.5,3,3,TRUE,TRUE,8,looking_down,suspicious,1,3,9,manual_clip,LD01_looking_down_take06,/home/sagemaker-user/exam_proctoring_dataset/02_clips/looking_down/LD01_looking_down_take06.mp4,images/LD01_looking_down_take06/win_005_midframe_0195.jpg,correct,,
LD01_looking_down_take06.mp4,LD01_looking_down_take06,looking_down,B2,LD01,6,180,270,6,9,225,7.5,3,3,TRUE,TRUE,8,looking_down,suspicious,1,3,9,manual_clip,LD01_looking_down_take06,/home/sagemaker-user/exam_proctoring_dataset/02_clips/looking_down/LD01_looking_down_take06.mp4,images/LD01_looking_down_take06/win_006_midframe_0225.jpg,correct,,
LD01_looking_down_take06.mp4,LD01_looking_down_take06,looking_down,B2,LD01,7,210,300,7,10,255,8.5,3,3,TRUE,TRUE,8,looking_down,suspicious,0.666666667,3,9,manual_clip,LD01_looking_down_take06,/home/sagemaker-user/exam_proctoring_dataset/02_clips/looking_down/LD01_looking_down_take06.mp4,images/LD01_looking_down_take06/win_007_midframe_0255.jpg,correct,,
LD01_looking_down_take07.mp4,LD01_looking_down_take07,looking_down,B3,LD01,0,0,90,0,3,45,1.5,5,5,TRUE,TRUE,8,normal,normal,0,3,9,manual_clip,LD01_looking_down_take07,/home/sagemaker-user/exam_proctoring_dataset/02_clips/looking_down/LD01_looking_down_take07.mp4,images/LD01_looking_down_take07/win_000_midframe_0045.jpg,correct,,
LD01_looking_down_take07.mp4,LD01_looking_down_take07,looking_down,B3,LD01,1,30,120,1,4,75,2.5,5,5,TRUE,TRUE,8,normal,normal,0.333333333,3,9,manual_clip,LD01_looking_down_take07,/home/sagemaker-user/exam_proctoring_dataset/02_clips/looking_down/LD01_looking_down_take07.mp4,images/LD01_looking_down_take07/win_001_midframe_0075.jpg,correct,,
LD01_looking_down_take07.mp4,LD01_looking_down_take07,looking_down,B3,LD01,2,60,150,2,5,105,3.5,5,5,TRUE,TRUE,8,looking_down,suspicious,0.666666667,3,9,manual_clip,LD01_looking_down_take07,/home/sagemaker-user/exam_proctoring_dataset/02_clips/looking_down/LD01_looking_down_take07.mp4,images/LD01_looking_down_take07/win_002_midframe_0105.jpg,correct,,
LD01_looking_down_take07.mp4,LD01_looking_down_take07,looking_down,B3,LD01,3,90,180,3,6,135,4.5,5,5,TRUE,TRUE,8,looking_down,suspicious,1,3,9,manual_clip,LD01_looking_down_take07,/home/sagemaker-user/exam_proctoring_dataset/02_clips/looking_down/LD01_looking_down_take07.mp4,images/LD01_looking_down_take07/win_003_midframe_0135.jpg,correct,,
LD01_looking_down_take07.mp4,LD01_looking_down_take07,looking_down,B3,LD01,4,120,210,4,7,165,5.5,5,5,TRUE,TRUE,8,looking_down,suspicious,1,3,9,manual_clip,LD01_looking_down_take07,/home/sagemaker-user/exam_proctoring_dataset/02_clips/looking_down/LD01_looking_down_take07.mp4,images/LD01_looking_down_take07/win_004_midframe_0165.jpg,correct,,
LD01_looking_down_take07.mp4,LD01_looking_down_take07,looking_down,B3,LD01,5,150,240,5,8,195,6.5,5,5,TRUE,TRUE,8,looking_down,suspicious,1,3,9,manual_clip,LD01_looking_down_take07,/home/sagemaker-user/exam_proctoring_dataset/02_clips/looking_down/LD01_looking_down_take07.mp4,images/LD01_looking_down_take07/win_005_midframe_0195.jpg,correct,,
LD01_looking_down_take07.mp4,LD01_looking_down_take07,looking_down,B3,LD01,6,180,270,6,9,225,7.5,5,5,TRUE,TRUE,8,looking_down,suspicious,1,3,9,manual_clip,LD01_looking_down_take07,/home/sagemaker-user/exam_proctoring_dataset/02_clips/looking_down/LD01_looking_down_take07.mp4,images/LD01_looking_down_take07/win_006_midframe_0225.jpg,correct,,
LD01_looking_down_take07.mp4,LD01_looking_down_take07,looking_down,B3,LD01,7,210,300,7,10,255,8.5,5,5,TRUE,TRUE,8,looking_down,suspicious,0.666666667,3,9,manual_clip,LD01_looking_down_take07,/home/sagemaker-user/exam_proctoring_dataset/02_clips/looking_down/LD01_looking_down_take07.mp4,images/LD01_looking_down_take07/win_007_midframe_0255.jpg,correct,,
LD02_looking_down_take01.mp4,LD02_looking_down_take01,looking_down,A1,LD02,0,0,90,0,3,45,1.5,0,0,TRUE,TRUE,8,normal,normal,0,4,8,manual_clip,LD02_looking_down_take01,/home/sagemaker-user/exam_proctoring_dataset/02_clips/looking_down/LD02_looking_down_take01.mp4,images/LD02_looking_down_take01/win_000_midframe_0045.jpg,correct,,
LD02_looking_down_take01.mp4,LD02_looking_down_take01,looking_down,A1,LD02,1,30,120,1,4,75,2.5,0,0,TRUE,TRUE,8,normal,normal,0,4,8,manual_clip,LD02_looking_down_take01,/home/sagemaker-user/exam_proctoring_dataset/02_clips/looking_down/LD02_looking_down_take01.mp4,images/LD02_looking_down_take01/win_001_midframe_0075.jpg,correct,,
LD02_looking_down_take01.mp4,LD02_looking_down_take01,looking_down,A1,LD02,2,60,150,2,5,105,3.5,0,0,TRUE,TRUE,8,normal,normal,0.333333333,4,8,manual_clip,LD02_looking_down_take01,/home/sagemaker-user/exam_proctoring_dataset/02_clips/looking_down/LD02_looking_down_take01.mp4,images/LD02_looking_down_take01/win_002_midframe_0105.jpg,correct,,
LD02_looking_down_take01.mp4,LD02_looking_down_take01,looking_down,A1,LD02,3,90,180,3,6,135,4.5,0,0,TRUE,TRUE,8,looking_down,suspicious,0.666666667,4,8,manual_clip,LD02_looking_down_take01,/home/sagemaker-user/exam_proctoring_dataset/02_clips/looking_down/LD02_looking_down_take01.mp4,images/LD02_looking_down_take01/win_003_midframe_0135.jpg,correct,,
LD02_looking_down_take01.mp4,LD02_looking_down_take01,looking_down,A1,LD02,4,120,210,4,7,165,5.5,0,0,TRUE,TRUE,8,looking_down,suspicious,1,4,8,manual_clip,LD02_looking_down_take01,/home/sagemaker-user/exam_proctoring_dataset/02_clips/looking_down/LD02_looking_down_take01.mp4,images/LD02_looking_down_take01/win_004_midframe_0165.jpg,correct,,
LD02_looking_down_take01.mp4,LD02_looking_down_take01,looking_down,A1,LD02,5,150,240,5,8,195,6.5,0,0,TRUE,TRUE,8,looking_down,suspicious,1,4,8,manual_clip,LD02_looking_down_take01,/home/sagemaker-user/exam_proctoring_dataset/02_clips/looking_down/LD02_looking_down_take01.mp4,images/LD02_looking_down_take01/win_005_midframe_0195.jpg,correct,,
LD02_looking_down_take01.mp4,LD02_looking_down_take01,looking_down,A1,LD02,6,180,270,6,9,225,7.5,0,0,TRUE,TRUE,8,looking_down,suspicious,0.666666667,4,8,manual_clip,LD02_looking_down_take01,/home/sagemaker-user/exam_proctoring_dataset/02_clips/looking_down/LD02_looking_down_take01.mp4,images/LD02_looking_down_take01/win_006_midframe_0225.jpg,correct,,
LD02_looking_down_take01.mp4,LD02_looking_down_take01,looking_down,A1,LD02,7,210,300,7,10,255,8.5,0,0,TRUE,TRUE,8,normal,normal,0.333333333,4,8,manual_clip,LD02_looking_down_take01,/home/sagemaker-user/exam_proctoring_dataset/02_clips/looking_down/LD02_looking_down_take01.mp4,images/LD02_looking_down_take01/win_007_midframe_0255.jpg,correct,,
LD02_looking_down_take02.mp4,LD02_looking_down_take02,looking_down,A2,LD02,0,0,90,0,3,45,1.5,2,2,TRUE,TRUE,8,normal,normal,0,3,9,manual_clip,LD02_looking_down_take02,/home/sagemaker-user/exam_proctoring_dataset/02_clips/looking_down/LD02_looking_down_take02.mp4,images/LD02_looking_down_take02/win_000_midframe_0045.jpg,correct,,
LD02_looking_down_take02.mp4,LD02_looking_down_take02,looking_down,A2,LD02,1,30,120,1,4,75,2.5,2,2,TRUE,TRUE,8,normal,normal,0.333333333,3,9,manual_clip,LD02_looking_down_take02,/home/sagemaker-user/exam_proctoring_dataset/02_clips/looking_down/LD02_looking_down_take02.mp4,images/LD02_looking_down_take02/win_001_midframe_0075.jpg,correct,,
LD02_looking_down_take02.mp4,LD02_looking_down_take02,looking_down,A2,LD02,2,60,150,2,5,105,3.5,2,2,TRUE,TRUE,8,looking_down,suspicious,0.666666667,3,9,manual_clip,LD02_looking_down_take02,/home/sagemaker-user/exam_proctoring_dataset/02_clips/looking_down/LD02_looking_down_take02.mp4,images/LD02_looking_down_take02/win_002_midframe_0105.jpg,correct,,
LD02_looking_down_take02.mp4,LD02_looking_down_take02,looking_down,A2,LD02,3,90,180,3,6,135,4.5,2,2,TRUE,TRUE,6,looking_down,suspicious,1,3,9,manual_clip,LD02_looking_down_take02,/home/sagemaker-user/exam_proctoring_dataset/02_clips/looking_down/LD02_looking_down_take02.mp4,images/LD02_looking_down_take02/win_003_midframe_0135.jpg,exclude,A2,"it should be A2 , but in image its selected A3 "
LD02_looking_down_take02.mp4,LD02_looking_down_take02,looking_down,A2,LD02,4,120,210,4,7,165,5.5,2,2,TRUE,TRUE,8,looking_down,suspicious,1,3,9,manual_clip,LD02_looking_down_take02,/home/sagemaker-user/exam_proctoring_dataset/02_clips/looking_down/LD02_looking_down_take02.mp4,images/LD02_looking_down_take02/win_004_midframe_0165.jpg,correct,,
LD02_looking_down_take02.mp4,LD02_looking_down_take02,looking_down,A2,LD02,5,150,240,5,8,195,6.5,2,2,TRUE,TRUE,7,looking_down,suspicious,1,3,9,manual_clip,LD02_looking_down_take02,/home/sagemaker-user/exam_proctoring_dataset/02_clips/looking_down/LD02_looking_down_take02.mp4,images/LD02_looking_down_take02/win_005_midframe_0195.jpg,correct,,
LD02_looking_down_take02.mp4,LD02_looking_down_take02,looking_down,A2,LD02,6,180,270,6,9,225,7.5,2,2,TRUE,TRUE,8,looking_down,suspicious,1,3,9,manual_clip,LD02_looking_down_take02,/home/sagemaker-user/exam_proctoring_dataset/02_clips/looking_down/LD02_looking_down_take02.mp4,images/LD02_looking_down_take02/win_006_midframe_0225.jpg,correct,,
LD02_looking_down_take02.mp4,LD02_looking_down_take02,looking_down,A2,LD02,7,210,300,7,10,255,8.5,2,2,TRUE,TRUE,8,looking_down,suspicious,0.666666667,3,9,manual_clip,LD02_looking_down_take02,/home/sagemaker-user/exam_proctoring_dataset/02_clips/looking_down/LD02_looking_down_take02.mp4,images/LD02_looking_down_take02/win_007_midframe_0255.jpg,correct,,
LD02_looking_down_take03.mp4,LD02_looking_down_take03,looking_down,A3,LD02,0,0,90,0,3,45,1.5,4,4,TRUE,TRUE,8,normal,normal,0,4,8,manual_clip,LD02_looking_down_take03,/home/sagemaker-user/exam_proctoring_dataset/02_clips/looking_down/LD02_looking_down_take03.mp4,images/LD02_looking_down_take03/win_000_midframe_0045.jpg,correct,,
LD02_looking_down_take03.mp4,LD02_looking_down_take03,looking_down,A3,LD02,1,30,120,1,4,75,2.5,4,4,TRUE,TRUE,8,normal,normal,0,4,8,manual_clip,LD02_looking_down_take03,/home/sagemaker-user/exam_proctoring_dataset/02_clips/looking_down/LD02_looking_down_take03.mp4,images/LD02_looking_down_take03/win_001_midframe_0075.jpg,correct,,
LD02_looking_down_take03.mp4,LD02_looking_down_take03,looking_down,A3,LD02,2,60,150,2,5,105,3.5,4,4,TRUE,TRUE,8,normal,normal,0.333333333,4,8,manual_clip,LD02_looking_down_take03,/home/sagemaker-user/exam_proctoring_dataset/02_clips/looking_down/LD02_looking_down_take03.mp4,images/LD02_looking_down_take03/win_002_midframe_0105.jpg,correct,,
LD02_looking_down_take03.mp4,LD02_looking_down_take03,looking_down,A3,LD02,3,90,180,3,6,135,4.5,4,4,TRUE,TRUE,8,looking_down,suspicious,0.666666667,4,8,manual_clip,LD02_looking_down_take03,/home/sagemaker-user/exam_proctoring_dataset/02_clips/looking_down/LD02_looking_down_take03.mp4,images/LD02_looking_down_take03/win_003_midframe_0135.jpg,correct,,
LD02_looking_down_take03.mp4,LD02_looking_down_take03,looking_down,A3,LD02,4,120,210,4,7,165,5.5,4,4,TRUE,TRUE,8,looking_down,suspicious,1,4,8,manual_clip,LD02_looking_down_take03,/home/sagemaker-user/exam_proctoring_dataset/02_clips/looking_down/LD02_looking_down_take03.mp4,images/LD02_looking_down_take03/win_004_midframe_0165.jpg,correct,,
LD02_looking_down_take03.mp4,LD02_looking_down_take03,looking_down,A3,LD02,5,150,240,5,8,195,6.5,4,4,TRUE,TRUE,8,looking_down,suspicious,1,4,8,manual_clip,LD02_looking_down_take03,/home/sagemaker-user/exam_proctoring_dataset/02_clips/looking_down/LD02_looking_down_take03.mp4,images/LD02_looking_down_take03/win_005_midframe_0195.jpg,correct,,
LD02_looking_down_take03.mp4,LD02_looking_down_take03,looking_down,A3,LD02,6,180,270,6,9,225,7.5,4,4,TRUE,TRUE,8,looking_down,suspicious,0.666666667,4,8,manual_clip,LD02_looking_down_take03,/home/sagemaker-user/exam_proctoring_dataset/02_clips/looking_down/LD02_looking_down_take03.mp4,images/LD02_looking_down_take03/win_006_midframe_0225.jpg,correct,,
LD02_looking_down_take03.mp4,LD02_looking_down_take03,looking_down,A3,LD02,7,210,300,7,10,255,8.5,4,4,TRUE,TRUE,8,normal,normal,0.333333333,4,8,manual_clip,LD02_looking_down_take03,/home/sagemaker-user/exam_proctoring_dataset/02_clips/looking_down/LD02_looking_down_take03.mp4,images/LD02_looking_down_take03/win_007_midframe_0255.jpg,correct,,
LD02_looking_down_take04.mp4,LD02_looking_down_take04,looking_down,A4,LD02,0,0,90,0,3,45,1.5,6,6,TRUE,TRUE,8,normal,normal,0,3,8,manual_clip,LD02_looking_down_take04,/home/sagemaker-user/exam_proctoring_dataset/02_clips/looking_down/LD02_looking_down_take04.mp4,images/LD02_looking_down_take04/win_000_midframe_0045.jpg,correct,,
LD02_looking_down_take04.mp4,LD02_looking_down_take04,looking_down,A4,LD02,1,30,120,1,4,75,2.5,6,6,TRUE,TRUE,8,normal,normal,0.333333333,3,8,manual_clip,LD02_looking_down_take04,/home/sagemaker-user/exam_proctoring_dataset/02_clips/looking_down/LD02_looking_down_take04.mp4,images/LD02_looking_down_take04/win_001_midframe_0075.jpg,correct,,
LD02_looking_down_take04.mp4,LD02_looking_down_take04,looking_down,A4,LD02,2,60,150,2,5,105,3.5,6,6,TRUE,TRUE,8,looking_down,suspicious,0.666666667,3,8,manual_clip,LD02_looking_down_take04,/home/sagemaker-user/exam_proctoring_dataset/02_clips/looking_down/LD02_looking_down_take04.mp4,images/LD02_looking_down_take04/win_002_midframe_0105.jpg,correct,,
LD02_looking_down_take04.mp4,LD02_looking_down_take04,looking_down,A4,LD02,3,90,180,3,6,135,4.5,6,6,TRUE,TRUE,8,looking_down,suspicious,1,3,8,manual_clip,LD02_looking_down_take04,/home/sagemaker-user/exam_proctoring_dataset/02_clips/looking_down/LD02_looking_down_take04.mp4,images/LD02_looking_down_take04/win_003_midframe_0135.jpg,correct,,
LD02_looking_down_take04.mp4,LD02_looking_down_take04,looking_down,A4,LD02,4,120,210,4,7,165,5.5,6,6,TRUE,TRUE,8,looking_down,suspicious,1,3,8,manual_clip,LD02_looking_down_take04,/home/sagemaker-user/exam_proctoring_dataset/02_clips/looking_down/LD02_looking_down_take04.mp4,images/LD02_looking_down_take04/win_004_midframe_0165.jpg,correct,,
LD02_looking_down_take04.mp4,LD02_looking_down_take04,looking_down,A4,LD02,5,150,240,5,8,195,6.5,6,6,TRUE,TRUE,8,looking_down,suspicious,1,3,8,manual_clip,LD02_looking_down_take04,/home/sagemaker-user/exam_proctoring_dataset/02_clips/looking_down/LD02_looking_down_take04.mp4,images/LD02_looking_down_take04/win_005_midframe_0195.jpg,correct,,
LD02_looking_down_take04.mp4,LD02_looking_down_take04,looking_down,A4,LD02,6,180,270,6,9,225,7.5,6,6,TRUE,TRUE,8,looking_down,suspicious,0.666666667,3,8,manual_clip,LD02_looking_down_take04,/home/sagemaker-user/exam_proctoring_dataset/02_clips/looking_down/LD02_looking_down_take04.mp4,images/LD02_looking_down_take04/win_006_midframe_0225.jpg,correct,,
LD02_looking_down_take04.mp4,LD02_looking_down_take04,looking_down,A4,LD02,7,210,300,7,10,255,8.5,6,6,TRUE,TRUE,8,normal,normal,0.333333333,3,8,manual_clip,LD02_looking_down_take04,/home/sagemaker-user/exam_proctoring_dataset/02_clips/looking_down/LD02_looking_down_take04.mp4,images/LD02_looking_down_take04/win_007_midframe_0255.jpg,correct,,
LD02_looking_down_take05.mp4,LD02_looking_down_take05,looking_down,B1,LD02,0,0,90,0,3,45,1.5,1,1,TRUE,TRUE,8,normal,normal,0,3,8,manual_clip,LD02_looking_down_take05,/home/sagemaker-user/exam_proctoring_dataset/02_clips/looking_down/LD02_looking_down_take05.mp4,images/LD02_looking_down_take05/win_000_midframe_0045.jpg,correct,,
LD02_looking_down_take05.mp4,LD02_looking_down_take05,looking_down,B1,LD02,1,30,120,1,4,75,2.5,1,1,TRUE,TRUE,8,normal,normal,0.333333333,3,8,manual_clip,LD02_looking_down_take05,/home/sagemaker-user/exam_proctoring_dataset/02_clips/looking_down/LD02_looking_down_take05.mp4,images/LD02_looking_down_take05/win_001_midframe_0075.jpg,correct,,
LD02_looking_down_take05.mp4,LD02_looking_down_take05,looking_down,B1,LD02,2,60,150,2,5,105,3.5,1,1,TRUE,TRUE,8,looking_down,suspicious,0.666666667,3,8,manual_clip,LD02_looking_down_take05,/home/sagemaker-user/exam_proctoring_dataset/02_clips/looking_down/LD02_looking_down_take05.mp4,images/LD02_looking_down_take05/win_002_midframe_0105.jpg,correct,,
LD02_looking_down_take05.mp4,LD02_looking_down_take05,looking_down,B1,LD02,3,90,180,3,6,135,4.5,1,1,TRUE,TRUE,8,looking_down,suspicious,1,3,8,manual_clip,LD02_looking_down_take05,/home/sagemaker-user/exam_proctoring_dataset/02_clips/looking_down/LD02_looking_down_take05.mp4,images/LD02_looking_down_take05/win_003_midframe_0135.jpg,correct,,
LD02_looking_down_take05.mp4,LD02_looking_down_take05,looking_down,B1,LD02,4,120,210,4,7,165,5.5,1,1,TRUE,TRUE,8,looking_down,suspicious,1,3,8,manual_clip,LD02_looking_down_take05,/home/sagemaker-user/exam_proctoring_dataset/02_clips/looking_down/LD02_looking_down_take05.mp4,images/LD02_looking_down_take05/win_004_midframe_0165.jpg,correct,,
LD02_looking_down_take05.mp4,LD02_looking_down_take05,looking_down,B1,LD02,5,150,240,5,8,195,6.5,1,1,TRUE,TRUE,8,looking_down,suspicious,1,3,8,manual_clip,LD02_looking_down_take05,/home/sagemaker-user/exam_proctoring_dataset/02_clips/looking_down/LD02_looking_down_take05.mp4,images/LD02_looking_down_take05/win_005_midframe_0195.jpg,correct,,
LD02_looking_down_take05.mp4,LD02_looking_down_take05,looking_down,B1,LD02,6,180,270,6,9,225,7.5,1,1,TRUE,TRUE,8,looking_down,suspicious,0.666666667,3,8,manual_clip,LD02_looking_down_take05,/home/sagemaker-user/exam_proctoring_dataset/02_clips/looking_down/LD02_looking_down_take05.mp4,images/LD02_looking_down_take05/win_006_midframe_0225.jpg,correct,,
LD02_looking_down_take05.mp4,LD02_looking_down_take05,looking_down,B1,LD02,7,210,300,7,10,255,8.5,1,1,TRUE,TRUE,8,normal,normal,0.333333333,3,8,manual_clip,LD02_looking_down_take05,/home/sagemaker-user/exam_proctoring_dataset/02_clips/looking_down/LD02_looking_down_take05.mp4,images/LD02_looking_down_take05/win_007_midframe_0255.jpg,correct,,
LD02_looking_down_take06.mp4,LD02_looking_down_take06,looking_down,B2,LD02,0,0,90,0,3,45,1.5,3,3,TRUE,TRUE,8,normal,normal,0,4,9,manual_clip,LD02_looking_down_take06,/home/sagemaker-user/exam_proctoring_dataset/02_clips/looking_down/LD02_looking_down_take06.mp4,images/LD02_looking_down_take06/win_000_midframe_0045.jpg,correct,,
LD02_looking_down_take06.mp4,LD02_looking_down_take06,looking_down,B2,LD02,1,30,120,1,4,75,2.5,3,3,TRUE,TRUE,8,normal,normal,0,4,9,manual_clip,LD02_looking_down_take06,/home/sagemaker-user/exam_proctoring_dataset/02_clips/looking_down/LD02_looking_down_take06.mp4,images/LD02_looking_down_take06/win_001_midframe_0075.jpg,correct,,
LD02_looking_down_take06.mp4,LD02_looking_down_take06,looking_down,B2,LD02,2,60,150,2,5,105,3.5,3,3,TRUE,TRUE,8,normal,normal,0.333333333,4,9,manual_clip,LD02_looking_down_take06,/home/sagemaker-user/exam_proctoring_dataset/02_clips/looking_down/LD02_looking_down_take06.mp4,images/LD02_looking_down_take06/win_002_midframe_0105.jpg,correct,,
LD02_looking_down_take06.mp4,LD02_looking_down_take06,looking_down,B2,LD02,3,90,180,3,6,135,4.5,3,3,TRUE,TRUE,8,looking_down,suspicious,0.666666667,4,9,manual_clip,LD02_looking_down_take06,/home/sagemaker-user/exam_proctoring_dataset/02_clips/looking_down/LD02_looking_down_take06.mp4,images/LD02_looking_down_take06/win_003_midframe_0135.jpg,correct,,
LD02_looking_down_take06.mp4,LD02_looking_down_take06,looking_down,B2,LD02,4,120,210,4,7,165,5.5,3,3,TRUE,TRUE,8,looking_down,suspicious,1,4,9,manual_clip,LD02_looking_down_take06,/home/sagemaker-user/exam_proctoring_dataset/02_clips/looking_down/LD02_looking_down_take06.mp4,images/LD02_looking_down_take06/win_004_midframe_0165.jpg,correct,,
LD02_looking_down_take06.mp4,LD02_looking_down_take06,looking_down,B2,LD02,5,150,240,5,8,195,6.5,3,3,TRUE,TRUE,8,looking_down,suspicious,1,4,9,manual_clip,LD02_looking_down_take06,/home/sagemaker-user/exam_proctoring_dataset/02_clips/looking_down/LD02_looking_down_take06.mp4,images/LD02_looking_down_take06/win_005_midframe_0195.jpg,correct,,
LD02_looking_down_take06.mp4,LD02_looking_down_take06,looking_down,B2,LD02,6,180,270,6,9,225,7.5,3,3,TRUE,TRUE,8,looking_down,suspicious,1,4,9,manual_clip,LD02_looking_down_take06,/home/sagemaker-user/exam_proctoring_dataset/02_clips/looking_down/LD02_looking_down_take06.mp4,images/LD02_looking_down_take06/win_006_midframe_0225.jpg,correct,,
LD02_looking_down_take06.mp4,LD02_looking_down_take06,looking_down,B2,LD02,7,210,300,7,10,255,8.5,3,3,TRUE,TRUE,8,looking_down,suspicious,0.666666667,4,9,manual_clip,LD02_looking_down_take06,/home/sagemaker-user/exam_proctoring_dataset/02_clips/looking_down/LD02_looking_down_take06.mp4,images/LD02_looking_down_take06/win_007_midframe_0255.jpg,correct,,
LD02_looking_down_take08.mp4,LD02_looking_down_take08,looking_down,B4,LD02,0,0,90,0,3,45,1.5,7,7,TRUE,TRUE,8,normal,normal,0,3,8,manual_clip,LD02_looking_down_take08,/home/sagemaker-user/exam_proctoring_dataset/02_clips/looking_down/LD02_looking_down_take08.mp4,images/LD02_looking_down_take08/win_000_midframe_0045.jpg,correct,,
LD02_looking_down_take08.mp4,LD02_looking_down_take08,looking_down,B4,LD02,1,30,120,1,4,75,2.5,7,7,TRUE,TRUE,8,normal,normal,0.333333333,3,8,manual_clip,LD02_looking_down_take08,/home/sagemaker-user/exam_proctoring_dataset/02_clips/looking_down/LD02_looking_down_take08.mp4,images/LD02_looking_down_take08/win_001_midframe_0075.jpg,correct,,
LD02_looking_down_take08.mp4,LD02_looking_down_take08,looking_down,B4,LD02,2,60,150,2,5,105,3.5,7,7,TRUE,TRUE,8,looking_down,suspicious,0.666666667,3,8,manual_clip,LD02_looking_down_take08,/home/sagemaker-user/exam_proctoring_dataset/02_clips/looking_down/LD02_looking_down_take08.mp4,images/LD02_looking_down_take08/win_002_midframe_0105.jpg,correct,,
LD02_looking_down_take08.mp4,LD02_looking_down_take08,looking_down,B4,LD02,3,90,180,3,6,135,4.5,7,7,TRUE,TRUE,8,looking_down,suspicious,1,3,8,manual_clip,LD02_looking_down_take08,/home/sagemaker-user/exam_proctoring_dataset/02_clips/looking_down/LD02_looking_down_take08.mp4,images/LD02_looking_down_take08/win_003_midframe_0135.jpg,correct,,
LD02_looking_down_take08.mp4,LD02_looking_down_take08,looking_down,B4,LD02,4,120,210,4,7,165,5.5,7,7,TRUE,TRUE,8,looking_down,suspicious,1,3,8,manual_clip,LD02_looking_down_take08,/home/sagemaker-user/exam_proctoring_dataset/02_clips/looking_down/LD02_looking_down_take08.mp4,images/LD02_looking_down_take08/win_004_midframe_0165.jpg,correct,,
LD02_looking_down_take08.mp4,LD02_looking_down_take08,looking_down,B4,LD02,5,150,240,5,8,195,6.5,7,7,TRUE,TRUE,8,looking_down,suspicious,1,3,8,manual_clip,LD02_looking_down_take08,/home/sagemaker-user/exam_proctoring_dataset/02_clips/looking_down/LD02_looking_down_take08.mp4,images/LD02_looking_down_take08/win_005_midframe_0195.jpg,correct,,
LD02_looking_down_take08.mp4,LD02_looking_down_take08,looking_down,B4,LD02,6,180,270,6,9,225,7.5,7,7,TRUE,TRUE,8,looking_down,suspicious,0.666666667,3,8,manual_clip,LD02_looking_down_take08,/home/sagemaker-user/exam_proctoring_dataset/02_clips/looking_down/LD02_looking_down_take08.mp4,images/LD02_looking_down_take08/win_006_midframe_0225.jpg,correct,,
LD02_looking_down_take08.mp4,LD02_looking_down_take08,looking_down,B4,LD02,7,210,300,7,10,255,8.5,7,7,TRUE,TRUE,8,normal,normal,0.333333333,3,8,manual_clip,LD02_looking_down_take08,/home/sagemaker-user/exam_proctoring_dataset/02_clips/looking_down/LD02_looking_down_take08.mp4,images/LD02_looking_down_take08/win_007_midframe_0255.jpg,correct,,
LD03_looking_down_take01.mp4,LD03_looking_down_take01,looking_down,A1,LD03,0,0,90,0,3,45,1.5,0,0,TRUE,TRUE,8,normal,normal,0,4,8,manual_clip,LD03_looking_down_take01,/home/sagemaker-user/exam_proctoring_dataset/02_clips/looking_down/LD03_looking_down_take01.mp4,images/LD03_looking_down_take01/win_000_midframe_0045.jpg,correct,,
LD03_looking_down_take01.mp4,LD03_looking_down_take01,looking_down,A1,LD03,1,30,120,1,4,75,2.5,0,0,TRUE,TRUE,8,normal,normal,0,4,8,manual_clip,LD03_looking_down_take01,/home/sagemaker-user/exam_proctoring_dataset/02_clips/looking_down/LD03_looking_down_take01.mp4,images/LD03_looking_down_take01/win_001_midframe_0075.jpg,correct,,
LD03_looking_down_take01.mp4,LD03_looking_down_take01,looking_down,A1,LD03,2,60,150,2,5,105,3.5,0,0,TRUE,TRUE,7,normal,normal,0.333333333,4,8,manual_clip,LD03_looking_down_take01,/home/sagemaker-user/exam_proctoring_dataset/02_clips/looking_down/LD03_looking_down_take01.mp4,images/LD03_looking_down_take01/win_002_midframe_0105.jpg,correct,,
LD03_looking_down_take01.mp4,LD03_looking_down_take01,looking_down,A1,LD03,3,90,180,3,6,135,4.5,0,0,TRUE,TRUE,7,looking_down,suspicious,0.666666667,4,8,manual_clip,LD03_looking_down_take01,/home/sagemaker-user/exam_proctoring_dataset/02_clips/looking_down/LD03_looking_down_take01.mp4,images/LD03_looking_down_take01/win_003_midframe_0135.jpg,correct,,
LD03_looking_down_take01.mp4,LD03_looking_down_take01,looking_down,A1,LD03,4,120,210,4,7,165,5.5,0,0,TRUE,TRUE,8,looking_down,suspicious,1,4,8,manual_clip,LD03_looking_down_take01,/home/sagemaker-user/exam_proctoring_dataset/02_clips/looking_down/LD03_looking_down_take01.mp4,images/LD03_looking_down_take01/win_004_midframe_0165.jpg,correct,,
LD03_looking_down_take01.mp4,LD03_looking_down_take01,looking_down,A1,LD03,5,150,240,5,8,195,6.5,0,0,TRUE,TRUE,8,looking_down,suspicious,1,4,8,manual_clip,LD03_looking_down_take01,/home/sagemaker-user/exam_proctoring_dataset/02_clips/looking_down/LD03_looking_down_take01.mp4,images/LD03_looking_down_take01/win_005_midframe_0195.jpg,correct,,
LD03_looking_down_take01.mp4,LD03_looking_down_take01,looking_down,A1,LD03,6,180,270,6,9,225,7.5,0,0,TRUE,TRUE,8,looking_down,suspicious,0.666666667,4,8,manual_clip,LD03_looking_down_take01,/home/sagemaker-user/exam_proctoring_dataset/02_clips/looking_down/LD03_looking_down_take01.mp4,images/LD03_looking_down_take01/win_006_midframe_0225.jpg,correct,,
LD03_looking_down_take01.mp4,LD03_looking_down_take01,looking_down,A1,LD03,7,210,300,7,10,255,8.5,0,0,TRUE,TRUE,8,normal,normal,0.333333333,4,8,manual_clip,LD03_looking_down_take01,/home/sagemaker-user/exam_proctoring_dataset/02_clips/looking_down/LD03_looking_down_take01.mp4,images/LD03_looking_down_take01/win_007_midframe_0255.jpg,correct,,
LD03_looking_down_take03.mp4,LD03_looking_down_take03,looking_down,A3,LD03,0,0,90,0,3,45,1.5,4,4,TRUE,TRUE,8,normal,normal,0,4,9,manual_clip,LD03_looking_down_take03,/home/sagemaker-user/exam_proctoring_dataset/02_clips/looking_down/LD03_looking_down_take03.mp4,images/LD03_looking_down_take03/win_000_midframe_0045.jpg,correct,,
LD03_looking_down_take03.mp4,LD03_looking_down_take03,looking_down,A3,LD03,1,30,120,1,4,75,2.5,4,4,TRUE,TRUE,8,normal,normal,0,4,9,manual_clip,LD03_looking_down_take03,/home/sagemaker-user/exam_proctoring_dataset/02_clips/looking_down/LD03_looking_down_take03.mp4,images/LD03_looking_down_take03/win_001_midframe_0075.jpg,correct,,
LD03_looking_down_take03.mp4,LD03_looking_down_take03,looking_down,A3,LD03,2,60,150,2,5,105,3.5,4,4,TRUE,TRUE,8,normal,normal,0.333333333,4,9,manual_clip,LD03_looking_down_take03,/home/sagemaker-user/exam_proctoring_dataset/02_clips/looking_down/LD03_looking_down_take03.mp4,images/LD03_looking_down_take03/win_002_midframe_0105.jpg,correct,,
LD03_looking_down_take03.mp4,LD03_looking_down_take03,looking_down,A3,LD03,3,90,180,3,6,135,4.5,4,4,TRUE,TRUE,8,looking_down,suspicious,0.666666667,4,9,manual_clip,LD03_looking_down_take03,/home/sagemaker-user/exam_proctoring_dataset/02_clips/looking_down/LD03_looking_down_take03.mp4,images/LD03_looking_down_take03/win_003_midframe_0135.jpg,correct,,
LD03_looking_down_take03.mp4,LD03_looking_down_take03,looking_down,A3,LD03,4,120,210,4,7,165,5.5,4,4,TRUE,TRUE,8,looking_down,suspicious,1,4,9,manual_clip,LD03_looking_down_take03,/home/sagemaker-user/exam_proctoring_dataset/02_clips/looking_down/LD03_looking_down_take03.mp4,images/LD03_looking_down_take03/win_004_midframe_0165.jpg,correct,,
LD03_looking_down_take03.mp4,LD03_looking_down_take03,looking_down,A3,LD03,5,150,240,5,8,195,6.5,4,4,TRUE,TRUE,8,looking_down,suspicious,1,4,9,manual_clip,LD03_looking_down_take03,/home/sagemaker-user/exam_proctoring_dataset/02_clips/looking_down/LD03_looking_down_take03.mp4,images/LD03_looking_down_take03/win_005_midframe_0195.jpg,correct,,
LD03_looking_down_take03.mp4,LD03_looking_down_take03,looking_down,A3,LD03,6,180,270,6,9,225,7.5,4,4,TRUE,TRUE,8,looking_down,suspicious,1,4,9,manual_clip,LD03_looking_down_take03,/home/sagemaker-user/exam_proctoring_dataset/02_clips/looking_down/LD03_looking_down_take03.mp4,images/LD03_looking_down_take03/win_006_midframe_0225.jpg,correct,,
LD03_looking_down_take03.mp4,LD03_looking_down_take03,looking_down,A3,LD03,7,210,300,7,10,255,8.5,4,4,TRUE,TRUE,8,looking_down,suspicious,0.666666667,4,9,manual_clip,LD03_looking_down_take03,/home/sagemaker-user/exam_proctoring_dataset/02_clips/looking_down/LD03_looking_down_take03.mp4,images/LD03_looking_down_take03/win_007_midframe_0255.jpg,correct,,
LD03_looking_down_take04.mp4,LD03_looking_down_take04,looking_down,A4,LD03,0,0,90,0,3,45,1.5,6,6,TRUE,TRUE,8,normal,normal,0,4,9,manual_clip,LD03_looking_down_take04,/home/sagemaker-user/exam_proctoring_dataset/02_clips/looking_down/LD03_looking_down_take04.mp4,images/LD03_looking_down_take04/win_000_midframe_0045.jpg,correct,,
LD03_looking_down_take04.mp4,LD03_looking_down_take04,looking_down,A4,LD03,1,30,120,1,4,75,2.5,6,6,TRUE,TRUE,8,normal,normal,0,4,9,manual_clip,LD03_looking_down_take04,/home/sagemaker-user/exam_proctoring_dataset/02_clips/looking_down/LD03_looking_down_take04.mp4,images/LD03_looking_down_take04/win_001_midframe_0075.jpg,correct,,
LD03_looking_down_take04.mp4,LD03_looking_down_take04,looking_down,A4,LD03,2,60,150,2,5,105,3.5,6,6,TRUE,TRUE,8,normal,normal,0.333333333,4,9,manual_clip,LD03_looking_down_take04,/home/sagemaker-user/exam_proctoring_dataset/02_clips/looking_down/LD03_looking_down_take04.mp4,images/LD03_looking_down_take04/win_002_midframe_0105.jpg,correct,,
LD03_looking_down_take04.mp4,LD03_looking_down_take04,looking_down,A4,LD03,3,90,180,3,6,135,4.5,6,6,TRUE,TRUE,8,looking_down,suspicious,0.666666667,4,9,manual_clip,LD03_looking_down_take04,/home/sagemaker-user/exam_proctoring_dataset/02_clips/looking_down/LD03_looking_down_take04.mp4,images/LD03_looking_down_take04/win_003_midframe_0135.jpg,correct,,
LD03_looking_down_take04.mp4,LD03_looking_down_take04,looking_down,A4,LD03,4,120,210,4,7,165,5.5,6,6,TRUE,TRUE,8,looking_down,suspicious,1,4,9,manual_clip,LD03_looking_down_take04,/home/sagemaker-user/exam_proctoring_dataset/02_clips/looking_down/LD03_looking_down_take04.mp4,images/LD03_looking_down_take04/win_004_midframe_0165.jpg,correct,,
LD03_looking_down_take04.mp4,LD03_looking_down_take04,looking_down,A4,LD03,5,150,240,5,8,195,6.5,6,6,TRUE,TRUE,8,looking_down,suspicious,1,4,9,manual_clip,LD03_looking_down_take04,/home/sagemaker-user/exam_proctoring_dataset/02_clips/looking_down/LD03_looking_down_take04.mp4,images/LD03_looking_down_take04/win_005_midframe_0195.jpg,correct,,
LD03_looking_down_take04.mp4,LD03_looking_down_take04,looking_down,A4,LD03,6,180,270,6,9,225,7.5,6,6,TRUE,TRUE,8,looking_down,suspicious,1,4,9,manual_clip,LD03_looking_down_take04,/home/sagemaker-user/exam_proctoring_dataset/02_clips/looking_down/LD03_looking_down_take04.mp4,images/LD03_looking_down_take04/win_006_midframe_0225.jpg,correct,,
LD03_looking_down_take04.mp4,LD03_looking_down_take04,looking_down,A4,LD03,7,210,300,7,10,255,8.5,6,6,TRUE,TRUE,8,looking_down,suspicious,0.666666667,4,9,manual_clip,LD03_looking_down_take04,/home/sagemaker-user/exam_proctoring_dataset/02_clips/looking_down/LD03_looking_down_take04.mp4,images/LD03_looking_down_take04/win_007_midframe_0255.jpg,correct,,
LD03_looking_down_take06.mp4,LD03_looking_down_take06,looking_down,B2,LD03,0,0,90,0,3,45,1.5,3,3,TRUE,TRUE,8,looking_down,suspicious,1,0,4,manual_clip,LD03_looking_down_take06,/home/sagemaker-user/exam_proctoring_dataset/02_clips/looking_down/LD03_looking_down_take06.mp4,images/LD03_looking_down_take06/win_000_midframe_0045.jpg,correct,,
LD03_looking_down_take06.mp4,LD03_looking_down_take06,looking_down,B2,LD03,1,30,120,1,4,75,2.5,3,3,TRUE,TRUE,8,looking_down,suspicious,1,0,4,manual_clip,LD03_looking_down_take06,/home/sagemaker-user/exam_proctoring_dataset/02_clips/looking_down/LD03_looking_down_take06.mp4,images/LD03_looking_down_take06/win_001_midframe_0075.jpg,correct,,
LD03_looking_down_take06.mp4,LD03_looking_down_take06,looking_down,B2,LD03,2,60,150,2,5,105,3.5,3,3,TRUE,TRUE,8,looking_down,suspicious,0.666666667,0,4,manual_clip,LD03_looking_down_take06,/home/sagemaker-user/exam_proctoring_dataset/02_clips/looking_down/LD03_looking_down_take06.mp4,images/LD03_looking_down_take06/win_002_midframe_0105.jpg,correct,,
LD03_looking_down_take06.mp4,LD03_looking_down_take06,looking_down,B2,LD03,3,90,180,3,6,135,4.5,3,3,TRUE,TRUE,8,normal,normal,0.333333333,0,4,manual_clip,LD03_looking_down_take06,/home/sagemaker-user/exam_proctoring_dataset/02_clips/looking_down/LD03_looking_down_take06.mp4,images/LD03_looking_down_take06/win_003_midframe_0135.jpg,correct,,
LD03_looking_down_take06.mp4,LD03_looking_down_take06,looking_down,B2,LD03,4,120,210,4,7,165,5.5,3,3,TRUE,TRUE,8,normal,normal,0,0,4,manual_clip,LD03_looking_down_take06,/home/sagemaker-user/exam_proctoring_dataset/02_clips/looking_down/LD03_looking_down_take06.mp4,images/LD03_looking_down_take06/win_004_midframe_0165.jpg,correct,,
LD03_looking_down_take06.mp4,LD03_looking_down_take06,looking_down,B2,LD03,5,150,240,5,8,195,6.5,3,3,TRUE,TRUE,8,normal,normal,0,0,4,manual_clip,LD03_looking_down_take06,/home/sagemaker-user/exam_proctoring_dataset/02_clips/looking_down/LD03_looking_down_take06.mp4,images/LD03_looking_down_take06/win_005_midframe_0195.jpg,correct,,
LD03_looking_down_take06.mp4,LD03_looking_down_take06,looking_down,B2,LD03,6,180,270,6,9,225,7.5,3,3,TRUE,TRUE,8,normal,normal,0,0,4,manual_clip,LD03_looking_down_take06,/home/sagemaker-user/exam_proctoring_dataset/02_clips/looking_down/LD03_looking_down_take06.mp4,images/LD03_looking_down_take06/win_006_midframe_0225.jpg,correct,,
LD03_looking_down_take06.mp4,LD03_looking_down_take06,looking_down,B2,LD03,7,210,300,7,10,255,8.5,3,3,TRUE,TRUE,8,normal,normal,0,0,4,manual_clip,LD03_looking_down_take06,/home/sagemaker-user/exam_proctoring_dataset/02_clips/looking_down/LD03_looking_down_take06.mp4,images/LD03_looking_down_take06/win_007_midframe_0255.jpg,correct,,
LD03_looking_down_take07.mp4,LD03_looking_down_take07,looking_down,B3,LD03,0,0,90,0,3,45,1.5,5,5,TRUE,TRUE,8,normal,normal,0,3,9,manual_clip,LD03_looking_down_take07,/home/sagemaker-user/exam_proctoring_dataset/02_clips/looking_down/LD03_looking_down_take07.mp4,images/LD03_looking_down_take07/win_000_midframe_0045.jpg,correct,,
LD03_looking_down_take07.mp4,LD03_looking_down_take07,looking_down,B3,LD03,1,30,120,1,4,75,2.5,5,5,TRUE,TRUE,8,normal,normal,0.333333333,3,9,manual_clip,LD03_looking_down_take07,/home/sagemaker-user/exam_proctoring_dataset/02_clips/looking_down/LD03_looking_down_take07.mp4,images/LD03_looking_down_take07/win_001_midframe_0075.jpg,correct,,
LD03_looking_down_take07.mp4,LD03_looking_down_take07,looking_down,B3,LD03,2,60,150,2,5,105,3.5,5,5,TRUE,TRUE,8,looking_down,suspicious,0.666666667,3,9,manual_clip,LD03_looking_down_take07,/home/sagemaker-user/exam_proctoring_dataset/02_clips/looking_down/LD03_looking_down_take07.mp4,images/LD03_looking_down_take07/win_002_midframe_0105.jpg,correct,,
LD03_looking_down_take07.mp4,LD03_looking_down_take07,looking_down,B3,LD03,3,90,180,3,6,135,4.5,5,5,TRUE,TRUE,8,looking_down,suspicious,1,3,9,manual_clip,LD03_looking_down_take07,/home/sagemaker-user/exam_proctoring_dataset/02_clips/looking_down/LD03_looking_down_take07.mp4,images/LD03_looking_down_take07/win_003_midframe_0135.jpg,correct,,
LD03_looking_down_take07.mp4,LD03_looking_down_take07,looking_down,B3,LD03,4,120,210,4,7,165,5.5,5,5,TRUE,TRUE,8,looking_down,suspicious,1,3,9,manual_clip,LD03_looking_down_take07,/home/sagemaker-user/exam_proctoring_dataset/02_clips/looking_down/LD03_looking_down_take07.mp4,images/LD03_looking_down_take07/win_004_midframe_0165.jpg,correct,,
LD03_looking_down_take07.mp4,LD03_looking_down_take07,looking_down,B3,LD03,5,150,240,5,8,195,6.5,5,5,TRUE,TRUE,8,looking_down,suspicious,1,3,9,manual_clip,LD03_looking_down_take07,/home/sagemaker-user/exam_proctoring_dataset/02_clips/looking_down/LD03_looking_down_take07.mp4,images/LD03_looking_down_take07/win_005_midframe_0195.jpg,correct,,
LD03_looking_down_take07.mp4,LD03_looking_down_take07,looking_down,B3,LD03,6,180,270,6,9,225,7.5,5,5,TRUE,TRUE,8,looking_down,suspicious,1,3,9,manual_clip,LD03_looking_down_take07,/home/sagemaker-user/exam_proctoring_dataset/02_clips/looking_down/LD03_looking_down_take07.mp4,images/LD03_looking_down_take07/win_006_midframe_0225.jpg,correct,,
LD03_looking_down_take07.mp4,LD03_looking_down_take07,looking_down,B3,LD03,7,210,300,7,10,255,8.5,5,5,TRUE,TRUE,8,looking_down,suspicious,0.666666667,3,9,manual_clip,LD03_looking_down_take07,/home/sagemaker-user/exam_proctoring_dataset/02_clips/looking_down/LD03_looking_down_take07.mp4,images/LD03_looking_down_take07/win_007_midframe_0255.jpg,correct,,
LD03_looking_down_take08.mp4,LD03_looking_down_take08,looking_down,B4,LD03,0,0,90,0,3,45,1.5,7,7,TRUE,TRUE,8,normal,normal,0,4,8,manual_clip,LD03_looking_down_take08,/home/sagemaker-user/exam_proctoring_dataset/02_clips/looking_down/LD03_looking_down_take08.mp4,images/LD03_looking_down_take08/win_000_midframe_0045.jpg,correct,,
LD03_looking_down_take08.mp4,LD03_looking_down_take08,looking_down,B4,LD03,1,30,120,1,4,75,2.5,7,7,TRUE,TRUE,8,normal,normal,0,4,8,manual_clip,LD03_looking_down_take08,/home/sagemaker-user/exam_proctoring_dataset/02_clips/looking_down/LD03_looking_down_take08.mp4,images/LD03_looking_down_take08/win_001_midframe_0075.jpg,correct,,
LD03_looking_down_take08.mp4,LD03_looking_down_take08,looking_down,B4,LD03,2,60,150,2,5,105,3.5,7,7,TRUE,TRUE,8,normal,normal,0.333333333,4,8,manual_clip,LD03_looking_down_take08,/home/sagemaker-user/exam_proctoring_dataset/02_clips/looking_down/LD03_looking_down_take08.mp4,images/LD03_looking_down_take08/win_002_midframe_0105.jpg,correct,,
LD03_looking_down_take08.mp4,LD03_looking_down_take08,looking_down,B4,LD03,3,90,180,3,6,135,4.5,7,7,TRUE,TRUE,8,looking_down,suspicious,0.666666667,4,8,manual_clip,LD03_looking_down_take08,/home/sagemaker-user/exam_proctoring_dataset/02_clips/looking_down/LD03_looking_down_take08.mp4,images/LD03_looking_down_take08/win_003_midframe_0135.jpg,correct,,
LD03_looking_down_take08.mp4,LD03_looking_down_take08,looking_down,B4,LD03,4,120,210,4,7,165,5.5,7,7,TRUE,TRUE,8,looking_down,suspicious,1,4,8,manual_clip,LD03_looking_down_take08,/home/sagemaker-user/exam_proctoring_dataset/02_clips/looking_down/LD03_looking_down_take08.mp4,images/LD03_looking_down_take08/win_004_midframe_0165.jpg,correct,,
LD03_looking_down_take08.mp4,LD03_looking_down_take08,looking_down,B4,LD03,5,150,240,5,8,195,6.5,7,7,TRUE,TRUE,8,looking_down,suspicious,1,4,8,manual_clip,LD03_looking_down_take08,/home/sagemaker-user/exam_proctoring_dataset/02_clips/looking_down/LD03_looking_down_take08.mp4,images/LD03_looking_down_take08/win_005_midframe_0195.jpg,correct,,
LD03_looking_down_take08.mp4,LD03_looking_down_take08,looking_down,B4,LD03,6,180,270,6,9,225,7.5,7,7,TRUE,TRUE,8,looking_down,suspicious,0.666666667,4,8,manual_clip,LD03_looking_down_take08,/home/sagemaker-user/exam_proctoring_dataset/02_clips/looking_down/LD03_looking_down_take08.mp4,images/LD03_looking_down_take08/win_006_midframe_0225.jpg,correct,,
LD03_looking_down_take08.mp4,LD03_looking_down_take08,looking_down,B4,LD03,7,210,300,7,10,255,8.5,7,7,TRUE,TRUE,8,normal,normal,0.333333333,4,8,manual_clip,LD03_looking_down_take08,/home/sagemaker-user/exam_proctoring_dataset/02_clips/looking_down/LD03_looking_down_take08.mp4,images/LD03_looking_down_take08/win_007_midframe_0255.jpg,correct,,
LD04_looking_down_take01.mp4,LD04_looking_down_take01,looking_down,A1,LD04,0,0,90,0,3,45,1.5,1,0,FALSE,TRUE,8,normal,normal,0,3,9,manual_clip,LD04_looking_down_take01,/home/sagemaker-user/exam_proctoring_dataset/02_clips/looking_down/LD04_looking_down_take01.mp4,images/LD04_looking_down_take01/win_000_midframe_0045.jpg,exclude,,mismatch
LD04_looking_down_take01.mp4,LD04_looking_down_take01,looking_down,A1,LD04,1,30,120,1,4,75,2.5,1,0,FALSE,TRUE,8,normal,normal,0.333333333,3,9,manual_clip,LD04_looking_down_take01,/home/sagemaker-user/exam_proctoring_dataset/02_clips/looking_down/LD04_looking_down_take01.mp4,images/LD04_looking_down_take01/win_001_midframe_0075.jpg,exclude,,mismatch
LD04_looking_down_take01.mp4,LD04_looking_down_take01,looking_down,A1,LD04,2,60,150,2,5,105,3.5,1,0,FALSE,TRUE,8,looking_down,suspicious,0.666666667,3,9,manual_clip,LD04_looking_down_take01,/home/sagemaker-user/exam_proctoring_dataset/02_clips/looking_down/LD04_looking_down_take01.mp4,images/LD04_looking_down_take01/win_002_midframe_0105.jpg,exclude,,mismatch
LD04_looking_down_take01.mp4,LD04_looking_down_take01,looking_down,A1,LD04,3,90,180,3,6,135,4.5,1,1,TRUE,TRUE,7,looking_down,suspicious,1,3,9,manual_clip,LD04_looking_down_take01,/home/sagemaker-user/exam_proctoring_dataset/02_clips/looking_down/LD04_looking_down_take01.mp4,images/LD04_looking_down_take01/win_003_midframe_0135.jpg,exclude,A1,"It shoul be A1 , but it detected A2 as making"
LD04_looking_down_take01.mp4,LD04_looking_down_take01,looking_down,A1,LD04,4,120,210,4,7,165,5.5,1,1,TRUE,TRUE,7,looking_down,suspicious,1,3,9,manual_clip,LD04_looking_down_take01,/home/sagemaker-user/exam_proctoring_dataset/02_clips/looking_down/LD04_looking_down_take01.mp4,images/LD04_looking_down_take01/win_004_midframe_0165.jpg,exclude,A1,"It shoul be A1 , but it detected A2 as making"
LD04_looking_down_take01.mp4,LD04_looking_down_take01,looking_down,A1,LD04,5,150,240,5,8,195,6.5,1,1,TRUE,TRUE,7,looking_down,suspicious,1,3,9,manual_clip,LD04_looking_down_take01,/home/sagemaker-user/exam_proctoring_dataset/02_clips/looking_down/LD04_looking_down_take01.mp4,images/LD04_looking_down_take01/win_005_midframe_0195.jpg,exclude,A1,"It shoul be A1 , but it detected A2 as making"
LD04_looking_down_take01.mp4,LD04_looking_down_take01,looking_down,A1,LD04,6,180,270,6,9,225,7.5,1,1,TRUE,TRUE,7,looking_down,suspicious,1,3,9,manual_clip,LD04_looking_down_take01,/home/sagemaker-user/exam_proctoring_dataset/02_clips/looking_down/LD04_looking_down_take01.mp4,images/LD04_looking_down_take01/win_006_midframe_0225.jpg,exclude,A1,"It shoul be A1 , but it detected A2 as making"
LD04_looking_down_take01.mp4,LD04_looking_down_take01,looking_down,A1,LD04,7,210,300,7,10,255,8.5,1,1,TRUE,TRUE,7,looking_down,suspicious,0.666666667,3,9,manual_clip,LD04_looking_down_take01,/home/sagemaker-user/exam_proctoring_dataset/02_clips/looking_down/LD04_looking_down_take01.mp4,images/LD04_looking_down_take01/win_007_midframe_0255.jpg,exclude,A1,"It shoul be A1 , but it detected A2 as making"
LD04_looking_down_take02.mp4,LD04_looking_down_take02,looking_down,A2,LD04,0,0,90,0,3,45,1.5,2,2,TRUE,TRUE,8,normal,normal,0,4,9,manual_clip,LD04_looking_down_take02,/home/sagemaker-user/exam_proctoring_dataset/02_clips/looking_down/LD04_looking_down_take02.mp4,images/LD04_looking_down_take02/win_000_midframe_0045.jpg,correct,,
LD04_looking_down_take02.mp4,LD04_looking_down_take02,looking_down,A2,LD04,1,30,120,1,4,75,2.5,2,2,TRUE,TRUE,8,normal,normal,0,4,9,manual_clip,LD04_looking_down_take02,/home/sagemaker-user/exam_proctoring_dataset/02_clips/looking_down/LD04_looking_down_take02.mp4,images/LD04_looking_down_take02/win_001_midframe_0075.jpg,correct,,
LD04_looking_down_take02.mp4,LD04_looking_down_take02,looking_down,A2,LD04,2,60,150,2,5,105,3.5,2,2,TRUE,TRUE,8,normal,normal,0.333333333,4,9,manual_clip,LD04_looking_down_take02,/home/sagemaker-user/exam_proctoring_dataset/02_clips/looking_down/LD04_looking_down_take02.mp4,images/LD04_looking_down_take02/win_002_midframe_0105.jpg,correct,,
LD04_looking_down_take02.mp4,LD04_looking_down_take02,looking_down,A2,LD04,3,90,180,3,6,135,4.5,2,2,TRUE,TRUE,8,looking_down,suspicious,0.666666667,4,9,manual_clip,LD04_looking_down_take02,/home/sagemaker-user/exam_proctoring_dataset/02_clips/looking_down/LD04_looking_down_take02.mp4,images/LD04_looking_down_take02/win_003_midframe_0135.jpg,correct,,
LD04_looking_down_take02.mp4,LD04_looking_down_take02,looking_down,A2,LD04,4,120,210,4,7,165,5.5,2,2,TRUE,TRUE,8,looking_down,suspicious,1,4,9,manual_clip,LD04_looking_down_take02,/home/sagemaker-user/exam_proctoring_dataset/02_clips/looking_down/LD04_looking_down_take02.mp4,images/LD04_looking_down_take02/win_004_midframe_0165.jpg,correct,,
LD04_looking_down_take02.mp4,LD04_looking_down_take02,looking_down,A2,LD04,5,150,240,5,8,195,6.5,2,2,TRUE,TRUE,8,looking_down,suspicious,1,4,9,manual_clip,LD04_looking_down_take02,/home/sagemaker-user/exam_proctoring_dataset/02_clips/looking_down/LD04_looking_down_take02.mp4,images/LD04_looking_down_take02/win_005_midframe_0195.jpg,correct,,
LD04_looking_down_take02.mp4,LD04_looking_down_take02,looking_down,A2,LD04,6,180,270,6,9,225,7.5,2,2,TRUE,TRUE,8,looking_down,suspicious,1,4,9,manual_clip,LD04_looking_down_take02,/home/sagemaker-user/exam_proctoring_dataset/02_clips/looking_down/LD04_looking_down_take02.mp4,images/LD04_looking_down_take02/win_006_midframe_0225.jpg,correct,,
LD04_looking_down_take02.mp4,LD04_looking_down_take02,looking_down,A2,LD04,7,210,300,7,10,255,8.5,2,2,TRUE,TRUE,8,looking_down,suspicious,0.666666667,4,9,manual_clip,LD04_looking_down_take02,/home/sagemaker-user/exam_proctoring_dataset/02_clips/looking_down/LD04_looking_down_take02.mp4,images/LD04_looking_down_take02/win_007_midframe_0255.jpg,correct,,
LD04_looking_down_take03.mp4,LD04_looking_down_take03,looking_down,A3,LD04,0,0,90,0,3,45,1.5,4,4,TRUE,TRUE,8,normal,normal,0,3,8,manual_clip,LD04_looking_down_take03,/home/sagemaker-user/exam_proctoring_dataset/02_clips/looking_down/LD04_looking_down_take03.mp4,images/LD04_looking_down_take03/win_000_midframe_0045.jpg,correct,,
LD04_looking_down_take03.mp4,LD04_looking_down_take03,looking_down,A3,LD04,1,30,120,1,4,75,2.5,4,4,TRUE,TRUE,8,normal,normal,0.333333333,3,8,manual_clip,LD04_looking_down_take03,/home/sagemaker-user/exam_proctoring_dataset/02_clips/looking_down/LD04_looking_down_take03.mp4,images/LD04_looking_down_take03/win_001_midframe_0075.jpg,correct,,
LD04_looking_down_take03.mp4,LD04_looking_down_take03,looking_down,A3,LD04,2,60,150,2,5,105,3.5,4,4,TRUE,TRUE,8,looking_down,suspicious,0.666666667,3,8,manual_clip,LD04_looking_down_take03,/home/sagemaker-user/exam_proctoring_dataset/02_clips/looking_down/LD04_looking_down_take03.mp4,images/LD04_looking_down_take03/win_002_midframe_0105.jpg,correct,,
LD04_looking_down_take03.mp4,LD04_looking_down_take03,looking_down,A3,LD04,3,90,180,3,6,135,4.5,4,4,TRUE,TRUE,8,looking_down,suspicious,1,3,8,manual_clip,LD04_looking_down_take03,/home/sagemaker-user/exam_proctoring_dataset/02_clips/looking_down/LD04_looking_down_take03.mp4,images/LD04_looking_down_take03/win_003_midframe_0135.jpg,correct,,
LD04_looking_down_take03.mp4,LD04_looking_down_take03,looking_down,A3,LD04,4,120,210,4,7,165,5.5,4,4,TRUE,TRUE,8,looking_down,suspicious,1,3,8,manual_clip,LD04_looking_down_take03,/home/sagemaker-user/exam_proctoring_dataset/02_clips/looking_down/LD04_looking_down_take03.mp4,images/LD04_looking_down_take03/win_004_midframe_0165.jpg,correct,,
LD04_looking_down_take03.mp4,LD04_looking_down_take03,looking_down,A3,LD04,5,150,240,5,8,195,6.5,4,4,TRUE,TRUE,8,looking_down,suspicious,1,3,8,manual_clip,LD04_looking_down_take03,/home/sagemaker-user/exam_proctoring_dataset/02_clips/looking_down/LD04_looking_down_take03.mp4,images/LD04_looking_down_take03/win_005_midframe_0195.jpg,correct,,
LD04_looking_down_take03.mp4,LD04_looking_down_take03,looking_down,A3,LD04,6,180,270,6,9,225,7.5,4,4,TRUE,TRUE,8,looking_down,suspicious,0.666666667,3,8,manual_clip,LD04_looking_down_take03,/home/sagemaker-user/exam_proctoring_dataset/02_clips/looking_down/LD04_looking_down_take03.mp4,images/LD04_looking_down_take03/win_006_midframe_0225.jpg,correct,,
LD04_looking_down_take03.mp4,LD04_looking_down_take03,looking_down,A3,LD04,7,210,300,7,10,255,8.5,4,4,TRUE,TRUE,8,normal,normal,0.333333333,3,8,manual_clip,LD04_looking_down_take03,/home/sagemaker-user/exam_proctoring_dataset/02_clips/looking_down/LD04_looking_down_take03.mp4,images/LD04_looking_down_take03/win_007_midframe_0255.jpg,correct,,
LD04_looking_down_take04.mp4,LD04_looking_down_take04,looking_down,A4,LD04,0,0,90,0,3,45,1.5,7,6,FALSE,TRUE,8,normal,normal,0,4,9,manual_clip,LD04_looking_down_take04,/home/sagemaker-user/exam_proctoring_dataset/02_clips/looking_down/LD04_looking_down_take04.mp4,images/LD04_looking_down_take04/win_000_midframe_0045.jpg,exclude,,mismatch
LD04_looking_down_take04.mp4,LD04_looking_down_take04,looking_down,A4,LD04,1,30,120,1,4,75,2.5,7,6,FALSE,TRUE,8,normal,normal,0,4,9,manual_clip,LD04_looking_down_take04,/home/sagemaker-user/exam_proctoring_dataset/02_clips/looking_down/LD04_looking_down_take04.mp4,images/LD04_looking_down_take04/win_001_midframe_0075.jpg,exclude,,mismatch
LD04_looking_down_take04.mp4,LD04_looking_down_take04,looking_down,A4,LD04,2,60,150,2,5,105,3.5,7,6,FALSE,TRUE,8,normal,normal,0.333333333,4,9,manual_clip,LD04_looking_down_take04,/home/sagemaker-user/exam_proctoring_dataset/02_clips/looking_down/LD04_looking_down_take04.mp4,images/LD04_looking_down_take04/win_002_midframe_0105.jpg,exclude,,mismatch
LD04_looking_down_take04.mp4,LD04_looking_down_take04,looking_down,A4,LD04,3,90,180,3,6,135,4.5,7,6,FALSE,TRUE,8,looking_down,suspicious,0.666666667,4,9,manual_clip,LD04_looking_down_take04,/home/sagemaker-user/exam_proctoring_dataset/02_clips/looking_down/LD04_looking_down_take04.mp4,images/LD04_looking_down_take04/win_003_midframe_0135.jpg,exclude,,mismatch
LD04_looking_down_take04.mp4,LD04_looking_down_take04,looking_down,A4,LD04,4,120,210,4,7,165,5.5,7,6,FALSE,FALSE,7,looking_down,suspicious,1,4,9,manual_clip,LD04_looking_down_take04,/home/sagemaker-user/exam_proctoring_dataset/02_clips/looking_down/LD04_looking_down_take04.mp4,images/LD04_looking_down_take04/win_004_midframe_0165.jpg,exclude,,mismatch
LD04_looking_down_take04.mp4,LD04_looking_down_take04,looking_down,A4,LD04,5,150,240,5,8,195,6.5,7,7,TRUE,TRUE,8,looking_down,suspicious,1,4,9,manual_clip,LD04_looking_down_take04,/home/sagemaker-user/exam_proctoring_dataset/02_clips/looking_down/LD04_looking_down_take04.mp4,images/LD04_looking_down_take04/win_005_midframe_0195.jpg,correct,,
LD04_looking_down_take04.mp4,LD04_looking_down_take04,looking_down,A4,LD04,6,180,270,6,9,225,7.5,7,7,TRUE,TRUE,8,looking_down,suspicious,1,4,9,manual_clip,LD04_looking_down_take04,/home/sagemaker-user/exam_proctoring_dataset/02_clips/looking_down/LD04_looking_down_take04.mp4,images/LD04_looking_down_take04/win_006_midframe_0225.jpg,correct,,
LD04_looking_down_take04.mp4,LD04_looking_down_take04,looking_down,A4,LD04,7,210,300,7,10,255,8.5,7,7,TRUE,TRUE,8,looking_down,suspicious,0.666666667,4,9,manual_clip,LD04_looking_down_take04,/home/sagemaker-user/exam_proctoring_dataset/02_clips/looking_down/LD04_looking_down_take04.mp4,images/LD04_looking_down_take04/win_007_midframe_0255.jpg,correct,,
LD04_looking_down_take05.mp4,LD04_looking_down_take05,looking_down,B4,LD04,0,0,90,0,3,45,1.5,7,7,TRUE,TRUE,8,normal,normal,0,3,9,manual_clip,LD04_looking_down_take05,/home/sagemaker-user/exam_proctoring_dataset/02_clips/looking_down/LD04_looking_down_take05.mp4,images/LD04_looking_down_take05/win_000_midframe_0045.jpg,correct,,
LD04_looking_down_take05.mp4,LD04_looking_down_take05,looking_down,B4,LD04,1,30,120,1,4,75,2.5,7,7,TRUE,TRUE,8,normal,normal,0.333333333,3,9,manual_clip,LD04_looking_down_take05,/home/sagemaker-user/exam_proctoring_dataset/02_clips/looking_down/LD04_looking_down_take05.mp4,images/LD04_looking_down_take05/win_001_midframe_0075.jpg,correct,,
LD04_looking_down_take05.mp4,LD04_looking_down_take05,looking_down,B4,LD04,2,60,150,2,5,105,3.5,7,7,TRUE,TRUE,8,looking_down,suspicious,0.666666667,3,9,manual_clip,LD04_looking_down_take05,/home/sagemaker-user/exam_proctoring_dataset/02_clips/looking_down/LD04_looking_down_take05.mp4,images/LD04_looking_down_take05/win_002_midframe_0105.jpg,correct,,
LD04_looking_down_take05.mp4,LD04_looking_down_take05,looking_down,B4,LD04,3,90,180,3,6,135,4.5,7,7,TRUE,TRUE,8,looking_down,suspicious,1,3,9,manual_clip,LD04_looking_down_take05,/home/sagemaker-user/exam_proctoring_dataset/02_clips/looking_down/LD04_looking_down_take05.mp4,images/LD04_looking_down_take05/win_003_midframe_0135.jpg,correct,,
LD04_looking_down_take05.mp4,LD04_looking_down_take05,looking_down,B4,LD04,4,120,210,4,7,165,5.5,7,7,TRUE,TRUE,8,looking_down,suspicious,1,3,9,manual_clip,LD04_looking_down_take05,/home/sagemaker-user/exam_proctoring_dataset/02_clips/looking_down/LD04_looking_down_take05.mp4,images/LD04_looking_down_take05/win_004_midframe_0165.jpg,correct,,
LD04_looking_down_take05.mp4,LD04_looking_down_take05,looking_down,B4,LD04,5,150,240,5,8,195,6.5,7,7,TRUE,TRUE,8,looking_down,suspicious,1,3,9,manual_clip,LD04_looking_down_take05,/home/sagemaker-user/exam_proctoring_dataset/02_clips/looking_down/LD04_looking_down_take05.mp4,images/LD04_looking_down_take05/win_005_midframe_0195.jpg,correct,,
LD04_looking_down_take05.mp4,LD04_looking_down_take05,looking_down,B4,LD04,6,180,270,6,9,225,7.5,7,7,TRUE,TRUE,8,looking_down,suspicious,1,3,9,manual_clip,LD04_looking_down_take05,/home/sagemaker-user/exam_proctoring_dataset/02_clips/looking_down/LD04_looking_down_take05.mp4,images/LD04_looking_down_take05/win_006_midframe_0225.jpg,correct,,
LD04_looking_down_take05.mp4,LD04_looking_down_take05,looking_down,B4,LD04,7,210,300,7,10,255,8.5,7,7,TRUE,TRUE,8,looking_down,suspicious,0.666666667,3,9,manual_clip,LD04_looking_down_take05,/home/sagemaker-user/exam_proctoring_dataset/02_clips/looking_down/LD04_looking_down_take05.mp4,images/LD04_looking_down_take05/win_007_midframe_0255.jpg,correct,,
LD04_looking_down_take06.mp4,LD04_looking_down_take06,looking_down,B3,LD04,0,0,90,0,3,45,1.5,5,5,TRUE,TRUE,8,normal,normal,0,4,9,manual_clip,LD04_looking_down_take06,/home/sagemaker-user/exam_proctoring_dataset/02_clips/looking_down/LD04_looking_down_take06.mp4,images/LD04_looking_down_take06/win_000_midframe_0045.jpg,correct,,
LD04_looking_down_take06.mp4,LD04_looking_down_take06,looking_down,B3,LD04,1,30,120,1,4,75,2.5,5,5,TRUE,TRUE,8,normal,normal,0,4,9,manual_clip,LD04_looking_down_take06,/home/sagemaker-user/exam_proctoring_dataset/02_clips/looking_down/LD04_looking_down_take06.mp4,images/LD04_looking_down_take06/win_001_midframe_0075.jpg,correct,,
LD04_looking_down_take06.mp4,LD04_looking_down_take06,looking_down,B3,LD04,2,60,150,2,5,105,3.5,5,5,TRUE,TRUE,8,normal,normal,0.333333333,4,9,manual_clip,LD04_looking_down_take06,/home/sagemaker-user/exam_proctoring_dataset/02_clips/looking_down/LD04_looking_down_take06.mp4,images/LD04_looking_down_take06/win_002_midframe_0105.jpg,correct,,
LD04_looking_down_take06.mp4,LD04_looking_down_take06,looking_down,B3,LD04,3,90,180,3,6,135,4.5,5,5,TRUE,TRUE,8,looking_down,suspicious,0.666666667,4,9,manual_clip,LD04_looking_down_take06,/home/sagemaker-user/exam_proctoring_dataset/02_clips/looking_down/LD04_looking_down_take06.mp4,images/LD04_looking_down_take06/win_003_midframe_0135.jpg,correct,,
LD04_looking_down_take06.mp4,LD04_looking_down_take06,looking_down,B3,LD04,4,120,210,4,7,165,5.5,5,5,TRUE,TRUE,8,looking_down,suspicious,1,4,9,manual_clip,LD04_looking_down_take06,/home/sagemaker-user/exam_proctoring_dataset/02_clips/looking_down/LD04_looking_down_take06.mp4,images/LD04_looking_down_take06/win_004_midframe_0165.jpg,correct,,
LD04_looking_down_take06.mp4,LD04_looking_down_take06,looking_down,B3,LD04,5,150,240,5,8,195,6.5,5,5,TRUE,TRUE,8,looking_down,suspicious,1,4,9,manual_clip,LD04_looking_down_take06,/home/sagemaker-user/exam_proctoring_dataset/02_clips/looking_down/LD04_looking_down_take06.mp4,images/LD04_looking_down_take06/win_005_midframe_0195.jpg,correct,,
LD04_looking_down_take06.mp4,LD04_looking_down_take06,looking_down,B3,LD04,6,180,270,6,9,225,7.5,5,5,TRUE,TRUE,8,looking_down,suspicious,1,4,9,manual_clip,LD04_looking_down_take06,/home/sagemaker-user/exam_proctoring_dataset/02_clips/looking_down/LD04_looking_down_take06.mp4,images/LD04_looking_down_take06/win_006_midframe_0225.jpg,correct,,
LD04_looking_down_take06.mp4,LD04_looking_down_take06,looking_down,B3,LD04,7,210,300,7,10,255,8.5,5,5,TRUE,TRUE,8,looking_down,suspicious,0.666666667,4,9,manual_clip,LD04_looking_down_take06,/home/sagemaker-user/exam_proctoring_dataset/02_clips/looking_down/LD04_looking_down_take06.mp4,images/LD04_looking_down_take06/win_007_midframe_0255.jpg,correct,,
LD04_looking_down_take07.mp4,LD04_looking_down_take07,looking_down,B2,LD04,0,0,90,0,3,45,1.5,3,3,TRUE,TRUE,8,normal,normal,0,4,9,manual_clip,LD04_looking_down_take07,/home/sagemaker-user/exam_proctoring_dataset/02_clips/looking_down/LD04_looking_down_take07.mp4,images/LD04_looking_down_take07/win_000_midframe_0045.jpg,correct,,
LD04_looking_down_take07.mp4,LD04_looking_down_take07,looking_down,B2,LD04,1,30,120,1,4,75,2.5,3,3,TRUE,TRUE,8,normal,normal,0,4,9,manual_clip,LD04_looking_down_take07,/home/sagemaker-user/exam_proctoring_dataset/02_clips/looking_down/LD04_looking_down_take07.mp4,images/LD04_looking_down_take07/win_001_midframe_0075.jpg,correct,,
LD04_looking_down_take07.mp4,LD04_looking_down_take07,looking_down,B2,LD04,2,60,150,2,5,105,3.5,3,3,TRUE,TRUE,8,normal,normal,0.333333333,4,9,manual_clip,LD04_looking_down_take07,/home/sagemaker-user/exam_proctoring_dataset/02_clips/looking_down/LD04_looking_down_take07.mp4,images/LD04_looking_down_take07/win_002_midframe_0105.jpg,correct,,
LD04_looking_down_take07.mp4,LD04_looking_down_take07,looking_down,B2,LD04,3,90,180,3,6,135,4.5,3,3,TRUE,TRUE,8,looking_down,suspicious,0.666666667,4,9,manual_clip,LD04_looking_down_take07,/home/sagemaker-user/exam_proctoring_dataset/02_clips/looking_down/LD04_looking_down_take07.mp4,images/LD04_looking_down_take07/win_003_midframe_0135.jpg,correct,,
LD04_looking_down_take07.mp4,LD04_looking_down_take07,looking_down,B2,LD04,4,120,210,4,7,165,5.5,3,3,TRUE,TRUE,8,looking_down,suspicious,1,4,9,manual_clip,LD04_looking_down_take07,/home/sagemaker-user/exam_proctoring_dataset/02_clips/looking_down/LD04_looking_down_take07.mp4,images/LD04_looking_down_take07/win_004_midframe_0165.jpg,correct,,
LD04_looking_down_take07.mp4,LD04_looking_down_take07,looking_down,B2,LD04,5,150,240,5,8,195,6.5,3,3,TRUE,TRUE,8,looking_down,suspicious,1,4,9,manual_clip,LD04_looking_down_take07,/home/sagemaker-user/exam_proctoring_dataset/02_clips/looking_down/LD04_looking_down_take07.mp4,images/LD04_looking_down_take07/win_005_midframe_0195.jpg,correct,,
LD04_looking_down_take07.mp4,LD04_looking_down_take07,looking_down,B2,LD04,6,180,270,6,9,225,7.5,3,3,TRUE,TRUE,8,looking_down,suspicious,1,4,9,manual_clip,LD04_looking_down_take07,/home/sagemaker-user/exam_proctoring_dataset/02_clips/looking_down/LD04_looking_down_take07.mp4,images/LD04_looking_down_take07/win_006_midframe_0225.jpg,correct,,
LD04_looking_down_take07.mp4,LD04_looking_down_take07,looking_down,B2,LD04,7,210,300,7,10,255,8.5,3,3,TRUE,TRUE,8,looking_down,suspicious,0.666666667,4,9,manual_clip,LD04_looking_down_take07,/home/sagemaker-user/exam_proctoring_dataset/02_clips/looking_down/LD04_looking_down_take07.mp4,images/LD04_looking_down_take07/win_007_midframe_0255.jpg,correct,,
LD04_looking_down_take08.mp4,LD04_looking_down_take08,looking_down,B1,LD04,0,0,90,0,3,45,1.5,1,1,TRUE,TRUE,8,normal,normal,0,5,9,manual_clip,LD04_looking_down_take08,/home/sagemaker-user/exam_proctoring_dataset/02_clips/looking_down/LD04_looking_down_take08.mp4,images/LD04_looking_down_take08/win_000_midframe_0045.jpg,correct,,
LD04_looking_down_take08.mp4,LD04_looking_down_take08,looking_down,B1,LD04,1,30,120,1,4,75,2.5,1,1,TRUE,TRUE,8,normal,normal,0,5,9,manual_clip,LD04_looking_down_take08,/home/sagemaker-user/exam_proctoring_dataset/02_clips/looking_down/LD04_looking_down_take08.mp4,images/LD04_looking_down_take08/win_001_midframe_0075.jpg,correct,,
LD04_looking_down_take08.mp4,LD04_looking_down_take08,looking_down,B1,LD04,2,60,150,2,5,105,3.5,1,1,TRUE,TRUE,8,normal,normal,0,5,9,manual_clip,LD04_looking_down_take08,/home/sagemaker-user/exam_proctoring_dataset/02_clips/looking_down/LD04_looking_down_take08.mp4,images/LD04_looking_down_take08/win_002_midframe_0105.jpg,correct,,
LD04_looking_down_take08.mp4,LD04_looking_down_take08,looking_down,B1,LD04,3,90,180,3,6,135,4.5,1,1,TRUE,TRUE,8,normal,normal,0.333333333,5,9,manual_clip,LD04_looking_down_take08,/home/sagemaker-user/exam_proctoring_dataset/02_clips/looking_down/LD04_looking_down_take08.mp4,images/LD04_looking_down_take08/win_003_midframe_0135.jpg,correct,,
LD04_looking_down_take08.mp4,LD04_looking_down_take08,looking_down,B1,LD04,4,120,210,4,7,165,5.5,1,1,TRUE,TRUE,8,looking_down,suspicious,0.666666667,5,9,manual_clip,LD04_looking_down_take08,/home/sagemaker-user/exam_proctoring_dataset/02_clips/looking_down/LD04_looking_down_take08.mp4,images/LD04_looking_down_take08/win_004_midframe_0165.jpg,correct,,
LD04_looking_down_take08.mp4,LD04_looking_down_take08,looking_down,B1,LD04,5,150,240,5,8,195,6.5,1,1,TRUE,TRUE,8,looking_down,suspicious,1,5,9,manual_clip,LD04_looking_down_take08,/home/sagemaker-user/exam_proctoring_dataset/02_clips/looking_down/LD04_looking_down_take08.mp4,images/LD04_looking_down_take08/win_005_midframe_0195.jpg,correct,,
LD04_looking_down_take08.mp4,LD04_looking_down_take08,looking_down,B1,LD04,6,180,270,6,9,225,7.5,1,1,TRUE,TRUE,8,looking_down,suspicious,1,5,9,manual_clip,LD04_looking_down_take08,/home/sagemaker-user/exam_proctoring_dataset/02_clips/looking_down/LD04_looking_down_take08.mp4,images/LD04_looking_down_take08/win_006_midframe_0225.jpg,correct,,
LD04_looking_down_take08.mp4,LD04_looking_down_take08,looking_down,B1,LD04,7,210,300,7,10,255,8.5,1,1,TRUE,TRUE,8,looking_down,suspicious,0.666666667,5,9,manual_clip,LD04_looking_down_take08,/home/sagemaker-user/exam_proctoring_dataset/02_clips/looking_down/LD04_looking_down_take08.mp4,images/LD04_looking_down_take08/win_007_midframe_0255.jpg,correct,,
LD05_looking_down_take01.mp4,LD05_looking_down_take01,looking_down,A1,LD05,0,0,90,0,3,45,1.5,0,0,TRUE,TRUE,7,normal,normal,0,5,9,manual_clip,LD05_looking_down_take01,/home/sagemaker-user/exam_proctoring_dataset/02_clips/looking_down/LD05_looking_down_take01.mp4,images/LD05_looking_down_take01/win_000_midframe_0045.jpg,correct,,
LD05_looking_down_take01.mp4,LD05_looking_down_take01,looking_down,A1,LD05,1,30,120,1,4,75,2.5,0,0,TRUE,TRUE,7,normal,normal,0,5,9,manual_clip,LD05_looking_down_take01,/home/sagemaker-user/exam_proctoring_dataset/02_clips/looking_down/LD05_looking_down_take01.mp4,images/LD05_looking_down_take01/win_001_midframe_0075.jpg,correct,,
LD05_looking_down_take01.mp4,LD05_looking_down_take01,looking_down,A1,LD05,2,60,150,2,5,105,3.5,0,0,TRUE,TRUE,7,normal,normal,0,5,9,manual_clip,LD05_looking_down_take01,/home/sagemaker-user/exam_proctoring_dataset/02_clips/looking_down/LD05_looking_down_take01.mp4,images/LD05_looking_down_take01/win_002_midframe_0105.jpg,correct,,
LD05_looking_down_take01.mp4,LD05_looking_down_take01,looking_down,A1,LD05,3,90,180,3,6,135,4.5,0,0,TRUE,TRUE,7,normal,normal,0.333333333,5,9,manual_clip,LD05_looking_down_take01,/home/sagemaker-user/exam_proctoring_dataset/02_clips/looking_down/LD05_looking_down_take01.mp4,images/LD05_looking_down_take01/win_003_midframe_0135.jpg,correct,,
LD05_looking_down_take01.mp4,LD05_looking_down_take01,looking_down,A1,LD05,4,120,210,4,7,165,5.5,0,0,TRUE,TRUE,7,looking_down,suspicious,0.666666667,5,9,manual_clip,LD05_looking_down_take01,/home/sagemaker-user/exam_proctoring_dataset/02_clips/looking_down/LD05_looking_down_take01.mp4,images/LD05_looking_down_take01/win_004_midframe_0165.jpg,correct,,
LD05_looking_down_take01.mp4,LD05_looking_down_take01,looking_down,A1,LD05,5,150,240,5,8,195,6.5,0,0,TRUE,TRUE,7,looking_down,suspicious,1,5,9,manual_clip,LD05_looking_down_take01,/home/sagemaker-user/exam_proctoring_dataset/02_clips/looking_down/LD05_looking_down_take01.mp4,images/LD05_looking_down_take01/win_005_midframe_0195.jpg,correct,,
LD05_looking_down_take01.mp4,LD05_looking_down_take01,looking_down,A1,LD05,6,180,270,6,9,225,7.5,0,0,TRUE,TRUE,7,looking_down,suspicious,1,5,9,manual_clip,LD05_looking_down_take01,/home/sagemaker-user/exam_proctoring_dataset/02_clips/looking_down/LD05_looking_down_take01.mp4,images/LD05_looking_down_take01/win_006_midframe_0225.jpg,correct,,
LD05_looking_down_take01.mp4,LD05_looking_down_take01,looking_down,A1,LD05,7,210,300,7,10,255,8.5,0,0,TRUE,TRUE,8,looking_down,suspicious,0.666666667,5,9,manual_clip,LD05_looking_down_take01,/home/sagemaker-user/exam_proctoring_dataset/02_clips/looking_down/LD05_looking_down_take01.mp4,images/LD05_looking_down_take01/win_007_midframe_0255.jpg,correct,,
LD05_looking_down_take03.mp4,LD05_looking_down_take03,looking_down,A3,LD05,0,0,90,0,3,45,1.5,4,4,TRUE,TRUE,8,normal,normal,0.333333333,2,8,manual_clip,LD05_looking_down_take03,/home/sagemaker-user/exam_proctoring_dataset/02_clips/looking_down/LD05_looking_down_take03.mp4,images/LD05_looking_down_take03/win_000_midframe_0045.jpg,correct,,
LD05_looking_down_take03.mp4,LD05_looking_down_take03,looking_down,A3,LD05,1,30,120,1,4,75,2.5,4,4,TRUE,TRUE,8,looking_down,suspicious,0.666666667,2,8,manual_clip,LD05_looking_down_take03,/home/sagemaker-user/exam_proctoring_dataset/02_clips/looking_down/LD05_looking_down_take03.mp4,images/LD05_looking_down_take03/win_001_midframe_0075.jpg,correct,,
LD05_looking_down_take03.mp4,LD05_looking_down_take03,looking_down,A3,LD05,2,60,150,2,5,105,3.5,4,4,TRUE,TRUE,8,looking_down,suspicious,1,2,8,manual_clip,LD05_looking_down_take03,/home/sagemaker-user/exam_proctoring_dataset/02_clips/looking_down/LD05_looking_down_take03.mp4,images/LD05_looking_down_take03/win_002_midframe_0105.jpg,correct,,
LD05_looking_down_take03.mp4,LD05_looking_down_take03,looking_down,A3,LD05,3,90,180,3,6,135,4.5,4,4,TRUE,TRUE,8,looking_down,suspicious,1,2,8,manual_clip,LD05_looking_down_take03,/home/sagemaker-user/exam_proctoring_dataset/02_clips/looking_down/LD05_looking_down_take03.mp4,images/LD05_looking_down_take03/win_003_midframe_0135.jpg,correct,,
LD05_looking_down_take03.mp4,LD05_looking_down_take03,looking_down,A3,LD05,4,120,210,4,7,165,5.5,4,4,TRUE,TRUE,8,looking_down,suspicious,1,2,8,manual_clip,LD05_looking_down_take03,/home/sagemaker-user/exam_proctoring_dataset/02_clips/looking_down/LD05_looking_down_take03.mp4,images/LD05_looking_down_take03/win_004_midframe_0165.jpg,correct,,
LD05_looking_down_take03.mp4,LD05_looking_down_take03,looking_down,A3,LD05,5,150,240,5,8,195,6.5,4,4,TRUE,TRUE,8,looking_down,suspicious,1,2,8,manual_clip,LD05_looking_down_take03,/home/sagemaker-user/exam_proctoring_dataset/02_clips/looking_down/LD05_looking_down_take03.mp4,images/LD05_looking_down_take03/win_005_midframe_0195.jpg,correct,,
LD05_looking_down_take03.mp4,LD05_looking_down_take03,looking_down,A3,LD05,6,180,270,6,9,225,7.5,4,4,TRUE,TRUE,8,looking_down,suspicious,0.666666667,2,8,manual_clip,LD05_looking_down_take03,/home/sagemaker-user/exam_proctoring_dataset/02_clips/looking_down/LD05_looking_down_take03.mp4,images/LD05_looking_down_take03/win_006_midframe_0225.jpg,correct,,
LD05_looking_down_take03.mp4,LD05_looking_down_take03,looking_down,A3,LD05,7,210,300,7,10,255,8.5,4,4,TRUE,TRUE,8,normal,normal,0.333333333,2,8,manual_clip,LD05_looking_down_take03,/home/sagemaker-user/exam_proctoring_dataset/02_clips/looking_down/LD05_looking_down_take03.mp4,images/LD05_looking_down_take03/win_007_midframe_0255.jpg,correct,,
LD05_looking_down_take04.mp4,LD05_looking_down_take04,looking_down,A4,LD05,0,0,90,0,3,45,1.5,6,6,TRUE,TRUE,8,normal,normal,0,4,9,manual_clip,LD05_looking_down_take04,/home/sagemaker-user/exam_proctoring_dataset/02_clips/looking_down/LD05_looking_down_take04.mp4,images/LD05_looking_down_take04/win_000_midframe_0045.jpg,correct,,
LD05_looking_down_take04.mp4,LD05_looking_down_take04,looking_down,A4,LD05,1,30,120,1,4,75,2.5,6,6,TRUE,TRUE,8,normal,normal,0,4,9,manual_clip,LD05_looking_down_take04,/home/sagemaker-user/exam_proctoring_dataset/02_clips/looking_down/LD05_looking_down_take04.mp4,images/LD05_looking_down_take04/win_001_midframe_0075.jpg,correct,,
LD05_looking_down_take04.mp4,LD05_looking_down_take04,looking_down,A4,LD05,2,60,150,2,5,105,3.5,6,6,TRUE,TRUE,8,normal,normal,0.333333333,4,9,manual_clip,LD05_looking_down_take04,/home/sagemaker-user/exam_proctoring_dataset/02_clips/looking_down/LD05_looking_down_take04.mp4,images/LD05_looking_down_take04/win_002_midframe_0105.jpg,correct,,
LD05_looking_down_take04.mp4,LD05_looking_down_take04,looking_down,A4,LD05,3,90,180,3,6,135,4.5,6,6,TRUE,TRUE,8,looking_down,suspicious,0.666666667,4,9,manual_clip,LD05_looking_down_take04,/home/sagemaker-user/exam_proctoring_dataset/02_clips/looking_down/LD05_looking_down_take04.mp4,images/LD05_looking_down_take04/win_003_midframe_0135.jpg,correct,,
LD05_looking_down_take04.mp4,LD05_looking_down_take04,looking_down,A4,LD05,4,120,210,4,7,165,5.5,6,6,TRUE,TRUE,8,looking_down,suspicious,1,4,9,manual_clip,LD05_looking_down_take04,/home/sagemaker-user/exam_proctoring_dataset/02_clips/looking_down/LD05_looking_down_take04.mp4,images/LD05_looking_down_take04/win_004_midframe_0165.jpg,correct,,
LD05_looking_down_take04.mp4,LD05_looking_down_take04,looking_down,A4,LD05,5,150,240,5,8,195,6.5,6,6,TRUE,TRUE,8,looking_down,suspicious,1,4,9,manual_clip,LD05_looking_down_take04,/home/sagemaker-user/exam_proctoring_dataset/02_clips/looking_down/LD05_looking_down_take04.mp4,images/LD05_looking_down_take04/win_005_midframe_0195.jpg,correct,,
LD05_looking_down_take04.mp4,LD05_looking_down_take04,looking_down,A4,LD05,6,180,270,6,9,225,7.5,6,6,TRUE,TRUE,8,looking_down,suspicious,1,4,9,manual_clip,LD05_looking_down_take04,/home/sagemaker-user/exam_proctoring_dataset/02_clips/looking_down/LD05_looking_down_take04.mp4,images/LD05_looking_down_take04/win_006_midframe_0225.jpg,correct,,
LD05_looking_down_take04.mp4,LD05_looking_down_take04,looking_down,A4,LD05,7,210,300,7,10,255,8.5,6,6,TRUE,TRUE,8,looking_down,suspicious,0.666666667,4,9,manual_clip,LD05_looking_down_take04,/home/sagemaker-user/exam_proctoring_dataset/02_clips/looking_down/LD05_looking_down_take04.mp4,images/LD05_looking_down_take04/win_007_midframe_0255.jpg,correct,,
LD05_looking_down_take06.mp4,LD05_looking_down_take06,looking_down,B3,LD05,0,0,90,0,3,45,1.5,5,5,TRUE,TRUE,7,normal,normal,0.333333333,2,8,manual_clip,LD05_looking_down_take06,/home/sagemaker-user/exam_proctoring_dataset/02_clips/looking_down/LD05_looking_down_take06.mp4,images/LD05_looking_down_take06/win_000_midframe_0045.jpg,correct,,
LD05_looking_down_take06.mp4,LD05_looking_down_take06,looking_down,B3,LD05,1,30,120,1,4,75,2.5,5,5,TRUE,TRUE,7,looking_down,suspicious,0.666666667,2,8,manual_clip,LD05_looking_down_take06,/home/sagemaker-user/exam_proctoring_dataset/02_clips/looking_down/LD05_looking_down_take06.mp4,images/LD05_looking_down_take06/win_001_midframe_0075.jpg,correct,,
LD05_looking_down_take06.mp4,LD05_looking_down_take06,looking_down,B3,LD05,2,60,150,2,5,105,3.5,5,5,TRUE,TRUE,7,looking_down,suspicious,1,2,8,manual_clip,LD05_looking_down_take06,/home/sagemaker-user/exam_proctoring_dataset/02_clips/looking_down/LD05_looking_down_take06.mp4,images/LD05_looking_down_take06/win_002_midframe_0105.jpg,correct,,
LD05_looking_down_take06.mp4,LD05_looking_down_take06,looking_down,B3,LD05,3,90,180,3,6,135,4.5,5,5,TRUE,TRUE,7,looking_down,suspicious,1,2,8,manual_clip,LD05_looking_down_take06,/home/sagemaker-user/exam_proctoring_dataset/02_clips/looking_down/LD05_looking_down_take06.mp4,images/LD05_looking_down_take06/win_003_midframe_0135.jpg,correct,,
LD05_looking_down_take06.mp4,LD05_looking_down_take06,looking_down,B3,LD05,4,120,210,4,7,165,5.5,5,5,TRUE,TRUE,7,looking_down,suspicious,1,2,8,manual_clip,LD05_looking_down_take06,/home/sagemaker-user/exam_proctoring_dataset/02_clips/looking_down/LD05_looking_down_take06.mp4,images/LD05_looking_down_take06/win_004_midframe_0165.jpg,correct,,
LD05_looking_down_take06.mp4,LD05_looking_down_take06,looking_down,B3,LD05,5,150,240,5,8,195,6.5,5,5,TRUE,TRUE,8,looking_down,suspicious,1,2,8,manual_clip,LD05_looking_down_take06,/home/sagemaker-user/exam_proctoring_dataset/02_clips/looking_down/LD05_looking_down_take06.mp4,images/LD05_looking_down_take06/win_005_midframe_0195.jpg,correct,,
LD05_looking_down_take06.mp4,LD05_looking_down_take06,looking_down,B3,LD05,6,180,270,6,9,225,7.5,5,5,TRUE,TRUE,8,looking_down,suspicious,0.666666667,2,8,manual_clip,LD05_looking_down_take06,/home/sagemaker-user/exam_proctoring_dataset/02_clips/looking_down/LD05_looking_down_take06.mp4,images/LD05_looking_down_take06/win_006_midframe_0225.jpg,correct,,
LD05_looking_down_take06.mp4,LD05_looking_down_take06,looking_down,B3,LD05,7,210,300,7,10,255,8.5,5,5,TRUE,TRUE,8,normal,normal,0.333333333,2,8,manual_clip,LD05_looking_down_take06,/home/sagemaker-user/exam_proctoring_dataset/02_clips/looking_down/LD05_looking_down_take06.mp4,images/LD05_looking_down_take06/win_007_midframe_0255.jpg,correct,,
LD05_looking_down_take07.mp4,LD05_looking_down_take07,looking_down,B2,LD05,0,0,90,0,3,45,1.5,3,3,TRUE,TRUE,7,normal,normal,0,3,9,manual_clip,LD05_looking_down_take07,/home/sagemaker-user/exam_proctoring_dataset/02_clips/looking_down/LD05_looking_down_take07.mp4,images/LD05_looking_down_take07/win_000_midframe_0045.jpg,correct,,
LD05_looking_down_take07.mp4,LD05_looking_down_take07,looking_down,B2,LD05,1,30,120,1,4,75,2.5,3,3,TRUE,TRUE,7,normal,normal,0.333333333,3,9,manual_clip,LD05_looking_down_take07,/home/sagemaker-user/exam_proctoring_dataset/02_clips/looking_down/LD05_looking_down_take07.mp4,images/LD05_looking_down_take07/win_001_midframe_0075.jpg,correct,,
LD05_looking_down_take07.mp4,LD05_looking_down_take07,looking_down,B2,LD05,2,60,150,2,5,105,3.5,3,3,TRUE,TRUE,7,looking_down,suspicious,0.666666667,3,9,manual_clip,LD05_looking_down_take07,/home/sagemaker-user/exam_proctoring_dataset/02_clips/looking_down/LD05_looking_down_take07.mp4,images/LD05_looking_down_take07/win_002_midframe_0105.jpg,correct,,
LD05_looking_down_take07.mp4,LD05_looking_down_take07,looking_down,B2,LD05,3,90,180,3,6,135,4.5,3,3,TRUE,TRUE,7,looking_down,suspicious,1,3,9,manual_clip,LD05_looking_down_take07,/home/sagemaker-user/exam_proctoring_dataset/02_clips/looking_down/LD05_looking_down_take07.mp4,images/LD05_looking_down_take07/win_003_midframe_0135.jpg,correct,,
LD05_looking_down_take07.mp4,LD05_looking_down_take07,looking_down,B2,LD05,4,120,210,4,7,165,5.5,3,3,TRUE,TRUE,7,looking_down,suspicious,1,3,9,manual_clip,LD05_looking_down_take07,/home/sagemaker-user/exam_proctoring_dataset/02_clips/looking_down/LD05_looking_down_take07.mp4,images/LD05_looking_down_take07/win_004_midframe_0165.jpg,correct,,
LD05_looking_down_take07.mp4,LD05_looking_down_take07,looking_down,B2,LD05,5,150,240,5,8,195,6.5,3,3,TRUE,TRUE,7,looking_down,suspicious,1,3,9,manual_clip,LD05_looking_down_take07,/home/sagemaker-user/exam_proctoring_dataset/02_clips/looking_down/LD05_looking_down_take07.mp4,images/LD05_looking_down_take07/win_005_midframe_0195.jpg,correct,,
LD05_looking_down_take07.mp4,LD05_looking_down_take07,looking_down,B2,LD05,6,180,270,6,9,225,7.5,3,3,TRUE,TRUE,7,looking_down,suspicious,1,3,9,manual_clip,LD05_looking_down_take07,/home/sagemaker-user/exam_proctoring_dataset/02_clips/looking_down/LD05_looking_down_take07.mp4,images/LD05_looking_down_take07/win_006_midframe_0225.jpg,correct,,
LD05_looking_down_take07.mp4,LD05_looking_down_take07,looking_down,B2,LD05,7,210,300,7,10,255,8.5,3,3,TRUE,TRUE,7,looking_down,suspicious,0.666666667,3,9,manual_clip,LD05_looking_down_take07,/home/sagemaker-user/exam_proctoring_dataset/02_clips/looking_down/LD05_looking_down_take07.mp4,images/LD05_looking_down_take07/win_007_midframe_0255.jpg,correct,,
LD05_looking_down_take08.mp4,LD05_looking_down_take08,looking_down,B1,LD05,0,0,90,0,3,45,1.5,2,1,FALSE,TRUE,8,normal,normal,0,3,9,manual_clip,LD05_looking_down_take08,/home/sagemaker-user/exam_proctoring_dataset/02_clips/looking_down/LD05_looking_down_take08.mp4,images/LD05_looking_down_take08/win_000_midframe_0045.jpg,exclude,,mismatch
LD05_looking_down_take08.mp4,LD05_looking_down_take08,looking_down,B1,LD05,1,30,120,1,4,75,2.5,2,1,FALSE,TRUE,8,normal,normal,0.333333333,3,9,manual_clip,LD05_looking_down_take08,/home/sagemaker-user/exam_proctoring_dataset/02_clips/looking_down/LD05_looking_down_take08.mp4,images/LD05_looking_down_take08/win_001_midframe_0075.jpg,exclude,,mismatch
LD05_looking_down_take08.mp4,LD05_looking_down_take08,looking_down,B1,LD05,2,60,150,2,5,105,3.5,2,1,FALSE,TRUE,8,looking_down,suspicious,0.666666667,3,9,manual_clip,LD05_looking_down_take08,/home/sagemaker-user/exam_proctoring_dataset/02_clips/looking_down/LD05_looking_down_take08.mp4,images/LD05_looking_down_take08/win_002_midframe_0105.jpg,exclude,,mismatch
LD05_looking_down_take08.mp4,LD05_looking_down_take08,looking_down,B1,LD05,3,90,180,3,6,135,4.5,2,1,FALSE,TRUE,8,looking_down,suspicious,1,3,9,manual_clip,LD05_looking_down_take08,/home/sagemaker-user/exam_proctoring_dataset/02_clips/looking_down/LD05_looking_down_take08.mp4,images/LD05_looking_down_take08/win_003_midframe_0135.jpg,exclude,,mismatch
LD05_looking_down_take08.mp4,LD05_looking_down_take08,looking_down,B1,LD05,4,120,210,4,7,165,5.5,2,2,TRUE,TRUE,7,looking_down,suspicious,1,3,9,manual_clip,LD05_looking_down_take08,/home/sagemaker-user/exam_proctoring_dataset/02_clips/looking_down/LD05_looking_down_take08.mp4,images/LD05_looking_down_take08/win_004_midframe_0165.jpg,exclude,,"it should be B1 , bout box is on B2"
LD05_looking_down_take08.mp4,LD05_looking_down_take08,looking_down,B1,LD05,5,150,240,5,8,195,6.5,2,2,TRUE,TRUE,7,looking_down,suspicious,1,3,9,manual_clip,LD05_looking_down_take08,/home/sagemaker-user/exam_proctoring_dataset/02_clips/looking_down/LD05_looking_down_take08.mp4,images/LD05_looking_down_take08/win_005_midframe_0195.jpg,exclude,,"it should be B1 , bout box is on B2"
LD05_looking_down_take08.mp4,LD05_looking_down_take08,looking_down,B1,LD05,6,180,270,6,9,225,7.5,2,2,TRUE,TRUE,7,looking_down,suspicious,1,3,9,manual_clip,LD05_looking_down_take08,/home/sagemaker-user/exam_proctoring_dataset/02_clips/looking_down/LD05_looking_down_take08.mp4,images/LD05_looking_down_take08/win_006_midframe_0225.jpg,exclude,,"it should be B1 , bout box is on B2"
LD05_looking_down_take08.mp4,LD05_looking_down_take08,looking_down,B1,LD05,7,210,300,7,10,255,8.5,2,2,TRUE,TRUE,7,looking_down,suspicious,0.666666667,3,9,manual_clip,LD05_looking_down_take08,/home/sagemaker-user/exam_proctoring_dataset/02_clips/looking_down/LD05_looking_down_take08.mp4,images/LD05_looking_down_take08/win_007_midframe_0255.jpg,exclude,,"it should be B1 , bout box is on B2"
LD06_looking_down_take01.mp4,LD06_looking_down_take01,looking_down,A1,LD06,0,0,90,0,3,45,1.5,0,0,TRUE,TRUE,8,normal,normal,0,4,9,manual_clip,LD06_looking_down_take01,/home/sagemaker-user/exam_proctoring_dataset/02_clips/looking_down/LD06_looking_down_take01.mp4,images/LD06_looking_down_take01/win_000_midframe_0045.jpg,correct,,
LD06_looking_down_take01.mp4,LD06_looking_down_take01,looking_down,A1,LD06,1,30,120,1,4,75,2.5,0,0,TRUE,TRUE,8,normal,normal,0,4,9,manual_clip,LD06_looking_down_take01,/home/sagemaker-user/exam_proctoring_dataset/02_clips/looking_down/LD06_looking_down_take01.mp4,images/LD06_looking_down_take01/win_001_midframe_0075.jpg,correct,,
LD06_looking_down_take01.mp4,LD06_looking_down_take01,looking_down,A1,LD06,2,60,150,2,5,105,3.5,0,0,TRUE,TRUE,8,normal,normal,0.333333333,4,9,manual_clip,LD06_looking_down_take01,/home/sagemaker-user/exam_proctoring_dataset/02_clips/looking_down/LD06_looking_down_take01.mp4,images/LD06_looking_down_take01/win_002_midframe_0105.jpg,correct,,
LD06_looking_down_take01.mp4,LD06_looking_down_take01,looking_down,A1,LD06,3,90,180,3,6,135,4.5,0,0,TRUE,TRUE,8,looking_down,suspicious,0.666666667,4,9,manual_clip,LD06_looking_down_take01,/home/sagemaker-user/exam_proctoring_dataset/02_clips/looking_down/LD06_looking_down_take01.mp4,images/LD06_looking_down_take01/win_003_midframe_0135.jpg,correct,,
LD06_looking_down_take01.mp4,LD06_looking_down_take01,looking_down,A1,LD06,4,120,210,4,7,165,5.5,0,0,TRUE,TRUE,8,looking_down,suspicious,1,4,9,manual_clip,LD06_looking_down_take01,/home/sagemaker-user/exam_proctoring_dataset/02_clips/looking_down/LD06_looking_down_take01.mp4,images/LD06_looking_down_take01/win_004_midframe_0165.jpg,correct,,
LD06_looking_down_take01.mp4,LD06_looking_down_take01,looking_down,A1,LD06,5,150,240,5,8,195,6.5,0,0,TRUE,TRUE,8,looking_down,suspicious,1,4,9,manual_clip,LD06_looking_down_take01,/home/sagemaker-user/exam_proctoring_dataset/02_clips/looking_down/LD06_looking_down_take01.mp4,images/LD06_looking_down_take01/win_005_midframe_0195.jpg,correct,,
LD06_looking_down_take01.mp4,LD06_looking_down_take01,looking_down,A1,LD06,6,180,270,6,9,225,7.5,0,0,TRUE,TRUE,8,looking_down,suspicious,1,4,9,manual_clip,LD06_looking_down_take01,/home/sagemaker-user/exam_proctoring_dataset/02_clips/looking_down/LD06_looking_down_take01.mp4,images/LD06_looking_down_take01/win_006_midframe_0225.jpg,correct,,
LD06_looking_down_take01.mp4,LD06_looking_down_take01,looking_down,A1,LD06,7,210,300,7,10,255,8.5,0,0,TRUE,TRUE,8,looking_down,suspicious,0.666666667,4,9,manual_clip,LD06_looking_down_take01,/home/sagemaker-user/exam_proctoring_dataset/02_clips/looking_down/LD06_looking_down_take01.mp4,images/LD06_looking_down_take01/win_007_midframe_0255.jpg,correct,,
LD06_looking_down_take02.mp4,LD06_looking_down_take02,looking_down,A2,LD06,0,0,90,0,3,45,1.5,2,2,TRUE,TRUE,8,normal,normal,0,4,9,manual_clip,LD06_looking_down_take02,/home/sagemaker-user/exam_proctoring_dataset/02_clips/looking_down/LD06_looking_down_take02.mp4,images/LD06_looking_down_take02/win_000_midframe_0045.jpg,correct,,
LD06_looking_down_take02.mp4,LD06_looking_down_take02,looking_down,A2,LD06,1,30,120,1,4,75,2.5,2,2,TRUE,TRUE,8,normal,normal,0,4,9,manual_clip,LD06_looking_down_take02,/home/sagemaker-user/exam_proctoring_dataset/02_clips/looking_down/LD06_looking_down_take02.mp4,images/LD06_looking_down_take02/win_001_midframe_0075.jpg,correct,,
LD06_looking_down_take02.mp4,LD06_looking_down_take02,looking_down,A2,LD06,2,60,150,2,5,105,3.5,2,2,TRUE,TRUE,8,normal,normal,0.333333333,4,9,manual_clip,LD06_looking_down_take02,/home/sagemaker-user/exam_proctoring_dataset/02_clips/looking_down/LD06_looking_down_take02.mp4,images/LD06_looking_down_take02/win_002_midframe_0105.jpg,correct,,
LD06_looking_down_take02.mp4,LD06_looking_down_take02,looking_down,A2,LD06,3,90,180,3,6,135,4.5,2,2,TRUE,TRUE,8,looking_down,suspicious,0.666666667,4,9,manual_clip,LD06_looking_down_take02,/home/sagemaker-user/exam_proctoring_dataset/02_clips/looking_down/LD06_looking_down_take02.mp4,images/LD06_looking_down_take02/win_003_midframe_0135.jpg,correct,,
LD06_looking_down_take02.mp4,LD06_looking_down_take02,looking_down,A2,LD06,4,120,210,4,7,165,5.5,2,2,TRUE,TRUE,8,looking_down,suspicious,1,4,9,manual_clip,LD06_looking_down_take02,/home/sagemaker-user/exam_proctoring_dataset/02_clips/looking_down/LD06_looking_down_take02.mp4,images/LD06_looking_down_take02/win_004_midframe_0165.jpg,correct,,
LD06_looking_down_take02.mp4,LD06_looking_down_take02,looking_down,A2,LD06,5,150,240,5,8,195,6.5,2,2,TRUE,TRUE,8,looking_down,suspicious,1,4,9,manual_clip,LD06_looking_down_take02,/home/sagemaker-user/exam_proctoring_dataset/02_clips/looking_down/LD06_looking_down_take02.mp4,images/LD06_looking_down_take02/win_005_midframe_0195.jpg,correct,,
LD06_looking_down_take02.mp4,LD06_looking_down_take02,looking_down,A2,LD06,6,180,270,6,9,225,7.5,2,2,TRUE,TRUE,8,looking_down,suspicious,1,4,9,manual_clip,LD06_looking_down_take02,/home/sagemaker-user/exam_proctoring_dataset/02_clips/looking_down/LD06_looking_down_take02.mp4,images/LD06_looking_down_take02/win_006_midframe_0225.jpg,correct,,
LD06_looking_down_take02.mp4,LD06_looking_down_take02,looking_down,A2,LD06,7,210,300,7,10,255,8.5,2,2,TRUE,TRUE,8,looking_down,suspicious,0.666666667,4,9,manual_clip,LD06_looking_down_take02,/home/sagemaker-user/exam_proctoring_dataset/02_clips/looking_down/LD06_looking_down_take02.mp4,images/LD06_looking_down_take02/win_007_midframe_0255.jpg,correct,,
LD06_looking_down_take04.mp4,LD06_looking_down_take04,looking_down,A4,LD06,0,0,90,0,3,45,1.5,6,6,TRUE,TRUE,8,normal,normal,0,4,8,manual_clip,LD06_looking_down_take04,/home/sagemaker-user/exam_proctoring_dataset/02_clips/looking_down/LD06_looking_down_take04.mp4,images/LD06_looking_down_take04/win_000_midframe_0045.jpg,correct,,
LD06_looking_down_take04.mp4,LD06_looking_down_take04,looking_down,A4,LD06,1,30,120,1,4,75,2.5,6,6,TRUE,TRUE,8,normal,normal,0,4,8,manual_clip,LD06_looking_down_take04,/home/sagemaker-user/exam_proctoring_dataset/02_clips/looking_down/LD06_looking_down_take04.mp4,images/LD06_looking_down_take04/win_001_midframe_0075.jpg,correct,,
LD06_looking_down_take04.mp4,LD06_looking_down_take04,looking_down,A4,LD06,2,60,150,2,5,105,3.5,6,6,TRUE,TRUE,8,normal,normal,0.333333333,4,8,manual_clip,LD06_looking_down_take04,/home/sagemaker-user/exam_proctoring_dataset/02_clips/looking_down/LD06_looking_down_take04.mp4,images/LD06_looking_down_take04/win_002_midframe_0105.jpg,correct,,
LD06_looking_down_take04.mp4,LD06_looking_down_take04,looking_down,A4,LD06,3,90,180,3,6,135,4.5,6,7,FALSE,TRUE,8,looking_down,suspicious,0.666666667,4,8,manual_clip,LD06_looking_down_take04,/home/sagemaker-user/exam_proctoring_dataset/02_clips/looking_down/LD06_looking_down_take04.mp4,images/LD06_looking_down_take04/win_003_midframe_0135.jpg,exclude,,mismatch
LD06_looking_down_take04.mp4,LD06_looking_down_take04,looking_down,A4,LD06,4,120,210,4,7,165,5.5,6,6,TRUE,TRUE,7,looking_down,suspicious,1,4,8,manual_clip,LD06_looking_down_take04,/home/sagemaker-user/exam_proctoring_dataset/02_clips/looking_down/LD06_looking_down_take04.mp4,images/LD06_looking_down_take04/win_004_midframe_0165.jpg,correct,,
LD06_looking_down_take04.mp4,LD06_looking_down_take04,looking_down,A4,LD06,5,150,240,5,8,195,6.5,6,6,TRUE,TRUE,7,looking_down,suspicious,1,4,8,manual_clip,LD06_looking_down_take04,/home/sagemaker-user/exam_proctoring_dataset/02_clips/looking_down/LD06_looking_down_take04.mp4,images/LD06_looking_down_take04/win_005_midframe_0195.jpg,correct,,
LD06_looking_down_take04.mp4,LD06_looking_down_take04,looking_down,A4,LD06,6,180,270,6,9,225,7.5,6,6,TRUE,TRUE,7,looking_down,suspicious,0.666666667,4,8,manual_clip,LD06_looking_down_take04,/home/sagemaker-user/exam_proctoring_dataset/02_clips/looking_down/LD06_looking_down_take04.mp4,images/LD06_looking_down_take04/win_006_midframe_0225.jpg,correct,,
LD06_looking_down_take04.mp4,LD06_looking_down_take04,looking_down,A4,LD06,7,210,300,7,10,255,8.5,6,6,TRUE,TRUE,8,normal,normal,0.333333333,4,8,manual_clip,LD06_looking_down_take04,/home/sagemaker-user/exam_proctoring_dataset/02_clips/looking_down/LD06_looking_down_take04.mp4,images/LD06_looking_down_take04/win_007_midframe_0255.jpg,correct,,
LD06_looking_down_take05.mp4,LD06_looking_down_take05,looking_down,B1,LD06,0,0,90,0,3,45,1.5,1,1,TRUE,TRUE,8,normal,normal,0,4,8,manual_clip,LD06_looking_down_take05,/home/sagemaker-user/exam_proctoring_dataset/02_clips/looking_down/LD06_looking_down_take05.mp4,images/LD06_looking_down_take05/win_000_midframe_0045.jpg,correct,,
LD06_looking_down_take05.mp4,LD06_looking_down_take05,looking_down,B1,LD06,1,30,120,1,4,75,2.5,1,1,TRUE,TRUE,8,normal,normal,0,4,8,manual_clip,LD06_looking_down_take05,/home/sagemaker-user/exam_proctoring_dataset/02_clips/looking_down/LD06_looking_down_take05.mp4,images/LD06_looking_down_take05/win_001_midframe_0075.jpg,correct,,
LD06_looking_down_take05.mp4,LD06_looking_down_take05,looking_down,B1,LD06,2,60,150,2,5,105,3.5,1,1,TRUE,TRUE,8,normal,normal,0.333333333,4,8,manual_clip,LD06_looking_down_take05,/home/sagemaker-user/exam_proctoring_dataset/02_clips/looking_down/LD06_looking_down_take05.mp4,images/LD06_looking_down_take05/win_002_midframe_0105.jpg,correct,,
LD06_looking_down_take05.mp4,LD06_looking_down_take05,looking_down,B1,LD06,3,90,180,3,6,135,4.5,1,1,TRUE,TRUE,8,looking_down,suspicious,0.666666667,4,8,manual_clip,LD06_looking_down_take05,/home/sagemaker-user/exam_proctoring_dataset/02_clips/looking_down/LD06_looking_down_take05.mp4,images/LD06_looking_down_take05/win_003_midframe_0135.jpg,correct,,
LD06_looking_down_take05.mp4,LD06_looking_down_take05,looking_down,B1,LD06,4,120,210,4,7,165,5.5,1,1,TRUE,TRUE,8,looking_down,suspicious,1,4,8,manual_clip,LD06_looking_down_take05,/home/sagemaker-user/exam_proctoring_dataset/02_clips/looking_down/LD06_looking_down_take05.mp4,images/LD06_looking_down_take05/win_004_midframe_0165.jpg,correct,,
LD06_looking_down_take05.mp4,LD06_looking_down_take05,looking_down,B1,LD06,5,150,240,5,8,195,6.5,1,1,TRUE,TRUE,8,looking_down,suspicious,1,4,8,manual_clip,LD06_looking_down_take05,/home/sagemaker-user/exam_proctoring_dataset/02_clips/looking_down/LD06_looking_down_take05.mp4,images/LD06_looking_down_take05/win_005_midframe_0195.jpg,correct,,
LD06_looking_down_take05.mp4,LD06_looking_down_take05,looking_down,B1,LD06,6,180,270,6,9,225,7.5,1,1,TRUE,TRUE,8,looking_down,suspicious,0.666666667,4,8,manual_clip,LD06_looking_down_take05,/home/sagemaker-user/exam_proctoring_dataset/02_clips/looking_down/LD06_looking_down_take05.mp4,images/LD06_looking_down_take05/win_006_midframe_0225.jpg,correct,,
LD06_looking_down_take05.mp4,LD06_looking_down_take05,looking_down,B1,LD06,7,210,300,7,10,255,8.5,1,1,TRUE,TRUE,8,normal,normal,0.333333333,4,8,manual_clip,LD06_looking_down_take05,/home/sagemaker-user/exam_proctoring_dataset/02_clips/looking_down/LD06_looking_down_take05.mp4,images/LD06_looking_down_take05/win_007_midframe_0255.jpg,correct,,
LD06_looking_down_take06.mp4,LD06_looking_down_take06,looking_down,B2,LD06,0,0,90,0,3,45,1.5,3,3,TRUE,TRUE,8,normal,normal,0,3,9,manual_clip,LD06_looking_down_take06,/home/sagemaker-user/exam_proctoring_dataset/02_clips/looking_down/LD06_looking_down_take06.mp4,images/LD06_looking_down_take06/win_000_midframe_0045.jpg,correct,,
LD06_looking_down_take06.mp4,LD06_looking_down_take06,looking_down,B2,LD06,1,30,120,1,4,75,2.5,3,3,TRUE,TRUE,8,normal,normal,0.333333333,3,9,manual_clip,LD06_looking_down_take06,/home/sagemaker-user/exam_proctoring_dataset/02_clips/looking_down/LD06_looking_down_take06.mp4,images/LD06_looking_down_take06/win_001_midframe_0075.jpg,correct,,
LD06_looking_down_take06.mp4,LD06_looking_down_take06,looking_down,B2,LD06,2,60,150,2,5,105,3.5,3,3,TRUE,TRUE,8,looking_down,suspicious,0.666666667,3,9,manual_clip,LD06_looking_down_take06,/home/sagemaker-user/exam_proctoring_dataset/02_clips/looking_down/LD06_looking_down_take06.mp4,images/LD06_looking_down_take06/win_002_midframe_0105.jpg,correct,,
LD06_looking_down_take06.mp4,LD06_looking_down_take06,looking_down,B2,LD06,3,90,180,3,6,135,4.5,3,3,TRUE,TRUE,8,looking_down,suspicious,1,3,9,manual_clip,LD06_looking_down_take06,/home/sagemaker-user/exam_proctoring_dataset/02_clips/looking_down/LD06_looking_down_take06.mp4,images/LD06_looking_down_take06/win_003_midframe_0135.jpg,correct,,
LD06_looking_down_take06.mp4,LD06_looking_down_take06,looking_down,B2,LD06,4,120,210,4,7,165,5.5,3,3,TRUE,TRUE,8,looking_down,suspicious,1,3,9,manual_clip,LD06_looking_down_take06,/home/sagemaker-user/exam_proctoring_dataset/02_clips/looking_down/LD06_looking_down_take06.mp4,images/LD06_looking_down_take06/win_004_midframe_0165.jpg,correct,,
LD06_looking_down_take06.mp4,LD06_looking_down_take06,looking_down,B2,LD06,5,150,240,5,8,195,6.5,3,3,TRUE,TRUE,8,looking_down,suspicious,1,3,9,manual_clip,LD06_looking_down_take06,/home/sagemaker-user/exam_proctoring_dataset/02_clips/looking_down/LD06_looking_down_take06.mp4,images/LD06_looking_down_take06/win_005_midframe_0195.jpg,correct,,
LD06_looking_down_take06.mp4,LD06_looking_down_take06,looking_down,B2,LD06,6,180,270,6,9,225,7.5,3,3,TRUE,TRUE,8,looking_down,suspicious,1,3,9,manual_clip,LD06_looking_down_take06,/home/sagemaker-user/exam_proctoring_dataset/02_clips/looking_down/LD06_looking_down_take06.mp4,images/LD06_looking_down_take06/win_006_midframe_0225.jpg,correct,,
LD06_looking_down_take06.mp4,LD06_looking_down_take06,looking_down,B2,LD06,7,210,300,7,10,255,8.5,3,3,TRUE,TRUE,8,looking_down,suspicious,0.666666667,3,9,manual_clip,LD06_looking_down_take06,/home/sagemaker-user/exam_proctoring_dataset/02_clips/looking_down/LD06_looking_down_take06.mp4,images/LD06_looking_down_take06/win_007_midframe_0255.jpg,correct,,
LD06_looking_down_take07.mp4,LD06_looking_down_take07,looking_down,B3,LD06,0,0,90,0,3,45,1.5,5,5,TRUE,TRUE,8,normal,normal,0,5,9,manual_clip,LD06_looking_down_take07,/home/sagemaker-user/exam_proctoring_dataset/02_clips/looking_down/LD06_looking_down_take07.mp4,images/LD06_looking_down_take07/win_000_midframe_0045.jpg,correct,,
LD06_looking_down_take07.mp4,LD06_looking_down_take07,looking_down,B3,LD06,1,30,120,1,4,75,2.5,5,5,TRUE,TRUE,8,normal,normal,0,5,9,manual_clip,LD06_looking_down_take07,/home/sagemaker-user/exam_proctoring_dataset/02_clips/looking_down/LD06_looking_down_take07.mp4,images/LD06_looking_down_take07/win_001_midframe_0075.jpg,correct,,
LD06_looking_down_take07.mp4,LD06_looking_down_take07,looking_down,B3,LD06,2,60,150,2,5,105,3.5,5,5,TRUE,TRUE,8,normal,normal,0,5,9,manual_clip,LD06_looking_down_take07,/home/sagemaker-user/exam_proctoring_dataset/02_clips/looking_down/LD06_looking_down_take07.mp4,images/LD06_looking_down_take07/win_002_midframe_0105.jpg,correct,,
LD06_looking_down_take07.mp4,LD06_looking_down_take07,looking_down,B3,LD06,3,90,180,3,6,135,4.5,5,5,TRUE,TRUE,8,normal,normal,0.333333333,5,9,manual_clip,LD06_looking_down_take07,/home/sagemaker-user/exam_proctoring_dataset/02_clips/looking_down/LD06_looking_down_take07.mp4,images/LD06_looking_down_take07/win_003_midframe_0135.jpg,correct,,
LD06_looking_down_take07.mp4,LD06_looking_down_take07,looking_down,B3,LD06,4,120,210,4,7,165,5.5,5,5,TRUE,TRUE,8,looking_down,suspicious,0.666666667,5,9,manual_clip,LD06_looking_down_take07,/home/sagemaker-user/exam_proctoring_dataset/02_clips/looking_down/LD06_looking_down_take07.mp4,images/LD06_looking_down_take07/win_004_midframe_0165.jpg,correct,,
LD06_looking_down_take07.mp4,LD06_looking_down_take07,looking_down,B3,LD06,5,150,240,5,8,195,6.5,5,5,TRUE,TRUE,8,looking_down,suspicious,1,5,9,manual_clip,LD06_looking_down_take07,/home/sagemaker-user/exam_proctoring_dataset/02_clips/looking_down/LD06_looking_down_take07.mp4,images/LD06_looking_down_take07/win_005_midframe_0195.jpg,correct,,
LD06_looking_down_take07.mp4,LD06_looking_down_take07,looking_down,B3,LD06,6,180,270,6,9,225,7.5,5,5,TRUE,TRUE,8,looking_down,suspicious,1,5,9,manual_clip,LD06_looking_down_take07,/home/sagemaker-user/exam_proctoring_dataset/02_clips/looking_down/LD06_looking_down_take07.mp4,images/LD06_looking_down_take07/win_006_midframe_0225.jpg,correct,,
LD06_looking_down_take07.mp4,LD06_looking_down_take07,looking_down,B3,LD06,7,210,300,7,10,255,8.5,5,5,TRUE,TRUE,8,looking_down,suspicious,0.666666667,5,9,manual_clip,LD06_looking_down_take07,/home/sagemaker-user/exam_proctoring_dataset/02_clips/looking_down/LD06_looking_down_take07.mp4,images/LD06_looking_down_take07/win_007_midframe_0255.jpg,correct,,
